order_id,order_date,product_id,product_name,variant,category,supplier,sales_channel,region,payment_method,quantity,unit_price,discount_pct,gross_sales,net_sales,cost,profit,month,week,margin_pct
ORD-500001,2025-02-26,SKU-1007,Power Bank,Standard,Electronics,Nova Supply Co.,Marketplace,Bandung,E-Wallet,1,127.25,0.0,127.25,127.25,81.84,45.41,2025-02,2025-02-24/2025-03-02,0.35685658153241645
ORD-500002,2025-04-14,SKU-1002,Bluetooth Speaker,Premium,Electronics,Nova Supply Co.,Online,Jakarta,Cash,1,110.05,0.1,110.05,99.04,87.34,11.7,2025-04,2025-04-14/2025-04-20,0.11813408723747978
ORD-500003,2025-10-21,SKU-1030,Storage Box,Pro,Home & Kitchen,Urban Source Ltd.,Marketplace,Medan,Card,2,61.88,0.15,123.76,105.2,95.9,9.3,2025-10,2025-10-20/2025-10-26,0.08840304182509506
ORD-500004,2025-05-24,SKU-1010,USB-C Hub,Standard,Electronics,Peak Imports,Marketplace,Jakarta,E-Wallet,1,23.78,0.0,23.78,23.78,18.47,5.31,2025-05,2025-05-19/2025-05-25,0.22329688814129517
ORD-500005,2025-08-23,SKU-1002,Bluetooth Speaker,Premium,Electronics,Nova Supply Co.,Wholesale,Medan,E-Wallet,1,110.05,0.05,110.05,104.55,87.34,17.21,2025-08,2025-08-18/2025-08-24,0.1646102343376375
ORD-500006,2025-07-28,SKU-1056,Resistance Bands,Pro,Sports,Nova Supply Co.,Marketplace,Yogyakarta,Bank Transfer,1,37.19,0.15,37.19,31.61,21.86,9.75,2025-07,2025-07-28/2025-08-03,0.3084466940841506
ORD-500007,2025-09-09,SKU-1059,Water Bottle,Pro,Sports,Brightline Wholesale,Online,Jakarta,Card,4,21.51,0.1,86.04,77.44,69.48,7.96,2025-09,2025-09-08/2025-09-14,0.10278925619834711
ORD-500008,2025-02-06,SKU-1038,Desk Organizer,Premium,Office,Urban Source Ltd.,Online,Jakarta,Cash,2,47.71,0.0,95.42,95.42,70.06,25.36,2025-02,2025-02-03/2025-02-09,0.26577237476420035
ORD-500009,2025-10-29,SKU-1057,Water Bottle,Standard,Sports,Nova Supply Co.,Retail Store,Bandung,E-Wallet,1,33.1,0.0,33.1,33.1,18.31,14.79,2025-10,2025-10-27/2025-11-02,0.4468277945619335
ORD-500010,2025-07-15,SKU-1014,Mechanical Keyboard,Premium,Electronics,Nova Supply Co.,Online,Yogyakarta,E-Wallet,1,106.42,0.05,106.42,101.1,74.24,26.86,2025-07,2025-07-14/2025-07-20,0.26567754698318496
ORD-500011,2025-03-02,SKU-1022,Blender,Standard,Home & Kitchen,Peak Imports,Online,Jakarta,E-Wallet,1,94.62,0.0,94.62,94.62,60.77,33.85,2025-03,2025-02-24/2025-03-02,0.3577467765800042
ORD-500012,2025-06-02,SKU-1042,Face Cleanser,Premium,Beauty,Peak Imports,Online,Medan,Bank Transfer,1,31.12,0.15,31.12,26.45,25.16,1.29,2025-06,2025-06-02/2025-06-08,0.048771266540642726
ORD-500013,2025-09-02,SKU-1019,Electric Kettle,Standard,Home & Kitchen,Nova Supply Co.,Online,Jakarta,Cash,1,88.16,0.15,88.16,74.94,53.02,21.92,2025-09,2025-09-01/2025-09-07,0.29250066720042706
ORD-500014,2025-12-01,SKU-1055,Resistance Bands,Premium,Sports,Aster Distribution,Marketplace,Jakarta,Card,1,26.5,0.0,26.5,26.5,21.45,5.05,2025-12,2025-12-01/2025-12-07,0.19056603773584904
ORD-500015,2025-03-06,SKU-1042,Face Cleanser,Premium,Beauty,Peak Imports,Online,Medan,Bank Transfer,2,31.12,0.0,62.24,62.24,50.32,11.92,2025-03,2025-03-03/2025-03-09,0.19151670951156813
ORD-500016,2025-09-26,SKU-1005,Wireless Earbuds,Premium,Electronics,Aster Distribution,Online,Jakarta,E-Wallet,2,102.99,0.0,205.98,205.98,121.46,84.52,2025-09,2025-09-22/2025-09-28,0.4103311001068065
ORD-500017,2025-07-10,SKU-1062,Running Belt,Pro,Sports,Nova Supply Co.,Wholesale,Surabaya,Cash,2,33.01,0.05,66.02,62.72,39.86,22.86,2025-07,2025-07-07/2025-07-13,0.36447704081632654
ORD-500018,2025-12-08,SKU-1053,Yoga Mat,Pro,Sports,Brightline Wholesale,Retail Store,Jakarta,Bank Transfer,4,30.37,0.05,121.48,115.41,77.2,38.21,2025-12,2025-12-08/2025-12-14,0.331080495624296
ORD-500019,2025-01-19,SKU-1010,USB-C Hub,Standard,Electronics,Peak Imports,Marketplace,Surabaya,Card,1,23.78,0.05,23.78,22.59,18.47,4.12,2025-01,2025-01-13/2025-01-19,0.18238158477202301
ORD-500020,2025-02-04,SKU-1032,Notebook,Premium,Office,Brightline Wholesale,Marketplace,Jakarta,E-Wallet,2,86.3,0.1,172.6,155.34,126.96,28.38,2025-02,2025-02-03/2025-02-09,0.18269602162997295
ORD-500021,2025-07-08,SKU-1061,Running Belt,Premium,Sports,Aster Distribution,Online,Yogyakarta,Bank Transfer,1,76.7,0.0,76.7,76.7,43.71,32.99,2025-07,2025-07-07/2025-07-13,0.4301173402868318
ORD-500022,2025-06-29,SKU-1040,Office Chair,Premium,Office,Brightline Wholesale,Online,Surabaya,Card,1,159.4,0.1,159.4,143.46,111.42,32.04,2025-06,2025-06-23/2025-06-29,0.2233375156838143
ORD-500023,2025-03-18,SKU-1058,Water Bottle,Premium,Sports,Aster Distribution,Retail Store,Yogyakarta,Card,2,48.14,0.0,96.28,96.28,72.04,24.24,2025-03,2025-03-17/2025-03-23,0.25176568342334854
ORD-500024,2025-09-02,SKU-1019,Electric Kettle,Standard,Home & Kitchen,Nova Supply Co.,Marketplace,Medan,Card,1,88.16,0.0,88.16,88.16,53.02,35.14,2025-09,2025-09-01/2025-09-07,0.3985934664246824
ORD-500025,2025-02-01,SKU-1024,Blender,Pro,Home & Kitchen,Aster Distribution,Retail Store,Surabaya,Bank Transfer,2,59.17,0.05,118.34,112.42,89.92,22.5,2025-02,2025-01-27/2025-02-02,0.20014232342999466
ORD-500026,2025-12-08,SKU-1053,Yoga Mat,Pro,Sports,Brightline Wholesale,Marketplace,Jakarta,E-Wallet,1,30.37,0.2,30.37,24.3,19.3,5.0,2025-12,2025-12-08/2025-12-14,0.205761316872428
ORD-500027,2025-01-02,SKU-1007,Power Bank,Standard,Electronics,Nova Supply Co.,Online,Yogyakarta,Bank Transfer,2,127.25,0.05,254.5,241.77,163.68,78.09,2025-01,2024-12-30/2025-01-05,0.3229929271621789
ORD-500028,2025-09-19,SKU-1035,Monitor Stand,Standard,Office,Brightline Wholesale,Retail Store,Bandung,Card,2,61.43,0.0,122.86,122.86,67.4,55.46,2025-09,2025-09-15/2025-09-21,0.45140810678821425
ORD-500029,2025-02-04,SKU-1017,Air Fryer,Premium,Home & Kitchen,Peak Imports,Retail Store,Yogyakarta,Card,1,85.71,0.05,85.71,81.42,66.93,14.49,2025-02,2025-02-03/2025-02-09,0.17796610169491525
ORD-500030,2025-06-15,SKU-1060,Running Belt,Standard,Sports,Nova Supply Co.,Marketplace,Jakarta,Bank Transfer,2,84.42,0.0,168.84,168.84,96.3,72.54,2025-06,2025-06-09/2025-06-15,0.42963752665245203
ORD-500031,2025-05-23,SKU-1015,Mechanical Keyboard,Pro,Electronics,Aster Distribution,Retail Store,Jakarta,E-Wallet,2,110.43,0.0,220.86,220.86,161.78,59.08,2025-05,2025-05-19/2025-05-25,0.26749977361224303
ORD-500032,2025-12-30,SKU-1041,Face Cleanser,Standard,Beauty,Brightline Wholesale,Marketplace,Jakarta,Bank Transfer,2,40.88,0.15,81.76,69.5,52.16,17.34,2025-12,2025-12-29/2026-01-04,0.24949640287769784
ORD-500033,2025-11-12,SKU-1008,Power Bank,Premium,Electronics,Peak Imports,Online,Jakarta,E-Wallet,3,64.8,0.15,194.4,165.24,106.56,58.68,2025-11,2025-11-10/2025-11-16,0.355119825708061
ORD-500034,2025-01-11,SKU-1002,Bluetooth Speaker,Premium,Electronics,Nova Supply Co.,Marketplace,Jakarta,Card,1,110.05,0.0,110.05,110.05,87.34,22.71,2025-01,2025-01-06/2025-01-12,0.20636074511585645
ORD-500035,2025-10-27,SKU-1012,USB-C Hub,Pro,Electronics,Nova Supply Co.,Wholesale,Semarang,E-Wallet,2,66.9,0.0,133.8,133.8,92.12,41.68,2025-10,2025-10-27/2025-11-02,0.3115097159940209
ORD-500036,2025-08-10,SKU-1061,Running Belt,Premium,Sports,Aster Distribution,Marketplace,Jakarta,Card,2,76.7,0.1,153.4,138.06,87.42,50.64,2025-08,2025-08-04/2025-08-10,0.36679704476314645
ORD-500037,2025-10-27,SKU-1010,USB-C Hub,Standard,Electronics,Peak Imports,Online,Medan,Card,1,23.78,0.05,23.78,22.59,18.47,4.12,2025-10,2025-10-27/2025-11-02,0.18238158477202301
ORD-500038,2025-11-02,SKU-1036,Monitor Stand,Premium,Office,Nova Supply Co.,Online,Jakarta,E-Wallet,3,158.85,0.1,476.55,428.9,330.81,98.09,2025-11,2025-10-27/2025-11-02,0.2287013289811145
ORD-500039,2025-01-20,SKU-1044,Sunscreen,Premium,Beauty,Nova Supply Co.,Online,Yogyakarta,Bank Transfer,4,41.08,0.05,164.32,156.1,126.88,29.22,2025-01,2025-01-20/2025-01-26,0.1871877001921845
ORD-500040,2025-03-12,SKU-1036,Monitor Stand,Premium,Office,Nova Supply Co.,Online,Jakarta,E-Wallet,1,158.85,0.15,158.85,135.02,110.27,24.75,2025-03,2025-03-10/2025-03-16,0.183306176862687
ORD-500041,2025-06-17,SKU-1005,Wireless Earbuds,Premium,Electronics,Aster Distribution,Online,Jakarta,Cash,1,102.99,0.2,102.99,82.39,60.73,21.66,2025-06,2025-06-16/2025-06-22,0.26289598252215074
ORD-500042,2025-09-16,SKU-1053,Yoga Mat,Pro,Sports,Brightline Wholesale,Marketplace,Surabaya,Bank Transfer,1,30.37,0.05,30.37,28.85,19.3,9.55,2025-09,2025-09-15/2025-09-21,0.3310225303292894
ORD-500043,2025-06-12,SKU-1018,Air Fryer,Pro,Home & Kitchen,Peak Imports,Retail Store,Jakarta,Card,1,12.8,0.1,12.8,11.52,7.68,3.84,2025-06,2025-06-09/2025-06-15,0.3333333333333333
ORD-500044,2025-02-22,SKU-1061,Running Belt,Premium,Sports,Aster Distribution,Online,Surabaya,E-Wallet,1,76.7,0.05,76.7,72.86,43.71,29.15,2025-02,2025-02-17/2025-02-23,0.400082349711776
ORD-500045,2025-09-10,SKU-1007,Power Bank,Standard,Electronics,Nova Supply Co.,Marketplace,Semarang,Cash,1,127.25,0.0,127.25,127.25,81.84,45.41,2025-09,2025-09-08/2025-09-14,0.35685658153241645
ORD-500046,2025-05-28,SKU-1026,Desk Lamp,Premium,Home & Kitchen,Peak Imports,Online,Bandung,E-Wallet,1,42.39,0.05,42.39,40.27,31.28,8.99,2025-05,2025-05-26/2025-06-01,0.22324310901415445
ORD-500047,2025-12-21,SKU-1011,USB-C Hub,Premium,Electronics,Urban Source Ltd.,Retail Store,Jakarta,Card,1,116.31,0.0,116.31,116.31,63.87,52.44,2025-12,2025-12-15/2025-12-21,0.4508640701573381
ORD-500048,2025-05-31,SKU-1028,Storage Box,Standard,Home & Kitchen,Nova Supply Co.,Online,Surabaya,Card,1,55.89,0.05,55.89,53.1,33.09,20.01,2025-05,2025-05-26/2025-06-01,0.37683615819209043
ORD-500049,2025-05-09,SKU-1038,Desk Organizer,Premium,Office,Urban Source Ltd.,Online,Yogyakarta,E-Wallet,1,47.71,0.0,47.71,47.71,35.03,12.68,2025-05,2025-05-05/2025-05-11,0.26577237476420035
ORD-500050,2025-07-26,SKU-1034,Gel Pen Set,Premium,Office,Aster Distribution,Retail Store,Medan,Card,1,211.77,0.05,211.77,201.18,119.78,81.4,2025-07,2025-07-21/2025-07-27,0.40461278457103095
ORD-500051,2025-07-12,SKU-1048,Hair Dryer,Premium,Beauty,Urban Source Ltd.,Wholesale,Yogyakarta,Cash,2,35.46,0.15,70.92,60.28,39.54,20.74,2025-07,2025-07-07/2025-07-13,0.3440610484406105
ORD-500052,2025-05-12,SKU-1031,Notebook,Standard,Office,Brightline Wholesale,Retail Store,Yogyakarta,Card,2,36.9,0.0,73.8,73.8,46.12,27.68,2025-05,2025-05-12/2025-05-18,0.3750677506775068
ORD-500053,2025-07-09,SKU-1007,Power Bank,Standard,Electronics,Nova Supply Co.,Marketplace,Jakarta,E-Wallet,1,127.25,0.15,127.25,108.16,81.84,26.32,2025-07,2025-07-07/2025-07-13,0.2433431952662722
ORD-500054,2025-11-02,SKU-1015,Mechanical Keyboard,Pro,Electronics,Aster Distribution,Online,Bandung,Cash,2,110.43,0.0,220.86,220.86,161.78,59.08,2025-11,2025-10-27/2025-11-02,0.26749977361224303
ORD-500055,2025-01-25,SKU-1056,Resistance Bands,Pro,Sports,Nova Supply Co.,Online,Makassar,E-Wallet,2,37.19,0.0,74.38,74.38,43.72,30.66,2025-01,2025-01-20/2025-01-26,0.4122075826835171
ORD-500056,2025-09-29,SKU-1036,Monitor Stand,Premium,Office,Nova Supply Co.,Online,Yogyakarta,Cash,1,158.85,0.0,158.85,158.85,110.27,48.58,2025-09,2025-09-29/2025-10-05,0.3058231035568146
ORD-500057,2025-07-03,SKU-1053,Yoga Mat,Pro,Sports,Brightline Wholesale,Marketplace,Semarang,Card,1,30.37,0.1,30.37,27.33,19.3,8.03,2025-07,2025-06-30/2025-07-06,0.2938163190633004
ORD-500058,2025-12-16,SKU-1024,Blender,Pro,Home & Kitchen,Aster Distribution,Online,Yogyakarta,E-Wallet,2,59.17,0.0,118.34,118.34,89.92,28.42,2025-12,2025-12-15/2025-12-21,0.24015548419807337
ORD-500059,2025-10-04,SKU-1009,Power Bank,Pro,Electronics,Nova Supply Co.,Marketplace,Makassar,Card,2,120.75,0.2,241.5,193.2,184.86,8.34,2025-10,2025-09-29/2025-10-05,0.04316770186335404
ORD-500060,2025-07-11,SKU-1056,Resistance Bands,Pro,Sports,Nova Supply Co.,Marketplace,Surabaya,Bank Transfer,4,37.19,0.0,148.76,148.76,87.44,61.32,2025-07,2025-07-07/2025-07-13,0.4122075826835171
ORD-500061,2025-07-03,SKU-1005,Wireless Earbuds,Premium,Electronics,Aster Distribution,Online,Yogyakarta,Card,2,102.99,0.05,205.98,195.68,121.46,74.22,2025-07,2025-06-30/2025-07-06,0.3792927228127555
ORD-500062,2025-06-13,SKU-1009,Power Bank,Pro,Electronics,Nova Supply Co.,Online,Medan,Bank Transfer,1,120.75,0.15,120.75,102.64,92.43,10.21,2025-06,2025-06-09/2025-06-15,0.0994738893219018
ORD-500063,2025-12-10,SKU-1017,Air Fryer,Premium,Home & Kitchen,Peak Imports,Online,Jakarta,Bank Transfer,1,85.71,0.05,85.71,81.42,66.93,14.49,2025-12,2025-12-08/2025-12-14,0.17796610169491525
ORD-500064,2025-01-17,SKU-1012,USB-C Hub,Pro,Electronics,Nova Supply Co.,Online,Medan,E-Wallet,2,66.9,0.05,133.8,127.11,92.12,34.99,2025-01,2025-01-13/2025-01-19,0.2752733852568641
ORD-500065,2025-07-23,SKU-1053,Yoga Mat,Pro,Sports,Brightline Wholesale,Online,Medan,E-Wallet,1,30.37,0.0,30.37,30.37,19.3,11.07,2025-07,2025-07-21/2025-07-27,0.3645044451761607
ORD-500066,2025-08-25,SKU-1020,Electric Kettle,Premium,Home & Kitchen,Peak Imports,Retail Store,Jakarta,Bank Transfer,2,73.42,0.05,146.84,139.5,114.66,24.84,2025-08,2025-08-25/2025-08-31,0.17806451612903226
ORD-500067,2025-07-13,SKU-1030,Storage Box,Pro,Home & Kitchen,Urban Source Ltd.,Online,Bandung,Bank Transfer,3,61.88,0.05,185.64,176.36,143.85,32.51,2025-07,2025-07-07/2025-07-13,0.18433885234747105
ORD-500068,2025-10-08,SKU-1020,Electric Kettle,Premium,Home & Kitchen,Peak Imports,Online,Bandung,Bank Transfer,1,73.42,0.05,73.42,69.75,57.33,12.42,2025-10,2025-10-06/2025-10-12,0.17806451612903226
ORD-500069,2025-07-08,SKU-1060,Running Belt,Standard,Sports,Nova Supply Co.,Online,Surabaya,Cash,1,84.42,0.0,84.42,84.42,48.15,36.27,2025-07,2025-07-07/2025-07-13,0.42963752665245203
ORD-500070,2025-02-08,SKU-1010,USB-C Hub,Standard,Electronics,Peak Imports,Wholesale,Jakarta,Card,1,23.78,0.15,23.78,20.21,18.47,1.74,2025-02,2025-02-03/2025-02-09,0.08609599208312715
ORD-500071,2025-09-10,SKU-1035,Monitor Stand,Standard,Office,Brightline Wholesale,Online,Yogyakarta,Bank Transfer,1,61.43,0.0,61.43,61.43,33.7,27.73,2025-09,2025-09-08/2025-09-14,0.45140810678821425
ORD-500072,2025-06-13,SKU-1037,Desk Organizer,Standard,Office,Nova Supply Co.,Retail Store,Bandung,Card,4,24.82,0.05,99.28,94.32,56.32,38.0,2025-06,2025-06-09/2025-06-15,0.40288379983036476
ORD-500073,2025-11-17,SKU-1059,Water Bottle,Pro,Sports,Brightline Wholesale,Retail Store,Semarang,E-Wallet,2,21.51,0.1,43.02,38.72,34.74,3.98,2025-11,2025-11-17/2025-11-23,0.10278925619834711
ORD-500074,2025-06-24,SKU-1007,Power Bank,Standard,Electronics,Nova Supply Co.,Wholesale,Semarang,Card,2,127.25,0.05,254.5,241.77,163.68,78.09,2025-06,2025-06-23/2025-06-29,0.3229929271621789
ORD-500075,2025-08-26,SKU-1064,Dumbbell Set,Premium,Sports,Brightline Wholesale,Retail Store,Bandung,E-Wallet,4,28.95,0.0,115.8,115.8,64.6,51.2,2025-08,2025-08-25/2025-08-31,0.4421416234887738
ORD-500076,2025-07-21,SKU-1050,Makeup Brush Set,Premium,Beauty,Peak Imports,Retail Store,Jakarta,Card,1,37.2,0.0,37.2,37.2,25.93,11.27,2025-07,2025-07-21/2025-07-27,0.3029569892473118
ORD-500077,2025-04-19,SKU-1029,Storage Box,Premium,Home & Kitchen,Aster Distribution,Online,Medan,Card,4,14.45,0.05,57.8,54.91,45.92,8.99,2025-04,2025-04-14/2025-04-20,0.16372245492624296
ORD-500078,2025-01-15,SKU-1025,Desk Lamp,Standard,Home & Kitchen,Urban Source Ltd.,Marketplace,Semarang,Card,2,104.17,0.0,208.34,208.34,157.2,51.14,2025-01,2025-01-13/2025-01-19,0.2454641451473553
ORD-500079,2025-03-23,SKU-1061,Running Belt,Premium,Sports,Aster Distribution,Marketplace,Jakarta,E-Wallet,2,76.7,0.0,153.4,153.4,87.42,65.98,2025-03,2025-03-17/2025-03-23,0.4301173402868318
ORD-500080,2025-07-22,SKU-1002,Bluetooth Speaker,Premium,Electronics,Nova Supply Co.,Retail Store,Yogyakarta,Card,1,110.05,0.1,110.05,99.04,87.34,11.7,2025-07,2025-07-21/2025-07-27,0.11813408723747978
ORD-500081,2025-10-06,SKU-1057,Water Bottle,Standard,Sports,Nova Supply Co.,Online,Bandung,Card,2,33.1,0.1,66.2,59.58,36.62,22.96,2025-10,2025-10-06/2025-10-12,0.38536421617992617
ORD-500082,2025-09-18,SKU-1012,USB-C Hub,Pro,Electronics,Nova Supply Co.,Retail Store,Medan,Card,1,66.9,0.15,66.9,56.86,46.06,10.8,2025-09,2025-09-15/2025-09-21,0.18994020400984876
ORD-500083,2025-06-11,SKU-1042,Face Cleanser,Premium,Beauty,Peak Imports,Retail Store,Medan,E-Wallet,1,31.12,0.0,31.12,31.12,25.16,5.96,2025-06,2025-06-09/2025-06-15,0.19151670951156813
ORD-500084,2025-01-02,SKU-1041,Face Cleanser,Standard,Beauty,Brightline Wholesale,Online,Jakarta,Bank Transfer,1,40.88,0.15,40.88,34.75,26.08,8.67,2025-01,2024-12-30/2025-01-05,0.24949640287769784
ORD-500085,2025-07-11,SKU-1017,Air Fryer,Premium,Home & Kitchen,Peak Imports,Retail Store,Medan,Bank Transfer,1,85.71,0.0,85.71,85.71,66.93,18.78,2025-07,2025-07-07/2025-07-13,0.21911095554777743
ORD-500086,2025-05-08,SKU-1057,Water Bottle,Standard,Sports,Nova Supply Co.,Marketplace,Jakarta,Card,1,33.1,0.0,33.1,33.1,18.31,14.79,2025-05,2025-05-05/2025-05-11,0.4468277945619335
ORD-500087,2025-09-04,SKU-1055,Resistance Bands,Premium,Sports,Aster Distribution,Online,Yogyakarta,Bank Transfer,4,26.5,0.0,106.0,106.0,85.8,20.2,2025-09,2025-09-01/2025-09-07,0.19056603773584904
ORD-500088,2025-05-05,SKU-1008,Power Bank,Premium,Electronics,Peak Imports,Retail Store,Yogyakarta,Card,1,64.8,0.2,64.8,51.84,35.52,16.32,2025-05,2025-05-05/2025-05-11,0.3148148148148148
ORD-500089,2025-11-09,SKU-1024,Blender,Pro,Home & Kitchen,Aster Distribution,Online,Jakarta,Bank Transfer,3,59.17,0.0,177.51,177.51,134.88,42.63,2025-11,2025-11-03/2025-11-09,0.24015548419807337
ORD-500090,2025-09-13,SKU-1004,Wireless Earbuds,Standard,Electronics,Aster Distribution,Retail Store,Bandung,E-Wallet,1,77.45,0.0,77.45,77.45,55.47,21.98,2025-09,2025-09-08/2025-09-14,0.28379599741768885
ORD-500091,2025-04-21,SKU-1020,Electric Kettle,Premium,Home & Kitchen,Peak Imports,Online,Yogyakarta,Bank Transfer,1,73.42,0.2,73.42,58.74,57.33,1.41,2025-04,2025-04-21/2025-04-27,0.024004085801838607
ORD-500092,2025-06-15,SKU-1034,Gel Pen Set,Premium,Office,Aster Distribution,Wholesale,Yogyakarta,Bank Transfer,1,211.77,0.15,211.77,180.0,119.78,60.22,2025-06,2025-06-09/2025-06-15,0.33455555555555555
ORD-500093,2025-05-22,SKU-1059,Water Bottle,Pro,Sports,Brightline Wholesale,Online,Makassar,E-Wallet,1,21.51,0.1,21.51,19.36,17.37,1.99,2025-05,2025-05-19/2025-05-25,0.10278925619834711
ORD-500094,2025-03-27,SKU-1039,Office Chair,Standard,Office,Nova Supply Co.,Retail Store,Makassar,Bank Transfer,1,42.18,0.0,42.18,42.18,24.47,17.71,2025-03,2025-03-24/2025-03-30,0.41986723565670936
ORD-500095,2025-04-20,SKU-1057,Water Bottle,Standard,Sports,Nova Supply Co.,Retail Store,Jakarta,Bank Transfer,1,33.1,0.05,33.1,31.44,18.31,13.13,2025-04,2025-04-14/2025-04-20,0.4176208651399491
ORD-500096,2025-04-28,SKU-1053,Yoga Mat,Pro,Sports,Brightline Wholesale,Online,Yogyakarta,Bank Transfer,1,30.37,0.05,30.37,28.85,19.3,9.55,2025-04,2025-04-28/2025-05-04,0.3310225303292894
ORD-500097,2025-12-13,SKU-1056,Resistance Bands,Pro,Sports,Nova Supply Co.,Online,Yogyakarta,E-Wallet,3,37.19,0.0,111.57,111.57,65.58,45.99,2025-12,2025-12-08/2025-12-14,0.4122075826835171
ORD-500098,2025-12-30,SKU-1006,Wireless Earbuds,Pro,Electronics,Aster Distribution,Online,Makassar,Card,1,48.0,0.05,48.0,45.6,31.91,13.69,2025-12,2025-12-29/2026-01-04,0.300219298245614
ORD-500099,2025-12-08,SKU-1063,Dumbbell Set,Standard,Sports,Urban Source Ltd.,Online,Jakarta,E-Wallet,2,37.4,0.0,74.8,74.8,59.36,15.44,2025-12,2025-12-08/2025-12-14,0.20641711229946524
ORD-500100,2025-06-08,SKU-1026,Desk Lamp,Premium,Home & Kitchen,Peak Imports,Retail Store,Yogyakarta,Card,1,42.39,0.0,42.39,42.39,31.28,11.11,2025-06,2025-06-02/2025-06-08,0.2620901155933003
ORD-500101,2025-01-18,SKU-1024,Blender,Pro,Home & Kitchen,Aster Distribution,Marketplace,Bandung,Cash,1,59.17,0.1,59.17,53.25,44.96,8.29,2025-01,2025-01-13/2025-01-19,0.15568075117370891
ORD-500102,2025-01-19,SKU-1018,Air Fryer,Pro,Home & Kitchen,Peak Imports,Marketplace,Yogyakarta,Card,1,12.8,0.0,12.8,12.8,7.68,5.12,2025-01,2025-01-13/2025-01-19,0.39999999999999997
ORD-500103,2025-02-25,SKU-1057,Water Bottle,Standard,Sports,Nova Supply Co.,Wholesale,Jakarta,Cash,1,33.1,0.05,33.1,31.44,18.31,13.13,2025-02,2025-02-24/2025-03-02,0.4176208651399491
ORD-500104,2025-01-01,SKU-1019,Electric Kettle,Standard,Home & Kitchen,Nova Supply Co.,Online,Jakarta,E-Wallet,1,88.16,0.1,88.16,79.34,53.02,26.32,2025-01,2024-12-30/2025-01-05,0.3317368288379128
ORD-500105,2025-06-20,SKU-1019,Electric Kettle,Standard,Home & Kitchen,Nova Supply Co.,Marketplace,Bandung,E-Wallet,1,88.16,0.05,88.16,83.75,53.02,30.73,2025-06,2025-06-16/2025-06-22,0.3669253731343284
ORD-500106,2025-11-04,SKU-1012,USB-C Hub,Pro,Electronics,Nova Supply Co.,Marketplace,Bandung,E-Wallet,1,66.9,0.0,66.9,66.9,46.06,20.84,2025-11,2025-11-03/2025-11-09,0.3115097159940209
ORD-500107,2025-06-30,SKU-1009,Power Bank,Pro,Electronics,Nova Supply Co.,Online,Semarang,Card,1,120.75,0.0,120.75,120.75,92.43,28.32,2025-06,2025-06-30/2025-07-06,0.23453416149068324
ORD-500108,2025-06-18,SKU-1001,Bluetooth Speaker,Standard,Electronics,Nova Supply Co.,Retail Store,Surabaya,Bank Transfer,1,120.16,0.0,120.16,120.16,83.77,36.39,2025-06,2025-06-16/2025-06-22,0.3028462050599201
ORD-500109,2025-02-26,SKU-1012,USB-C Hub,Pro,Electronics,Nova Supply Co.,Retail Store,Semarang,E-Wallet,1,66.9,0.05,66.9,63.56,46.06,17.5,2025-02,2025-02-24/2025-03-02,0.2753303964757709
ORD-500110,2025-02-10,SKU-1001,Bluetooth Speaker,Standard,Electronics,Nova Supply Co.,Online,Semarang,E-Wallet,2,120.16,0.05,240.32,228.3,167.54,60.76,2025-02,2025-02-10/2025-02-16,0.26614104248795445
ORD-500111,2025-06-17,SKU-1057,Water Bottle,Standard,Sports,Nova Supply Co.,Online,Yogyakarta,Bank Transfer,1,33.1,0.15,33.1,28.14,18.31,9.83,2025-06,2025-06-16/2025-06-22,0.34932480454868514
ORD-500112,2025-03-01,SKU-1036,Monitor Stand,Premium,Office,Nova Supply Co.,Online,Bandung,E-Wallet,4,158.85,0.0,635.4,635.4,441.08,194.32,2025-03,2025-02-24/2025-03-02,0.3058231035568146
ORD-500113,2025-09-25,SKU-1054,Resistance Bands,Standard,Sports,Peak Imports,Online,Bandung,Card,1,67.42,0.0,67.42,67.42,53.25,14.17,2025-09,2025-09-22/2025-09-28,0.21017502224859091
ORD-500114,2025-10-24,SKU-1019,Electric Kettle,Standard,Home & Kitchen,Nova Supply Co.,Online,Yogyakarta,Bank Transfer,1,88.16,0.0,88.16,88.16,53.02,35.14,2025-10,2025-10-20/2025-10-26,0.3985934664246824
ORD-500115,2025-09-26,SKU-1009,Power Bank,Pro,Electronics,Nova Supply Co.,Retail Store,Medan,Card,2,120.75,0.1,241.5,217.35,184.86,32.49,2025-09,2025-09-22/2025-09-28,0.1494824016563147
ORD-500116,2025-05-07,SKU-1019,Electric Kettle,Standard,Home & Kitchen,Nova Supply Co.,Marketplace,Jakarta,Card,2,88.16,0.05,176.32,167.5,106.04,61.46,2025-05,2025-05-05/2025-05-11,0.3669253731343284
ORD-500117,2025-03-28,SKU-1042,Face Cleanser,Premium,Beauty,Peak Imports,Online,Medan,E-Wallet,1,31.12,0.05,31.12,29.56,25.16,4.4,2025-03,2025-03-24/2025-03-30,0.14884979702300408
ORD-500118,2025-02-15,SKU-1001,Bluetooth Speaker,Standard,Electronics,Nova Supply Co.,Marketplace,Surabaya,Card,1,120.16,0.2,120.16,96.13,83.77,12.36,2025-02,2025-02-10/2025-02-16,0.12857588681993135
ORD-500119,2025-07-30,SKU-1058,Water Bottle,Premium,Sports,Aster Distribution,Marketplace,Yogyakarta,Bank Transfer,2,48.14,0.05,96.28,91.47,72.04,19.43,2025-07,2025-07-28/2025-08-03,0.2124193724718487
ORD-500120,2025-08-02,SKU-1014,Mechanical Keyboard,Premium,Electronics,Nova Supply Co.,Online,Jakarta,E-Wallet,1,106.42,0.05,106.42,101.1,74.24,26.86,2025-08,2025-07-28/2025-08-03,0.26567754698318496
ORD-500121,2025-02-18,SKU-1056,Resistance Bands,Pro,Sports,Nova Supply Co.,Marketplace,Bandung,Bank Transfer,1,37.19,0.05,37.19,35.33,21.86,13.47,2025-02,2025-02-17/2025-02-23,0.38126238324370226
ORD-500122,2025-04-18,SKU-1057,Water Bottle,Standard,Sports,Nova Supply Co.,Retail Store,Semarang,Card,1,33.1,0.05,33.1,31.44,18.31,13.13,2025-04,2025-04-14/2025-04-20,0.4176208651399491
ORD-500123,2025-03-09,SKU-1042,Face Cleanser,Premium,Beauty,Peak Imports,Online,Jakarta,Card,2,31.12,0.05,62.24,59.13,50.32,8.81,2025-03,2025-03-03/2025-03-09,0.14899374260104853
ORD-500124,2025-07-22,SKU-1064,Dumbbell Set,Premium,Sports,Brightline Wholesale,Marketplace,Yogyakarta,Card,1,28.95,0.05,28.95,27.5,16.15,11.35,2025-07,2025-07-21/2025-07-27,0.4127272727272727
ORD-500125,2025-12-11,SKU-1031,Notebook,Standard,Office,Brightline Wholesale,Online,Medan,Card,2,36.9,0.15,73.8,62.73,46.12,16.61,2025-12,2025-12-08/2025-12-14,0.26478558903236094
ORD-500126,2025-01-05,SKU-1042,Face Cleanser,Premium,Beauty,Peak Imports,Marketplace,Surabaya,Card,1,31.12,0.2,31.12,24.9,25.16,-0.26,2025-01,2024-12-30/2025-01-05,-0.010441767068273093
ORD-500127,2025-04-07,SKU-1057,Water Bottle,Standard,Sports,Nova Supply Co.,Marketplace,Jakarta,Bank Transfer,3,33.1,0.0,99.3,99.3,54.93,44.37,2025-04,2025-04-07/2025-04-13,0.4468277945619335
ORD-500128,2025-03-07,SKU-1048,Hair Dryer,Premium,Beauty,Urban Source Ltd.,Retail Store,Jakarta,E-Wallet,2,35.46,0.0,70.92,70.92,39.54,31.38,2025-03,2025-03-03/2025-03-09,0.44247038917089676
ORD-500129,2025-05-31,SKU-1048,Hair Dryer,Premium,Beauty,Urban Source Ltd.,Online,Yogyakarta,E-Wallet,2,35.46,0.05,70.92,67.37,39.54,27.83,2025-05,2025-05-26/2025-06-01,0.413091880659047
ORD-500130,2025-07-08,SKU-1059,Water Bottle,Pro,Sports,Brightline Wholesale,Online,Jakarta,Bank Transfer,2,21.51,0.1,43.02,38.72,34.74,3.98,2025-07,2025-07-07/2025-07-13,0.10278925619834711
ORD-500131,2025-07-03,SKU-1049,Makeup Brush Set,Standard,Beauty,Nova Supply Co.,Online,Makassar,E-Wallet,1,34.46,0.2,34.46,27.57,25.68,1.89,2025-07,2025-06-30/2025-07-06,0.06855277475516866
ORD-500132,2025-02-06,SKU-1046,Moisturizer,Premium,Beauty,Peak Imports,Wholesale,Medan,Cash,2,8.32,0.0,16.64,16.64,9.18,7.46,2025-02,2025-02-03/2025-02-09,0.44831730769230765
ORD-500133,2025-08-17,SKU-1035,Monitor Stand,Standard,Office,Brightline Wholesale,Retail Store,Medan,Bank Transfer,1,61.43,0.05,61.43,58.36,33.7,24.66,2025-08,2025-08-11/2025-08-17,0.42254969156956823
ORD-500134,2025-04-27,SKU-1027,Desk Lamp,Pro,Home & Kitchen,Brightline Wholesale,Marketplace,Yogyakarta,E-Wallet,1,72.16,0.0,72.16,72.16,43.33,28.83,2025-04,2025-04-21/2025-04-27,0.3995288248337029
ORD-500135,2025-05-13,SKU-1009,Power Bank,Pro,Electronics,Nova Supply Co.,Retail Store,Makassar,E-Wallet,2,120.75,0.0,241.5,241.5,184.86,56.64,2025-05,2025-05-12/2025-05-18,0.23453416149068324
ORD-500136,2025-05-24,SKU-1012,USB-C Hub,Pro,Electronics,Nova Supply Co.,Online,Jakarta,E-Wallet,1,66.9,0.1,66.9,60.21,46.06,14.15,2025-05,2025-05-19/2025-05-25,0.23501079554891213
ORD-500137,2025-08-02,SKU-1010,USB-C Hub,Standard,Electronics,Peak Imports,Retail Store,Surabaya,E-Wallet,1,23.78,0.05,23.78,22.59,18.47,4.12,2025-08,2025-07-28/2025-08-03,0.18238158477202301
ORD-500138,2025-11-18,SKU-1014,Mechanical Keyboard,Premium,Electronics,Nova Supply Co.,Online,Jakarta,Card,1,106.42,0.2,106.42,85.14,74.24,10.9,2025-11,2025-11-17/2025-11-23,0.12802443035001174
ORD-500139,2025-03-31,SKU-1006,Wireless Earbuds,Pro,Electronics,Aster Distribution,Online,Bandung,E-Wallet,1,48.0,0.0,48.0,48.0,31.91,16.09,2025-03,2025-03-31/2025-04-06,0.33520833333333333
ORD-500140,2025-08-27,SKU-1057,Water Bottle,Standard,Sports,Nova Supply Co.,Online,Jakarta,Bank Transfer,3,33.1,0.2,99.3,79.44,54.93,24.51,2025-08,2025-08-25/2025-08-31,0.308534743202417
ORD-500141,2025-08-13,SKU-1004,Wireless Earbuds,Standard,Electronics,Aster Distribution,Marketplace,Jakarta,E-Wallet,1,77.45,0.0,77.45,77.45,55.47,21.98,2025-08,2025-08-11/2025-08-17,0.28379599741768885
ORD-500142,2025-12-25,SKU-1005,Wireless Earbuds,Premium,Electronics,Aster Distribution,Marketplace,Surabaya,Card,2,102.99,0.05,205.98,195.68,121.46,74.22,2025-12,2025-12-22/2025-12-28,0.3792927228127555
ORD-500143,2025-07-10,SKU-1009,Power Bank,Pro,Electronics,Nova Supply Co.,Online,Yogyakarta,E-Wallet,2,120.75,0.05,241.5,229.42,184.86,44.56,2025-07,2025-07-07/2025-07-13,0.19422892511550868
ORD-500144,2025-03-02,SKU-1017,Air Fryer,Premium,Home & Kitchen,Peak Imports,Marketplace,Yogyakarta,Bank Transfer,1,85.71,0.0,85.71,85.71,66.93,18.78,2025-03,2025-02-24/2025-03-02,0.21911095554777743
ORD-500145,2025-02-10,SKU-1011,USB-C Hub,Premium,Electronics,Urban Source Ltd.,Online,Jakarta,E-Wallet,3,116.31,0.0,348.93,348.93,191.61,157.32,2025-02,2025-02-10/2025-02-16,0.4508640701573381
ORD-500146,2025-10-05,SKU-1006,Wireless Earbuds,Pro,Electronics,Aster Distribution,Retail Store,Yogyakarta,Cash,1,48.0,0.15,48.0,40.8,31.91,8.89,2025-10,2025-09-29/2025-10-05,0.21789215686274513
ORD-500147,2025-08-14,SKU-1026,Desk Lamp,Premium,Home & Kitchen,Peak Imports,Online,Makassar,E-Wallet,1,42.39,0.1,42.39,38.15,31.28,6.87,2025-08,2025-08-11/2025-08-17,0.1800786369593709
ORD-500148,2025-03-07,SKU-1057,Water Bottle,Standard,Sports,Nova Supply Co.,Marketplace,Jakarta,Card,1,33.1,0.05,33.1,31.44,18.31,13.13,2025-03,2025-03-03/2025-03-09,0.4176208651399491
ORD-500149,2025-09-20,SKU-1009,Power Bank,Pro,Electronics,Nova Supply Co.,Online,Jakarta,E-Wallet,3,120.75,0.15,362.25,307.91,277.29,30.62,2025-09,2025-09-15/2025-09-21,0.09944464291513753
ORD-500150,2025-04-01,SKU-1031,Notebook,Standard,Office,Brightline Wholesale,Marketplace,Bandung,Card,1,36.9,0.05,36.9,35.06,23.06,12.0,2025-04,2025-03-31/2025-04-06,0.34227039361095263
ORD-500151,2025-05-24,SKU-1008,Power Bank,Premium,Electronics,Peak Imports,Marketplace,Jakarta,E-Wallet,1,64.8,0.2,64.8,51.84,35.52,16.32,2025-05,2025-05-19/2025-05-25,0.3148148148148148
ORD-500152,2025-07-15,SKU-1062,Running Belt,Pro,Sports,Nova Supply Co.,Online,Bandung,E-Wallet,1,33.01,0.05,33.01,31.36,19.93,11.43,2025-07,2025-07-14/2025-07-20,0.36447704081632654
ORD-500153,2025-12-17,SKU-1002,Bluetooth Speaker,Premium,Electronics,Nova Supply Co.,Online,Semarang,Card,1,110.05,0.0,110.05,110.05,87.34,22.71,2025-12,2025-12-15/2025-12-21,0.20636074511585645
ORD-500154,2025-03-17,SKU-1027,Desk Lamp,Pro,Home & Kitchen,Brightline Wholesale,Marketplace,Jakarta,E-Wallet,1,72.16,0.05,72.16,68.55,43.33,25.22,2025-03,2025-03-17/2025-03-23,0.3679066374908826
ORD-500155,2025-08-30,SKU-1056,Resistance Bands,Pro,Sports,Nova Supply Co.,Online,Bandung,Bank Transfer,2,37.19,0.05,74.38,70.66,43.72,26.94,2025-08,2025-08-25/2025-08-31,0.38126238324370226
ORD-500156,2025-03-10,SKU-1060,Running Belt,Standard,Sports,Nova Supply Co.,Online,Makassar,Bank Transfer,1,84.42,0.0,84.42,84.42,48.15,36.27,2025-03,2025-03-10/2025-03-16,0.42963752665245203
ORD-500157,2025-12-07,SKU-1036,Monitor Stand,Premium,Office,Nova Supply Co.,Online,Jakarta,Card,2,158.85,0.0,317.7,317.7,220.54,97.16,2025-12,2025-12-01/2025-12-07,0.3058231035568146
ORD-500158,2025-05-05,SKU-1026,Desk Lamp,Premium,Home & Kitchen,Peak Imports,Marketplace,Yogyakarta,E-Wallet,1,42.39,0.0,42.39,42.39,31.28,11.11,2025-05,2025-05-05/2025-05-11,0.2620901155933003
ORD-500159,2025-07-21,SKU-1003,Bluetooth Speaker,Pro,Electronics,Brightline Wholesale,Marketplace,Makassar,E-Wallet,1,118.47,0.0,118.47,118.47,71.07,47.4,2025-07,2025-07-21/2025-07-27,0.40010129146619394
ORD-500160,2025-12-29,SKU-1036,Monitor Stand,Premium,Office,Nova Supply Co.,Retail Store,Yogyakarta,Card,1,158.85,0.0,158.85,158.85,110.27,48.58,2025-12,2025-12-29/2026-01-04,0.3058231035568146
ORD-500161,2025-06-01,SKU-1040,Office Chair,Premium,Office,Brightline Wholesale,Online,Jakarta,Card,1,159.4,0.05,159.4,151.43,111.42,40.01,2025-06,2025-05-26/2025-06-01,0.2642144885425609
ORD-500162,2025-09-23,SKU-1020,Electric Kettle,Premium,Home & Kitchen,Peak Imports,Marketplace,Medan,Card,1,73.42,0.1,73.42,66.08,57.33,8.75,2025-09,2025-09-22/2025-09-28,0.13241525423728814
ORD-500163,2025-12-26,SKU-1026,Desk Lamp,Premium,Home & Kitchen,Peak Imports,Marketplace,Makassar,Card,2,42.39,0.2,84.78,67.82,62.56,5.26,2025-12,2025-12-22/2025-12-28,0.07755824240636981
ORD-500164,2025-11-05,SKU-1040,Office Chair,Premium,Office,Brightline Wholesale,Marketplace,Makassar,Card,1,159.4,0.0,159.4,159.4,111.42,47.98,2025-11,2025-11-03/2025-11-09,0.30100376411543284
ORD-500165,2025-09-26,SKU-1035,Monitor Stand,Standard,Office,Brightline Wholesale,Retail Store,Yogyakarta,Card,2,61.43,0.05,122.86,116.72,67.4,49.32,2025-09,2025-09-22/2025-09-28,0.42254969156956823
ORD-500166,2025-09-27,SKU-1025,Desk Lamp,Standard,Home & Kitchen,Urban Source Ltd.,Online,Bandung,Bank Transfer,1,104.17,0.0,104.17,104.17,78.6,25.57,2025-09,2025-09-22/2025-09-28,0.2454641451473553
ORD-500167,2025-09-12,SKU-1007,Power Bank,Standard,Electronics,Nova Supply Co.,Wholesale,Bandung,Bank Transfer,1,127.25,0.1,127.25,114.52,81.84,32.68,2025-09,2025-09-08/2025-09-14,0.2853650017464198
ORD-500168,2025-05-29,SKU-1040,Office Chair,Premium,Office,Brightline Wholesale,Online,Semarang,E-Wallet,1,159.4,0.0,159.4,159.4,111.42,47.98,2025-05,2025-05-26/2025-06-01,0.30100376411543284
ORD-500169,2025-10-21,SKU-1057,Water Bottle,Standard,Sports,Nova Supply Co.,Online,Makassar,Bank Transfer,1,33.1,0.1,33.1,29.79,18.31,11.48,2025-10,2025-10-20/2025-10-26,0.38536421617992617
ORD-500170,2025-03-14,SKU-1015,Mechanical Keyboard,Pro,Electronics,Aster Distribution,Marketplace,Jakarta,Cash,1,110.43,0.0,110.43,110.43,80.89,29.54,2025-03,2025-03-10/2025-03-16,0.26749977361224303
ORD-500171,2025-04-13,SKU-1010,USB-C Hub,Standard,Electronics,Peak Imports,Retail Store,Bandung,E-Wallet,1,23.78,0.1,23.78,21.4,18.47,2.93,2025-04,2025-04-07/2025-04-13,0.1369158878504673
ORD-500172,2025-09-04,SKU-1036,Monitor Stand,Premium,Office,Nova Supply Co.,Online,Surabaya,E-Wallet,1,158.85,0.05,158.85,150.91,110.27,40.64,2025-09,2025-09-01/2025-09-07,0.26929958253263536
ORD-500173,2025-01-24,SKU-1024,Blender,Pro,Home & Kitchen,Aster Distribution,Retail Store,Yogyakarta,Card,2,59.17,0.0,118.34,118.34,89.92,28.42,2025-01,2025-01-20/2025-01-26,0.24015548419807337
ORD-500174,2025-04-27,SKU-1057,Water Bottle,Standard,Sports,Nova Supply Co.,Wholesale,Medan,Bank Transfer,1,33.1,0.05,33.1,31.44,18.31,13.13,2025-04,2025-04-21/2025-04-27,0.4176208651399491
ORD-500175,2025-03-06,SKU-1019,Electric Kettle,Standard,Home & Kitchen,Nova Supply Co.,Marketplace,Surabaya,Bank Transfer,1,88.16,0.05,88.16,83.75,53.02,30.73,2025-03,2025-03-03/2025-03-09,0.3669253731343284
ORD-500176,2025-12-08,SKU-1019,Electric Kettle,Standard,Home & Kitchen,Nova Supply Co.,Wholesale,Bandung,Bank Transfer,1,88.16,0.15,88.16,74.94,53.02,21.92,2025-12,2025-12-08/2025-12-14,0.29250066720042706
ORD-500177,2025-04-26,SKU-1050,Makeup Brush Set,Premium,Beauty,Peak Imports,Marketplace,Surabaya,E-Wallet,2,37.2,0.1,74.4,66.96,51.86,15.1,2025-04,2025-04-21/2025-04-27,0.22550776583034648
ORD-500178,2025-11-04,SKU-1027,Desk Lamp,Pro,Home & Kitchen,Brightline Wholesale,Marketplace,Jakarta,Bank Transfer,1,72.16,0.0,72.16,72.16,43.33,28.83,2025-11,2025-11-03/2025-11-09,0.3995288248337029
ORD-500179,2025-04-22,SKU-1025,Desk Lamp,Standard,Home & Kitchen,Urban Source Ltd.,Retail Store,Jakarta,Bank Transfer,1,104.17,0.1,104.17,93.75,78.6,15.15,2025-04,2025-04-21/2025-04-27,0.1616
ORD-500180,2025-04-05,SKU-1009,Power Bank,Pro,Electronics,Nova Supply Co.,Online,Surabaya,E-Wallet,1,120.75,0.0,120.75,120.75,92.43,28.32,2025-04,2025-03-31/2025-04-06,0.23453416149068324
ORD-500181,2025-06-15,SKU-1008,Power Bank,Premium,Electronics,Peak Imports,Online,Jakarta,Bank Transfer,2,64.8,0.0,129.6,129.6,71.04,58.56,2025-06,2025-06-09/2025-06-15,0.4518518518518519
ORD-500182,2025-10-19,SKU-1065,Dumbbell Set,Pro,Sports,Urban Source Ltd.,Online,Jakarta,Bank Transfer,1,18.33,0.0,18.33,18.33,10.76,7.57,2025-10,2025-10-13/2025-10-19,0.4129841789416258
ORD-500183,2025-01-10,SKU-1061,Running Belt,Premium,Sports,Aster Distribution,Online,Yogyakarta,Bank Transfer,4,76.7,0.0,306.8,306.8,174.84,131.96,2025-01,2025-01-06/2025-01-12,0.4301173402868318
ORD-500184,2025-06-04,SKU-1053,Yoga Mat,Pro,Sports,Brightline Wholesale,Online,Jakarta,Cash,1,30.37,0.15,30.37,25.81,19.3,6.51,2025-06,2025-06-02/2025-06-08,0.2522278186749322
ORD-500185,2025-03-23,SKU-1056,Resistance Bands,Pro,Sports,Nova Supply Co.,Online,Semarang,E-Wallet,1,37.19,0.0,37.19,37.19,21.86,15.33,2025-03,2025-03-17/2025-03-23,0.4122075826835171
ORD-500186,2025-08-31,SKU-1030,Storage Box,Pro,Home & Kitchen,Urban Source Ltd.,Retail Store,Semarang,E-Wallet,2,61.88,0.1,123.76,111.38,95.9,15.48,2025-08,2025-08-25/2025-08-31,0.13898365954390376
ORD-500187,2025-01-01,SKU-1031,Notebook,Standard,Office,Brightline Wholesale,Marketplace,Makassar,Card,1,36.9,0.1,36.9,33.21,23.06,10.15,2025-01,2024-12-30/2025-01-05,0.30563083408611863
ORD-500188,2025-12-29,SKU-1019,Electric Kettle,Standard,Home & Kitchen,Nova Supply Co.,Online,Semarang,Card,1,88.16,0.0,88.16,88.16,53.02,35.14,2025-12,2025-12-29/2026-01-04,0.3985934664246824
ORD-500189,2025-05-15,SKU-1053,Yoga Mat,Pro,Sports,Brightline Wholesale,Marketplace,Surabaya,E-Wallet,2,30.37,0.1,60.74,54.67,38.6,16.07,2025-05,2025-05-12/2025-05-18,0.2939454911285897
ORD-500190,2025-09-03,SKU-1019,Electric Kettle,Standard,Home & Kitchen,Nova Supply Co.,Online,Makassar,E-Wallet,2,88.16,0.1,176.32,158.69,106.04,52.65,2025-09,2025-09-01/2025-09-07,0.33177894007183817
ORD-500191,2025-03-03,SKU-1008,Power Bank,Premium,Electronics,Peak Imports,Marketplace,Bandung,Card,2,64.8,0.0,129.6,129.6,71.04,58.56,2025-03,2025-03-03/2025-03-09,0.4518518518518519
ORD-500192,2025-06-29,SKU-1033,Gel Pen Set,Standard,Office,Aster Distribution,Online,Jakarta,Card,1,82.15,0.0,82.15,82.15,65.35,16.8,2025-06,2025-06-23/2025-06-29,0.20450395617772368
ORD-500193,2025-03-24,SKU-1053,Yoga Mat,Pro,Sports,Brightline Wholesale,Marketplace,Makassar,Card,1,30.37,0.1,30.37,27.33,19.3,8.03,2025-03,2025-03-24/2025-03-30,0.2938163190633004
ORD-500194,2025-01-01,SKU-1009,Power Bank,Pro,Electronics,Nova Supply Co.,Online,Surabaya,Bank Transfer,1,120.75,0.15,120.75,102.64,92.43,10.21,2025-01,2024-12-30/2025-01-05,0.0994738893219018
ORD-500195,2025-04-08,SKU-1056,Resistance Bands,Pro,Sports,Nova Supply Co.,Wholesale,Surabaya,Card,1,37.19,0.0,37.19,37.19,21.86,15.33,2025-04,2025-04-07/2025-04-13,0.4122075826835171
ORD-500196,2025-10-28,SKU-1014,Mechanical Keyboard,Premium,Electronics,Nova Supply Co.,Online,Jakarta,Card,2,106.42,0.05,212.84,202.2,148.48,53.72,2025-10,2025-10-27/2025-11-02,0.26567754698318496
ORD-500197,2025-07-16,SKU-1022,Blender,Standard,Home & Kitchen,Peak Imports,Online,Jakarta,E-Wallet,1,94.62,0.0,94.62,94.62,60.77,33.85,2025-07,2025-07-14/2025-07-20,0.3577467765800042
ORD-500198,2025-10-01,SKU-1007,Power Bank,Standard,Electronics,Nova Supply Co.,Online,Yogyakarta,E-Wallet,1,127.25,0.0,127.25,127.25,81.84,45.41,2025-10,2025-09-29/2025-10-05,0.35685658153241645
ORD-500199,2025-03-01,SKU-1024,Blender,Pro,Home & Kitchen,Aster Distribution,Marketplace,Jakarta,Bank Transfer,4,59.17,0.0,236.68,236.68,179.84,56.84,2025-03,2025-02-24/2025-03-02,0.24015548419807337
ORD-500200,2025-03-06,SKU-1026,Desk Lamp,Premium,Home & Kitchen,Peak Imports,Marketplace,Yogyakarta,E-Wallet,1,42.39,0.15,42.39,36.03,31.28,4.75,2025-03,2025-03-03/2025-03-09,0.131834582292534
ORD-500201,2025-12-14,SKU-1010,USB-C Hub,Standard,Electronics,Peak Imports,Marketplace,Surabaya,Card,1,23.78,0.0,23.78,23.78,18.47,5.31,2025-12,2025-12-08/2025-12-14,0.22329688814129517
ORD-500202,2025-12-23,SKU-1035,Monitor Stand,Standard,Office,Brightline Wholesale,Online,Yogyakarta,E-Wallet,1,61.43,0.1,61.43,55.29,33.7,21.59,2025-12,2025-12-22/2025-12-28,0.3904865255923313
ORD-500203,2025-06-19,SKU-1036,Monitor Stand,Premium,Office,Nova Supply Co.,Retail Store,Bandung,Card,1,158.85,0.0,158.85,158.85,110.27,48.58,2025-06,2025-06-16/2025-06-22,0.3058231035568146
ORD-500204,2025-01-10,SKU-1052,Yoga Mat,Premium,Sports,Peak Imports,Marketplace,Jakarta,Card,2,51.11,0.05,102.22,97.11,80.72,16.39,2025-01,2025-01-06/2025-01-12,0.1687776748017712
ORD-500205,2025-02-27,SKU-1032,Notebook,Premium,Office,Brightline Wholesale,Marketplace,Bandung,Cash,1,86.3,0.05,86.3,81.98,63.48,18.5,2025-02,2025-02-24/2025-03-02,0.22566479629177846
ORD-500206,2025-05-21,SKU-1004,Wireless Earbuds,Standard,Electronics,Aster Distribution,Online,Makassar,E-Wallet,1,77.45,0.0,77.45,77.45,55.47,21.98,2025-05,2025-05-19/2025-05-25,0.28379599741768885
ORD-500207,2025-08-07,SKU-1010,USB-C Hub,Standard,Electronics,Peak Imports,Retail Store,Jakarta,E-Wallet,2,23.78,0.05,47.56,45.18,36.94,8.24,2025-08,2025-08-04/2025-08-10,0.18238158477202301
ORD-500208,2025-11-23,SKU-1061,Running Belt,Premium,Sports,Aster Distribution,Online,Surabaya,Bank Transfer,2,76.7,0.05,153.4,145.73,87.42,58.31,2025-11,2025-11-17/2025-11-23,0.40012351609140195
ORD-500209,2025-06-19,SKU-1011,USB-C Hub,Premium,Electronics,Urban Source Ltd.,Wholesale,Bandung,E-Wallet,1,116.31,0.0,116.31,116.31,63.87,52.44,2025-06,2025-06-16/2025-06-22,0.4508640701573381
ORD-500210,2025-03-13,SKU-1010,USB-C Hub,Standard,Electronics,Peak Imports,Marketplace,Makassar,Cash,1,23.78,0.15,23.78,20.21,18.47,1.74,2025-03,2025-03-10/2025-03-16,0.08609599208312715
ORD-500211,2025-03-07,SKU-1003,Bluetooth Speaker,Pro,Electronics,Brightline Wholesale,Online,Jakarta,E-Wallet,1,118.47,0.0,118.47,118.47,71.07,47.4,2025-03,2025-03-03/2025-03-09,0.40010129146619394
ORD-500212,2025-04-27,SKU-1010,USB-C Hub,Standard,Electronics,Peak Imports,Online,Jakarta,Card,2,23.78,0.15,47.56,40.43,36.94,3.49,2025-04,2025-04-21/2025-04-27,0.08632203809052684
ORD-500213,2025-09-13,SKU-1007,Power Bank,Standard,Electronics,Nova Supply Co.,Online,Surabaya,E-Wallet,1,127.25,0.0,127.25,127.25,81.84,45.41,2025-09,2025-09-08/2025-09-14,0.35685658153241645
ORD-500214,2025-02-06,SKU-1051,Yoga Mat,Standard,Sports,Brightline Wholesale,Online,Jakarta,Bank Transfer,2,71.8,0.05,143.6,136.42,81.72,54.7,2025-02,2025-02-03/2025-02-09,0.40096760005864246
ORD-500215,2025-02-22,SKU-1024,Blender,Pro,Home & Kitchen,Aster Distribution,Marketplace,Surabaya,Bank Transfer,1,59.17,0.15,59.17,50.29,44.96,5.33,2025-02,2025-02-17/2025-02-23,0.10598528534499901
ORD-500216,2025-12-30,SKU-1055,Resistance Bands,Premium,Sports,Aster Distribution,Retail Store,Makassar,E-Wallet,1,26.5,0.05,26.5,25.17,21.45,3.72,2025-12,2025-12-29/2026-01-04,0.14779499404052443
ORD-500217,2025-07-13,SKU-1023,Blender,Premium,Home & Kitchen,Urban Source Ltd.,Marketplace,Yogyakarta,E-Wallet,1,72.39,0.05,72.39,68.77,53.2,15.57,2025-07,2025-07-07/2025-07-13,0.22640686345790317
ORD-500218,2025-06-30,SKU-1019,Electric Kettle,Standard,Home & Kitchen,Nova Supply Co.,Marketplace,Semarang,Cash,1,88.16,0.0,88.16,88.16,53.02,35.14,2025-06,2025-06-30/2025-07-06,0.3985934664246824
ORD-500219,2025-10-19,SKU-1022,Blender,Standard,Home & Kitchen,Peak Imports,Retail Store,Jakarta,Card,1,94.62,0.05,94.62,89.89,60.77,29.12,2025-10,2025-10-13/2025-10-19,0.32395149627322284
ORD-500220,2025-11-13,SKU-1061,Running Belt,Premium,Sports,Aster Distribution,Online,Makassar,E-Wallet,3,76.7,0.0,230.1,230.1,131.13,98.97,2025-11,2025-11-10/2025-11-16,0.4301173402868318
ORD-500221,2025-04-09,SKU-1027,Desk Lamp,Pro,Home & Kitchen,Brightline Wholesale,Online,Jakarta,Bank Transfer,1,72.16,0.05,72.16,68.55,43.33,25.22,2025-04,2025-04-07/2025-04-13,0.3679066374908826
ORD-500222,2025-06-14,SKU-1021,Electric Kettle,Pro,Home & Kitchen,Aster Distribution,Marketplace,Yogyakarta,E-Wallet,1,84.19,0.0,84.19,84.19,57.93,26.26,2025-06,2025-06-09/2025-06-15,0.31191352892267493
ORD-500223,2025-04-22,SKU-1024,Blender,Pro,Home & Kitchen,Aster Distribution,Marketplace,Jakarta,Card,1,59.17,0.05,59.17,56.21,44.96,11.25,2025-04,2025-04-21/2025-04-27,0.20014232342999466
ORD-500224,2025-03-02,SKU-1014,Mechanical Keyboard,Premium,Electronics,Nova Supply Co.,Online,Bandung,Card,2,106.42,0.15,212.84,180.91,148.48,32.43,2025-03,2025-02-24/2025-03-02,0.1792604057266044
ORD-500225,2025-03-08,SKU-1002,Bluetooth Speaker,Premium,Electronics,Nova Supply Co.,Online,Yogyakarta,Bank Transfer,3,110.05,0.0,330.15,330.15,262.02,68.13,2025-03,2025-03-03/2025-03-09,0.20636074511585642
ORD-500226,2025-08-07,SKU-1035,Monitor Stand,Standard,Office,Brightline Wholesale,Marketplace,Yogyakarta,Cash,1,61.43,0.0,61.43,61.43,33.7,27.73,2025-08,2025-08-04/2025-08-10,0.45140810678821425
ORD-500227,2025-12-08,SKU-1002,Bluetooth Speaker,Premium,Electronics,Nova Supply Co.,Marketplace,Jakarta,Card,2,110.05,0.05,220.1,209.1,174.68,34.42,2025-12,2025-12-08/2025-12-14,0.1646102343376375
ORD-500228,2025-09-06,SKU-1001,Bluetooth Speaker,Standard,Electronics,Nova Supply Co.,Retail Store,Surabaya,E-Wallet,2,120.16,0.0,240.32,240.32,167.54,72.78,2025-09,2025-09-01/2025-09-07,0.3028462050599201
ORD-500229,2025-11-18,SKU-1035,Monitor Stand,Standard,Office,Brightline Wholesale,Retail Store,Jakarta,E-Wallet,2,61.43,0.1,122.86,110.57,67.4,43.17,2025-11,2025-11-17/2025-11-23,0.39043140092249257
ORD-500230,2025-11-17,SKU-1033,Gel Pen Set,Standard,Office,Aster Distribution,Marketplace,Surabaya,Card,3,82.15,0.15,246.45,209.48,196.05,13.43,2025-11,2025-11-17/2025-11-23,0.06411113232766852
ORD-500231,2025-11-07,SKU-1057,Water Bottle,Standard,Sports,Nova Supply Co.,Online,Bandung,Bank Transfer,2,33.1,0.1,66.2,59.58,36.62,22.96,2025-11,2025-11-03/2025-11-09,0.38536421617992617
ORD-500232,2025-03-10,SKU-1035,Monitor Stand,Standard,Office,Brightline Wholesale,Retail Store,Bandung,Bank Transfer,4,61.43,0.05,245.72,233.43,134.8,98.63,2025-03,2025-03-10/2025-03-16,0.4225249539476502
ORD-500233,2025-11-29,SKU-1025,Desk Lamp,Standard,Home & Kitchen,Urban Source Ltd.,Online,Yogyakarta,Bank Transfer,1,104.17,0.15,104.17,88.54,78.6,9.94,2025-11,2025-11-24/2025-11-30,0.112265642647391
ORD-500234,2025-06-05,SKU-1018,Air Fryer,Pro,Home & Kitchen,Peak Imports,Marketplace,Surabaya,Card,2,12.8,0.0,25.6,25.6,15.36,10.24,2025-06,2025-06-02/2025-06-08,0.39999999999999997
ORD-500235,2025-12-10,SKU-1042,Face Cleanser,Premium,Beauty,Peak Imports,Online,Yogyakarta,E-Wallet,1,31.12,0.0,31.12,31.12,25.16,5.96,2025-12,2025-12-08/2025-12-14,0.19151670951156813
ORD-500236,2025-07-09,SKU-1002,Bluetooth Speaker,Premium,Electronics,Nova Supply Co.,Marketplace,Yogyakarta,E-Wallet,1,110.05,0.05,110.05,104.55,87.34,17.21,2025-07,2025-07-07/2025-07-13,0.1646102343376375
ORD-500237,2025-12-06,SKU-1010,USB-C Hub,Standard,Electronics,Peak Imports,Marketplace,Surabaya,Card,2,23.78,0.15,47.56,40.43,36.94,3.49,2025-12,2025-12-01/2025-12-07,0.08632203809052684
ORD-500238,2025-03-20,SKU-1055,Resistance Bands,Premium,Sports,Aster Distribution,Online,Makassar,E-Wallet,4,26.5,0.0,106.0,106.0,85.8,20.2,2025-03,2025-03-17/2025-03-23,0.19056603773584904
ORD-500239,2025-08-01,SKU-1037,Desk Organizer,Standard,Office,Nova Supply Co.,Retail Store,Jakarta,E-Wallet,1,24.82,0.05,24.82,23.58,14.08,9.5,2025-08,2025-07-28/2025-08-03,0.40288379983036476
ORD-500240,2025-08-26,SKU-1033,Gel Pen Set,Standard,Office,Aster Distribution,Retail Store,Surabaya,Bank Transfer,4,82.15,0.2,328.6,262.88,261.4,1.48,2025-08,2025-08-25/2025-08-31,0.005629945222154595
ORD-500241,2025-08-30,SKU-1018,Air Fryer,Pro,Home & Kitchen,Peak Imports,Online,Yogyakarta,E-Wallet,3,12.8,0.0,38.4,38.4,23.04,15.36,2025-08,2025-08-25/2025-08-31,0.4
ORD-500242,2025-01-15,SKU-1056,Resistance Bands,Pro,Sports,Nova Supply Co.,Online,Jakarta,E-Wallet,1,37.19,0.0,37.19,37.19,21.86,15.33,2025-01,2025-01-13/2025-01-19,0.4122075826835171
ORD-500243,2025-01-02,SKU-1033,Gel Pen Set,Standard,Office,Aster Distribution,Marketplace,Jakarta,Cash,3,82.15,0.05,246.45,234.13,196.05,38.08,2025-01,2024-12-30/2025-01-05,0.16264468457694442
ORD-500244,2025-11-01,SKU-1026,Desk Lamp,Premium,Home & Kitchen,Peak Imports,Retail Store,Surabaya,Card,1,42.39,0.0,42.39,42.39,31.28,11.11,2025-11,2025-10-27/2025-11-02,0.2620901155933003
ORD-500245,2025-10-16,SKU-1063,Dumbbell Set,Standard,Sports,Urban Source Ltd.,Retail Store,Surabaya,Bank Transfer,1,37.4,0.15,37.4,31.79,29.68,2.11,2025-10,2025-10-13/2025-10-19,0.06637307329348852
ORD-500246,2025-03-11,SKU-1056,Resistance Bands,Pro,Sports,Nova Supply Co.,Marketplace,Bandung,Bank Transfer,4,37.19,0.15,148.76,126.45,87.44,39.01,2025-03,2025-03-10/2025-03-16,0.3085013839462238
ORD-500247,2025-05-13,SKU-1053,Yoga Mat,Pro,Sports,Brightline Wholesale,Wholesale,Jakarta,E-Wallet,1,30.37,0.05,30.37,28.85,19.3,9.55,2025-05,2025-05-12/2025-05-18,0.3310225303292894
ORD-500248,2025-12-11,SKU-1064,Dumbbell Set,Premium,Sports,Brightline Wholesale,Online,Yogyakarta,E-Wallet,2,28.95,0.05,57.9,55.0,32.3,22.7,2025-12,2025-12-08/2025-12-14,0.4127272727272727
ORD-500249,2025-11-11,SKU-1024,Blender,Pro,Home & Kitchen,Aster Distribution,Retail Store,Yogyakarta,Card,2,59.17,0.1,118.34,106.51,89.92,16.59,2025-11,2025-11-10/2025-11-16,0.15576002253309548
ORD-500250,2025-05-22,SKU-1061,Running Belt,Premium,Sports,Aster Distribution,Retail Store,Surabaya,Cash,1,76.7,0.0,76.7,76.7,43.71,32.99,2025-05,2025-05-19/2025-05-25,0.4301173402868318
ORD-500251,2025-04-26,SKU-1064,Dumbbell Set,Premium,Sports,Brightline Wholesale,Marketplace,Yogyakarta,Card,1,28.95,0.05,28.95,27.5,16.15,11.35,2025-04,2025-04-21/2025-04-27,0.4127272727272727
ORD-500252,2025-02-27,SKU-1064,Dumbbell Set,Premium,Sports,Brightline Wholesale,Online,Medan,Cash,1,28.95,0.0,28.95,28.95,16.15,12.8,2025-02,2025-02-24/2025-03-02,0.4421416234887738
ORD-500253,2025-05-10,SKU-1010,USB-C Hub,Standard,Electronics,Peak Imports,Marketplace,Jakarta,E-Wallet,1,23.78,0.15,23.78,20.21,18.47,1.74,2025-05,2025-05-05/2025-05-11,0.08609599208312715
ORD-500254,2025-02-26,SKU-1036,Monitor Stand,Premium,Office,Nova Supply Co.,Online,Medan,E-Wallet,1,158.85,0.1,158.85,142.96,110.27,32.69,2025-02,2025-02-24/2025-03-02,0.22866536094012307
ORD-500255,2025-11-12,SKU-1061,Running Belt,Premium,Sports,Aster Distribution,Online,Bandung,Card,2,76.7,0.0,153.4,153.4,87.42,65.98,2025-11,2025-11-10/2025-11-16,0.4301173402868318
ORD-500256,2025-08-14,SKU-1061,Running Belt,Premium,Sports,Aster Distribution,Marketplace,Medan,Card,1,76.7,0.1,76.7,69.03,43.71,25.32,2025-08,2025-08-11/2025-08-17,0.36679704476314645
ORD-500257,2025-02-15,SKU-1019,Electric Kettle,Standard,Home & Kitchen,Nova Supply Co.,Retail Store,Jakarta,Bank Transfer,1,88.16,0.1,88.16,79.34,53.02,26.32,2025-02,2025-02-10/2025-02-16,0.3317368288379128
ORD-500258,2025-07-17,SKU-1012,USB-C Hub,Pro,Electronics,Nova Supply Co.,Marketplace,Yogyakarta,E-Wallet,2,66.9,0.0,133.8,133.8,92.12,41.68,2025-07,2025-07-14/2025-07-20,0.3115097159940209
ORD-500259,2025-09-19,SKU-1006,Wireless Earbuds,Pro,Electronics,Aster Distribution,Marketplace,Yogyakarta,Cash,1,48.0,0.05,48.0,45.6,31.91,13.69,2025-09,2025-09-15/2025-09-21,0.300219298245614
ORD-500260,2025-12-08,SKU-1026,Desk Lamp,Premium,Home & Kitchen,Peak Imports,Marketplace,Jakarta,E-Wallet,4,42.39,0.05,169.56,161.08,125.12,35.96,2025-12,2025-12-08/2025-12-14,0.22324310901415445
ORD-500261,2025-12-03,SKU-1035,Monitor Stand,Standard,Office,Brightline Wholesale,Marketplace,Yogyakarta,Bank Transfer,1,61.43,0.0,61.43,61.43,33.7,27.73,2025-12,2025-12-01/2025-12-07,0.45140810678821425
ORD-500262,2025-06-03,SKU-1028,Storage Box,Standard,Home & Kitchen,Nova Supply Co.,Online,Surabaya,E-Wallet,2,55.89,0.05,111.78,106.19,66.18,40.01,2025-06,2025-06-02/2025-06-08,0.37677747433844994
ORD-500263,2025-09-19,SKU-1038,Desk Organizer,Premium,Office,Urban Source Ltd.,Marketplace,Bandung,E-Wallet,2,47.71,0.0,95.42,95.42,70.06,25.36,2025-09,2025-09-15/2025-09-21,0.26577237476420035
ORD-500264,2025-01-23,SKU-1057,Water Bottle,Standard,Sports,Nova Supply Co.,Online,Surabaya,Cash,1,33.1,0.0,33.1,33.1,18.31,14.79,2025-01,2025-01-20/2025-01-26,0.4468277945619335
ORD-500265,2025-06-08,SKU-1063,Dumbbell Set,Standard,Sports,Urban Source Ltd.,Online,Semarang,E-Wallet,1,37.4,0.0,37.4,37.4,29.68,7.72,2025-06,2025-06-02/2025-06-08,0.20641711229946524
ORD-500266,2025-08-30,SKU-1030,Storage Box,Pro,Home & Kitchen,Urban Source Ltd.,Retail Store,Yogyakarta,Bank Transfer,2,61.88,0.05,123.76,117.57,95.9,21.67,2025-08,2025-08-25/2025-08-31,0.1843157268010547
ORD-500267,2025-07-14,SKU-1008,Power Bank,Premium,Electronics,Peak Imports,Online,Bandung,Bank Transfer,1,64.8,0.05,64.8,61.56,35.52,26.04,2025-07,2025-07-14/2025-07-20,0.42300194931773877
ORD-500268,2025-03-20,SKU-1057,Water Bottle,Standard,Sports,Nova Supply Co.,Retail Store,Yogyakarta,Card,1,33.1,0.0,33.1,33.1,18.31,14.79,2025-03,2025-03-17/2025-03-23,0.4468277945619335
ORD-500269,2025-02-06,SKU-1010,USB-C Hub,Standard,Electronics,Peak Imports,Online,Medan,Cash,1,23.78,0.05,23.78,22.59,18.47,4.12,2025-02,2025-02-03/2025-02-09,0.18238158477202301
ORD-500270,2025-12-15,SKU-1052,Yoga Mat,Premium,Sports,Peak Imports,Wholesale,Makassar,E-Wallet,3,51.11,0.0,153.33,153.33,121.08,32.25,2025-12,2025-12-15/2025-12-21,0.21033065936216003
ORD-500271,2025-10-15,SKU-1015,Mechanical Keyboard,Pro,Electronics,Aster Distribution,Online,Medan,Bank Transfer,1,110.43,0.0,110.43,110.43,80.89,29.54,2025-10,2025-10-13/2025-10-19,0.26749977361224303
ORD-500272,2025-06-24,SKU-1044,Sunscreen,Premium,Beauty,Nova Supply Co.,Online,Semarang,Cash,1,41.08,0.05,41.08,39.03,31.72,7.31,2025-06,2025-06-23/2025-06-29,0.1872918267998975
ORD-500273,2025-03-29,SKU-1056,Resistance Bands,Pro,Sports,Nova Supply Co.,Online,Makassar,Card,1,37.19,0.1,37.19,33.47,21.86,11.61,2025-03,2025-03-24/2025-03-30,0.3468778010158351
ORD-500274,2025-10-13,SKU-1022,Blender,Standard,Home & Kitchen,Peak Imports,Online,Jakarta,E-Wallet,1,94.62,0.05,94.62,89.89,60.77,29.12,2025-10,2025-10-13/2025-10-19,0.32395149627322284
ORD-500275,2025-05-06,SKU-1050,Makeup Brush Set,Premium,Beauty,Peak Imports,Marketplace,Makassar,Card,1,37.2,0.0,37.2,37.2,25.93,11.27,2025-05,2025-05-05/2025-05-11,0.3029569892473118
ORD-500276,2025-05-24,SKU-1026,Desk Lamp,Premium,Home & Kitchen,Peak Imports,Online,Yogyakarta,E-Wallet,1,42.39,0.0,42.39,42.39,31.28,11.11,2025-05,2025-05-19/2025-05-25,0.2620901155933003
ORD-500277,2025-11-25,SKU-1061,Running Belt,Premium,Sports,Aster Distribution,Online,Yogyakarta,Card,1,76.7,0.15,76.7,65.2,43.71,21.49,2025-11,2025-11-24/2025-11-30,0.329601226993865
ORD-500278,2025-03-28,SKU-1036,Monitor Stand,Premium,Office,Nova Supply Co.,Marketplace,Jakarta,Card,2,158.85,0.15,317.7,270.04,220.54,49.5,2025-03,2025-03-24/2025-03-30,0.183306176862687
ORD-500279,2025-07-04,SKU-1005,Wireless Earbuds,Premium,Electronics,Aster Distribution,Online,Makassar,Cash,1,102.99,0.05,102.99,97.84,60.73,37.11,2025-07,2025-06-30/2025-07-06,0.3792927228127555
ORD-500280,2025-10-16,SKU-1025,Desk Lamp,Standard,Home & Kitchen,Urban Source Ltd.,Marketplace,Jakarta,E-Wallet,1,104.17,0.05,104.17,98.96,78.6,20.36,2025-10,2025-10-13/2025-10-19,0.20573969280517382
ORD-500281,2025-08-23,SKU-1011,USB-C Hub,Premium,Electronics,Urban Source Ltd.,Online,Medan,E-Wallet,2,116.31,0.15,232.62,197.73,127.74,69.99,2025-08,2025-08-18/2025-08-24,0.35396753148232435
ORD-500282,2025-11-02,SKU-1057,Water Bottle,Standard,Sports,Nova Supply Co.,Online,Jakarta,Bank Transfer,2,33.1,0.0,66.2,66.2,36.62,29.58,2025-11,2025-10-27/2025-11-02,0.4468277945619335
ORD-500283,2025-10-01,SKU-1061,Running Belt,Premium,Sports,Aster Distribution,Online,Bandung,E-Wallet,1,76.7,0.05,76.7,72.86,43.71,29.15,2025-10,2025-09-29/2025-10-05,0.400082349711776
ORD-500284,2025-04-08,SKU-1010,USB-C Hub,Standard,Electronics,Peak Imports,Online,Medan,E-Wallet,1,23.78,0.0,23.78,23.78,18.47,5.31,2025-04,2025-04-07/2025-04-13,0.22329688814129517
ORD-500285,2025-08-18,SKU-1056,Resistance Bands,Pro,Sports,Nova Supply Co.,Wholesale,Bandung,Cash,2,37.19,0.0,74.38,74.38,43.72,30.66,2025-08,2025-08-18/2025-08-24,0.4122075826835171
ORD-500286,2025-12-13,SKU-1056,Resistance Bands,Pro,Sports,Nova Supply Co.,Marketplace,Bandung,E-Wallet,1,37.19,0.0,37.19,37.19,21.86,15.33,2025-12,2025-12-08/2025-12-14,0.4122075826835171
ORD-500287,2025-04-20,SKU-1012,USB-C Hub,Pro,Electronics,Nova Supply Co.,Marketplace,Makassar,Card,1,66.9,0.2,66.9,53.52,46.06,7.46,2025-04,2025-04-14/2025-04-20,0.13938714499252616
ORD-500288,2025-09-05,SKU-1026,Desk Lamp,Premium,Home & Kitchen,Peak Imports,Marketplace,Surabaya,Cash,1,42.39,0.0,42.39,42.39,31.28,11.11,2025-09,2025-09-01/2025-09-07,0.2620901155933003
ORD-500289,2025-10-11,SKU-1023,Blender,Premium,Home & Kitchen,Urban Source Ltd.,Online,Makassar,E-Wallet,2,72.39,0.0,144.78,144.78,106.4,38.38,2025-10,2025-10-06/2025-10-12,0.2650918635170604
ORD-500290,2025-10-11,SKU-1035,Monitor Stand,Standard,Office,Brightline Wholesale,Online,Medan,E-Wallet,4,61.43,0.0,245.72,245.72,134.8,110.92,2025-10,2025-10-06/2025-10-12,0.45140810678821425
ORD-500291,2025-03-18,SKU-1055,Resistance Bands,Premium,Sports,Aster Distribution,Marketplace,Semarang,E-Wallet,1,26.5,0.0,26.5,26.5,21.45,5.05,2025-03,2025-03-17/2025-03-23,0.19056603773584904
ORD-500292,2025-03-17,SKU-1023,Blender,Premium,Home & Kitchen,Urban Source Ltd.,Retail Store,Medan,Cash,1,72.39,0.0,72.39,72.39,53.2,19.19,2025-03,2025-03-17/2025-03-23,0.2650918635170604
ORD-500293,2025-07-25,SKU-1057,Water Bottle,Standard,Sports,Nova Supply Co.,Marketplace,Bandung,E-Wallet,1,33.1,0.1,33.1,29.79,18.31,11.48,2025-07,2025-07-21/2025-07-27,0.38536421617992617
ORD-500294,2025-05-30,SKU-1025,Desk Lamp,Standard,Home & Kitchen,Urban Source Ltd.,Marketplace,Makassar,Card,1,104.17,0.15,104.17,88.54,78.6,9.94,2025-05,2025-05-26/2025-06-01,0.112265642647391
ORD-500295,2025-01-27,SKU-1051,Yoga Mat,Standard,Sports,Brightline Wholesale,Online,Makassar,Card,1,71.8,0.05,71.8,68.21,40.86,27.35,2025-01,2025-01-27/2025-02-02,0.40096760005864246
ORD-500296,2025-03-31,SKU-1010,USB-C Hub,Standard,Electronics,Peak Imports,Online,Surabaya,Cash,1,23.78,0.0,23.78,23.78,18.47,5.31,2025-03,2025-03-31/2025-04-06,0.22329688814129517
ORD-500297,2025-03-12,SKU-1054,Resistance Bands,Standard,Sports,Peak Imports,Marketplace,Yogyakarta,Bank Transfer,1,67.42,0.0,67.42,67.42,53.25,14.17,2025-03,2025-03-10/2025-03-16,0.21017502224859091
ORD-500298,2025-10-18,SKU-1008,Power Bank,Premium,Electronics,Peak Imports,Online,Yogyakarta,E-Wallet,3,64.8,0.0,194.4,194.4,106.56,87.84,2025-10,2025-10-13/2025-10-19,0.45185185185185184
ORD-500299,2025-12-06,SKU-1024,Blender,Pro,Home & Kitchen,Aster Distribution,Retail Store,Makassar,E-Wallet,2,59.17,0.05,118.34,112.42,89.92,22.5,2025-12,2025-12-01/2025-12-07,0.20014232342999466
ORD-500300,2025-03-24,SKU-1011,USB-C Hub,Premium,Electronics,Urban Source Ltd.,Online,Yogyakarta,Card,3,116.31,0.15,348.93,296.59,191.61,104.98,2025-03,2025-03-24/2025-03-30,0.3539566404801241
ORD-500301,2025-04-01,SKU-1002,Bluetooth Speaker,Premium,Electronics,Nova Supply Co.,Wholesale,Yogyakarta,Bank Transfer,2,110.05,0.0,220.1,220.1,174.68,45.42,2025-04,2025-03-31/2025-04-06,0.20636074511585645
ORD-500302,2025-11-06,SKU-1052,Yoga Mat,Premium,Sports,Peak Imports,Wholesale,Yogyakarta,Bank Transfer,1,51.11,0.15,51.11,43.44,40.36,3.08,2025-11,2025-11-03/2025-11-09,0.070902394106814
ORD-500303,2025-02-08,SKU-1057,Water Bottle,Standard,Sports,Nova Supply Co.,Online,Makassar,Card,1,33.1,0.1,33.1,29.79,18.31,11.48,2025-02,2025-02-03/2025-02-09,0.38536421617992617
ORD-500304,2025-09-23,SKU-1050,Makeup Brush Set,Premium,Beauty,Peak Imports,Marketplace,Surabaya,Bank Transfer,1,37.2,0.0,37.2,37.2,25.93,11.27,2025-09,2025-09-22/2025-09-28,0.3029569892473118
ORD-500305,2025-12-27,SKU-1030,Storage Box,Pro,Home & Kitchen,Urban Source Ltd.,Marketplace,Medan,Bank Transfer,1,61.88,0.1,61.88,55.69,47.95,7.74,2025-12,2025-12-22/2025-12-28,0.13898365954390376
ORD-500306,2025-03-28,SKU-1012,USB-C Hub,Pro,Electronics,Nova Supply Co.,Wholesale,Jakarta,Card,2,66.9,0.1,133.8,120.42,92.12,28.3,2025-03,2025-03-24/2025-03-30,0.23501079554891213
ORD-500307,2025-04-03,SKU-1053,Yoga Mat,Pro,Sports,Brightline Wholesale,Online,Yogyakarta,E-Wallet,3,30.37,0.1,91.11,82.0,57.9,24.1,2025-04,2025-03-31/2025-04-06,0.2939024390243903
ORD-500308,2025-07-10,SKU-1064,Dumbbell Set,Premium,Sports,Brightline Wholesale,Retail Store,Jakarta,Card,1,28.95,0.05,28.95,27.5,16.15,11.35,2025-07,2025-07-07/2025-07-13,0.4127272727272727
ORD-500309,2025-08-29,SKU-1005,Wireless Earbuds,Premium,Electronics,Aster Distribution,Retail Store,Yogyakarta,Card,1,102.99,0.15,102.99,87.54,60.73,26.81,2025-08,2025-08-25/2025-08-31,0.30625999543066024
ORD-500310,2025-06-22,SKU-1053,Yoga Mat,Pro,Sports,Brightline Wholesale,Online,Jakarta,Cash,1,30.37,0.2,30.37,24.3,19.3,5.0,2025-06,2025-06-16/2025-06-22,0.205761316872428
ORD-500311,2025-06-25,SKU-1053,Yoga Mat,Pro,Sports,Brightline Wholesale,Online,Surabaya,Card,1,30.37,0.05,30.37,28.85,19.3,9.55,2025-06,2025-06-23/2025-06-29,0.3310225303292894
ORD-500312,2025-11-19,SKU-1056,Resistance Bands,Pro,Sports,Nova Supply Co.,Retail Store,Jakarta,E-Wallet,2,37.19,0.1,74.38,66.94,43.72,23.22,2025-11,2025-11-17/2025-11-23,0.3468778010158351
ORD-500313,2025-04-27,SKU-1003,Bluetooth Speaker,Pro,Electronics,Brightline Wholesale,Marketplace,Makassar,Cash,1,118.47,0.15,118.47,100.7,71.07,29.63,2025-04,2025-04-21/2025-04-27,0.29424031777557097
ORD-500314,2025-07-25,SKU-1024,Blender,Pro,Home & Kitchen,Aster Distribution,Online,Makassar,Card,3,59.17,0.0,177.51,177.51,134.88,42.63,2025-07,2025-07-21/2025-07-27,0.24015548419807337
ORD-500315,2025-05-12,SKU-1057,Water Bottle,Standard,Sports,Nova Supply Co.,Online,Jakarta,E-Wallet,2,33.1,0.15,66.2,56.27,36.62,19.65,2025-05,2025-05-12/2025-05-18,0.34920917007286295
ORD-500316,2025-10-01,SKU-1033,Gel Pen Set,Standard,Office,Aster Distribution,Online,Yogyakarta,Card,2,82.15,0.0,164.3,164.3,130.7,33.6,2025-10,2025-09-29/2025-10-05,0.20450395617772368
ORD-500317,2025-10-18,SKU-1062,Running Belt,Pro,Sports,Nova Supply Co.,Online,Surabaya,Cash,2,33.01,0.05,66.02,62.72,39.86,22.86,2025-10,2025-10-13/2025-10-19,0.36447704081632654
ORD-500318,2025-03-26,SKU-1033,Gel Pen Set,Standard,Office,Aster Distribution,Retail Store,Jakarta,Bank Transfer,1,82.15,0.05,82.15,78.04,65.35,12.69,2025-03,2025-03-24/2025-03-30,0.16260891850333162
ORD-500319,2025-01-23,SKU-1057,Water Bottle,Standard,Sports,Nova Supply Co.,Marketplace,Yogyakarta,E-Wallet,2,33.1,0.0,66.2,66.2,36.62,29.58,2025-01,2025-01-20/2025-01-26,0.4468277945619335
ORD-500320,2025-08-22,SKU-1008,Power Bank,Premium,Electronics,Peak Imports,Online,Jakarta,Card,4,64.8,0.15,259.2,220.32,142.08,78.24,2025-08,2025-08-18/2025-08-24,0.355119825708061
ORD-500321,2025-09-05,SKU-1010,USB-C Hub,Standard,Electronics,Peak Imports,Retail Store,Surabaya,E-Wallet,1,23.78,0.0,23.78,23.78,18.47,5.31,2025-09,2025-09-01/2025-09-07,0.22329688814129517
ORD-500322,2025-12-03,SKU-1004,Wireless Earbuds,Standard,Electronics,Aster Distribution,Marketplace,Medan,Card,5,77.45,0.0,387.25,387.25,277.35,109.9,2025-12,2025-12-01/2025-12-07,0.28379599741768885
ORD-500323,2025-07-12,SKU-1053,Yoga Mat,Pro,Sports,Brightline Wholesale,Retail Store,Jakarta,Card,1,30.37,0.15,30.37,25.81,19.3,6.51,2025-07,2025-07-07/2025-07-13,0.2522278186749322
ORD-500324,2025-10-29,SKU-1032,Notebook,Premium,Office,Brightline Wholesale,Marketplace,Jakarta,Bank Transfer,2,86.3,0.05,172.6,163.97,126.96,37.01,2025-10,2025-10-27/2025-11-02,0.2257120204915533
ORD-500325,2025-09-15,SKU-1010,USB-C Hub,Standard,Electronics,Peak Imports,Online,Jakarta,Bank Transfer,2,23.78,0.0,47.56,47.56,36.94,10.62,2025-09,2025-09-15/2025-09-21,0.22329688814129517
ORD-500326,2025-05-07,SKU-1012,USB-C Hub,Pro,Electronics,Nova Supply Co.,Online,Jakarta,Cash,2,66.9,0.0,133.8,133.8,92.12,41.68,2025-05,2025-05-05/2025-05-11,0.3115097159940209
ORD-500327,2025-12-14,SKU-1005,Wireless Earbuds,Premium,Electronics,Aster Distribution,Online,Yogyakarta,Card,2,102.99,0.0,205.98,205.98,121.46,84.52,2025-12,2025-12-08/2025-12-14,0.4103311001068065
ORD-500328,2025-09-08,SKU-1059,Water Bottle,Pro,Sports,Brightline Wholesale,Online,Jakarta,Card,1,21.51,0.05,21.51,20.43,17.37,3.06,2025-09,2025-09-08/2025-09-14,0.14977973568281938
ORD-500329,2025-04-01,SKU-1036,Monitor Stand,Premium,Office,Nova Supply Co.,Marketplace,Jakarta,Card,1,158.85,0.05,158.85,150.91,110.27,40.64,2025-04,2025-03-31/2025-04-06,0.26929958253263536
ORD-500330,2025-04-16,SKU-1042,Face Cleanser,Premium,Beauty,Peak Imports,Retail Store,Jakarta,E-Wallet,1,31.12,0.1,31.12,28.01,25.16,2.85,2025-04,2025-04-14/2025-04-20,0.1017493752231346
ORD-500331,2025-08-11,SKU-1025,Desk Lamp,Standard,Home & Kitchen,Urban Source Ltd.,Online,Jakarta,Bank Transfer,1,104.17,0.0,104.17,104.17,78.6,25.57,2025-08,2025-08-11/2025-08-17,0.2454641451473553
ORD-500332,2025-01-28,SKU-1049,Makeup Brush Set,Standard,Beauty,Nova Supply Co.,Marketplace,Makassar,E-Wallet,1,34.46,0.1,34.46,31.01,25.68,5.33,2025-01,2025-01-27/2025-02-02,0.17188003869719445
ORD-500333,2025-06-19,SKU-1028,Storage Box,Standard,Home & Kitchen,Nova Supply Co.,Retail Store,Surabaya,Card,1,55.89,0.05,55.89,53.1,33.09,20.01,2025-06,2025-06-16/2025-06-22,0.37683615819209043
ORD-500334,2025-07-19,SKU-1030,Storage Box,Pro,Home & Kitchen,Urban Source Ltd.,Marketplace,Yogyakarta,Card,1,61.88,0.05,61.88,58.79,47.95,10.84,2025-07,2025-07-14/2025-07-20,0.18438509950671883
ORD-500335,2025-12-31,SKU-1031,Notebook,Standard,Office,Brightline Wholesale,Retail Store,Yogyakarta,E-Wallet,1,36.9,0.05,36.9,35.06,23.06,12.0,2025-12,2025-12-29/2026-01-04,0.34227039361095263
ORD-500336,2025-09-27,SKU-1063,Dumbbell Set,Standard,Sports,Urban Source Ltd.,Online,Yogyakarta,Card,1,37.4,0.0,37.4,37.4,29.68,7.72,2025-09,2025-09-22/2025-09-28,0.20641711229946524
ORD-500337,2025-06-05,SKU-1001,Bluetooth Speaker,Standard,Electronics,Nova Supply Co.,Marketplace,Bandung,Bank Transfer,1,120.16,0.1,120.16,108.14,83.77,24.37,2025-06,2025-06-02/2025-06-08,0.22535601997410765
ORD-500338,2025-03-21,SKU-1002,Bluetooth Speaker,Premium,Electronics,Nova Supply Co.,Marketplace,Yogyakarta,Card,1,110.05,0.0,110.05,110.05,87.34,22.71,2025-03,2025-03-17/2025-03-23,0.20636074511585645
ORD-500339,2025-02-08,SKU-1036,Monitor Stand,Premium,Office,Nova Supply Co.,Online,Medan,Card,1,158.85,0.05,158.85,150.91,110.27,40.64,2025-02,2025-02-03/2025-02-09,0.26929958253263536
ORD-500340,2025-12-10,SKU-1052,Yoga Mat,Premium,Sports,Peak Imports,Online,Medan,E-Wallet,1,51.11,0.05,51.11,48.55,40.36,8.19,2025-12,2025-12-08/2025-12-14,0.16869207003089598
ORD-500341,2025-02-27,SKU-1065,Dumbbell Set,Pro,Sports,Urban Source Ltd.,Online,Yogyakarta,E-Wallet,1,18.33,0.0,18.33,18.33,10.76,7.57,2025-02,2025-02-24/2025-03-02,0.4129841789416258
ORD-500342,2025-10-03,SKU-1014,Mechanical Keyboard,Premium,Electronics,Nova Supply Co.,Online,Medan,Card,1,106.42,0.2,106.42,85.14,74.24,10.9,2025-10,2025-09-29/2025-10-05,0.12802443035001174
ORD-500343,2025-01-04,SKU-1037,Desk Organizer,Standard,Office,Nova Supply Co.,Marketplace,Yogyakarta,E-Wallet,2,24.82,0.15,49.64,42.19,28.16,14.03,2025-01,2024-12-30/2025-01-05,0.3325432566958995
ORD-500344,2025-12-28,SKU-1033,Gel Pen Set,Standard,Office,Aster Distribution,Retail Store,Semarang,Card,2,82.15,0.05,164.3,156.08,130.7,25.38,2025-12,2025-12-22/2025-12-28,0.16260891850333162
ORD-500345,2025-03-30,SKU-1059,Water Bottle,Pro,Sports,Brightline Wholesale,Online,Jakarta,E-Wallet,2,21.51,0.0,43.02,43.02,34.74,8.28,2025-03,2025-03-24/2025-03-30,0.1924686192468619
ORD-500346,2025-12-26,SKU-1034,Gel Pen Set,Premium,Office,Aster Distribution,Online,Surabaya,Card,1,211.77,0.05,211.77,201.18,119.78,81.4,2025-12,2025-12-22/2025-12-28,0.40461278457103095
ORD-500347,2025-05-31,SKU-1019,Electric Kettle,Standard,Home & Kitchen,Nova Supply Co.,Online,Semarang,E-Wallet,1,88.16,0.0,88.16,88.16,53.02,35.14,2025-05,2025-05-26/2025-06-01,0.3985934664246824
ORD-500348,2025-05-30,SKU-1057,Water Bottle,Standard,Sports,Nova Supply Co.,Online,Yogyakarta,Card,1,33.1,0.0,33.1,33.1,18.31,14.79,2025-05,2025-05-26/2025-06-01,0.4468277945619335
ORD-500349,2025-02-08,SKU-1002,Bluetooth Speaker,Premium,Electronics,Nova Supply Co.,Retail Store,Jakarta,Card,1,110.05,0.0,110.05,110.05,87.34,22.71,2025-02,2025-02-03/2025-02-09,0.20636074511585645
ORD-500350,2025-10-05,SKU-1015,Mechanical Keyboard,Pro,Electronics,Aster Distribution,Marketplace,Yogyakarta,E-Wallet,1,110.43,0.0,110.43,110.43,80.89,29.54,2025-10,2025-09-29/2025-10-05,0.26749977361224303
ORD-500351,2025-12-03,SKU-1057,Water Bottle,Standard,Sports,Nova Supply Co.,Marketplace,Medan,E-Wallet,1,33.1,0.05,33.1,31.44,18.31,13.13,2025-12,2025-12-01/2025-12-07,0.4176208651399491
ORD-500352,2025-08-01,SKU-1004,Wireless Earbuds,Standard,Electronics,Aster Distribution,Online,Bandung,E-Wallet,2,77.45,0.15,154.9,131.66,110.94,20.72,2025-08,2025-07-28/2025-08-03,0.1573750569649096
ORD-500353,2025-02-16,SKU-1059,Water Bottle,Pro,Sports,Brightline Wholesale,Retail Store,Yogyakarta,Bank Transfer,1,21.51,0.0,21.51,21.51,17.37,4.14,2025-02,2025-02-10/2025-02-16,0.1924686192468619
ORD-500354,2025-01-05,SKU-1040,Office Chair,Premium,Office,Brightline Wholesale,Wholesale,Medan,E-Wallet,2,159.4,0.05,318.8,302.86,222.84,80.02,2025-01,2024-12-30/2025-01-05,0.2642144885425609
ORD-500355,2025-12-17,SKU-1017,Air Fryer,Premium,Home & Kitchen,Peak Imports,Marketplace,Jakarta,E-Wallet,1,85.71,0.0,85.71,85.71,66.93,18.78,2025-12,2025-12-15/2025-12-21,0.21911095554777743
ORD-500356,2025-12-14,SKU-1021,Electric Kettle,Pro,Home & Kitchen,Aster Distribution,Online,Jakarta,Bank Transfer,3,84.19,0.05,252.57,239.94,173.79,66.15,2025-12,2025-12-08/2025-12-14,0.27569392348087024
ORD-500357,2025-07-18,SKU-1053,Yoga Mat,Pro,Sports,Brightline Wholesale,Online,Makassar,E-Wallet,2,30.37,0.1,60.74,54.67,38.6,16.07,2025-07,2025-07-14/2025-07-20,0.2939454911285897
ORD-500358,2025-08-24,SKU-1028,Storage Box,Standard,Home & Kitchen,Nova Supply Co.,Retail Store,Yogyakarta,Cash,1,55.89,0.0,55.89,55.89,33.09,22.8,2025-08,2025-08-18/2025-08-24,0.4079441760601181
ORD-500359,2025-03-07,SKU-1026,Desk Lamp,Premium,Home & Kitchen,Peak Imports,Retail Store,Medan,E-Wallet,1,42.39,0.0,42.39,42.39,31.28,11.11,2025-03,2025-03-03/2025-03-09,0.2620901155933003
ORD-500360,2025-01-16,SKU-1061,Running Belt,Premium,Sports,Aster Distribution,Online,Yogyakarta,Bank Transfer,1,76.7,0.15,76.7,65.2,43.71,21.49,2025-01,2025-01-13/2025-01-19,0.329601226993865
ORD-500361,2025-07-14,SKU-1061,Running Belt,Premium,Sports,Aster Distribution,Online,Jakarta,Bank Transfer,1,76.7,0.1,76.7,69.03,43.71,25.32,2025-07,2025-07-14/2025-07-20,0.36679704476314645
ORD-500362,2025-01-07,SKU-1059,Water Bottle,Pro,Sports,Brightline Wholesale,Online,Bandung,Card,4,21.51,0.05,86.04,81.74,69.48,12.26,2025-01,2025-01-06/2025-01-12,0.14998776608759481
ORD-500363,2025-10-16,SKU-1036,Monitor Stand,Premium,Office,Nova Supply Co.,Retail Store,Medan,E-Wallet,1,158.85,0.0,158.85,158.85,110.27,48.58,2025-10,2025-10-13/2025-10-19,0.3058231035568146
ORD-500364,2025-01-29,SKU-1009,Power Bank,Pro,Electronics,Nova Supply Co.,Online,Medan,Card,2,120.75,0.0,241.5,241.5,184.86,56.64,2025-01,2025-01-27/2025-02-02,0.23453416149068324
ORD-500365,2025-09-14,SKU-1028,Storage Box,Standard,Home & Kitchen,Nova Supply Co.,Retail Store,Jakarta,E-Wallet,1,55.89,0.0,55.89,55.89,33.09,22.8,2025-09,2025-09-08/2025-09-14,0.4079441760601181
ORD-500366,2025-09-24,SKU-1048,Hair Dryer,Premium,Beauty,Urban Source Ltd.,Online,Bandung,Bank Transfer,1,35.46,0.0,35.46,35.46,19.77,15.69,2025-09,2025-09-22/2025-09-28,0.44247038917089676
ORD-500367,2025-05-18,SKU-1061,Running Belt,Premium,Sports,Aster Distribution,Retail Store,Medan,Card,2,76.7,0.0,153.4,153.4,87.42,65.98,2025-05,2025-05-12/2025-05-18,0.4301173402868318
ORD-500368,2025-03-22,SKU-1023,Blender,Premium,Home & Kitchen,Urban Source Ltd.,Online,Jakarta,E-Wallet,2,72.39,0.0,144.78,144.78,106.4,38.38,2025-03,2025-03-17/2025-03-23,0.2650918635170604
ORD-500369,2025-08-04,SKU-1014,Mechanical Keyboard,Premium,Electronics,Nova Supply Co.,Marketplace,Bandung,E-Wallet,2,106.42,0.2,212.84,170.27,148.48,21.79,2025-08,2025-08-04/2025-08-10,0.12797321900510952
ORD-500370,2025-08-14,SKU-1005,Wireless Earbuds,Premium,Electronics,Aster Distribution,Marketplace,Surabaya,Card,1,102.99,0.0,102.99,102.99,60.73,42.26,2025-08,2025-08-11/2025-08-17,0.4103311001068065
ORD-500371,2025-04-24,SKU-1051,Yoga Mat,Standard,Sports,Brightline Wholesale,Retail Store,Jakarta,E-Wallet,1,71.8,0.0,71.8,71.8,40.86,30.94,2025-04,2025-04-21/2025-04-27,0.4309192200557103
ORD-500372,2025-01-27,SKU-1031,Notebook,Standard,Office,Brightline Wholesale,Online,Semarang,E-Wallet,2,36.9,0.05,73.8,70.11,46.12,23.99,2025-01,2025-01-27/2025-02-02,0.34217657966053344
ORD-500373,2025-10-20,SKU-1007,Power Bank,Standard,Electronics,Nova Supply Co.,Marketplace,Jakarta,E-Wallet,2,127.25,0.05,254.5,241.77,163.68,78.09,2025-10,2025-10-20/2025-10-26,0.3229929271621789
ORD-500374,2025-12-14,SKU-1009,Power Bank,Pro,Electronics,Nova Supply Co.,Marketplace,Jakarta,Card,3,120.75,0.0,362.25,362.25,277.29,84.96,2025-12,2025-12-08/2025-12-14,0.2345341614906832
ORD-500375,2025-06-15,SKU-1025,Desk Lamp,Standard,Home & Kitchen,Urban Source Ltd.,Online,Jakarta,Card,1,104.17,0.0,104.17,104.17,78.6,25.57,2025-06,2025-06-09/2025-06-15,0.2454641451473553
ORD-500376,2025-02-21,SKU-1036,Monitor Stand,Premium,Office,Nova Supply Co.,Online,Jakarta,Bank Transfer,1,158.85,0.1,158.85,142.96,110.27,32.69,2025-02,2025-02-17/2025-02-23,0.22866536094012307
ORD-500377,2025-10-05,SKU-1012,USB-C Hub,Pro,Electronics,Nova Supply Co.,Online,Bandung,Bank Transfer,1,66.9,0.0,66.9,66.9,46.06,20.84,2025-10,2025-09-29/2025-10-05,0.3115097159940209
ORD-500378,2025-02-09,SKU-1023,Blender,Premium,Home & Kitchen,Urban Source Ltd.,Marketplace,Yogyakarta,Bank Transfer,1,72.39,0.05,72.39,68.77,53.2,15.57,2025-02,2025-02-03/2025-02-09,0.22640686345790317
ORD-500379,2025-02-22,SKU-1021,Electric Kettle,Pro,Home & Kitchen,Aster Distribution,Online,Yogyakarta,Card,1,84.19,0.0,84.19,84.19,57.93,26.26,2025-02,2025-02-17/2025-02-23,0.31191352892267493
ORD-500380,2025-01-08,SKU-1061,Running Belt,Premium,Sports,Aster Distribution,Online,Yogyakarta,Bank Transfer,1,76.7,0.05,76.7,72.86,43.71,29.15,2025-01,2025-01-06/2025-01-12,0.400082349711776
ORD-500381,2025-04-01,SKU-1053,Yoga Mat,Pro,Sports,Brightline Wholesale,Marketplace,Medan,Bank Transfer,1,30.37,0.15,30.37,25.81,19.3,6.51,2025-04,2025-03-31/2025-04-06,0.2522278186749322
ORD-500382,2025-10-06,SKU-1002,Bluetooth Speaker,Premium,Electronics,Nova Supply Co.,Online,Jakarta,Card,1,110.05,0.05,110.05,104.55,87.34,17.21,2025-10,2025-10-06/2025-10-12,0.1646102343376375
ORD-500383,2025-07-15,SKU-1065,Dumbbell Set,Pro,Sports,Urban Source Ltd.,Online,Makassar,E-Wallet,1,18.33,0.05,18.33,17.41,10.76,6.65,2025-07,2025-07-14/2025-07-20,0.3819643882825962
ORD-500384,2025-02-23,SKU-1019,Electric Kettle,Standard,Home & Kitchen,Nova Supply Co.,Retail Store,Yogyakarta,Card,1,88.16,0.2,88.16,70.53,53.02,17.51,2025-02,2025-02-17/2025-02-23,0.24826315043244013
ORD-500385,2025-04-17,SKU-1002,Bluetooth Speaker,Premium,Electronics,Nova Supply Co.,Retail Store,Jakarta,E-Wallet,3,110.05,0.0,330.15,330.15,262.02,68.13,2025-04,2025-04-14/2025-04-20,0.20636074511585642
ORD-500386,2025-06-23,SKU-1005,Wireless Earbuds,Premium,Electronics,Aster Distribution,Marketplace,Bandung,Card,1,102.99,0.15,102.99,87.54,60.73,26.81,2025-06,2025-06-23/2025-06-29,0.30625999543066024
ORD-500387,2025-09-24,SKU-1014,Mechanical Keyboard,Premium,Electronics,Nova Supply Co.,Online,Bandung,Card,1,106.42,0.15,106.42,90.46,74.24,16.22,2025-09,2025-09-22/2025-09-28,0.17930577050630112
ORD-500388,2025-07-03,SKU-1015,Mechanical Keyboard,Pro,Electronics,Aster Distribution,Marketplace,Jakarta,E-Wallet,2,110.43,0.0,220.86,220.86,161.78,59.08,2025-07,2025-06-30/2025-07-06,0.26749977361224303
ORD-500389,2025-05-01,SKU-1010,USB-C Hub,Standard,Electronics,Peak Imports,Retail Store,Bandung,Bank Transfer,1,23.78,0.0,23.78,23.78,18.47,5.31,2025-05,2025-04-28/2025-05-04,0.22329688814129517
ORD-500390,2025-07-13,SKU-1010,USB-C Hub,Standard,Electronics,Peak Imports,Retail Store,Yogyakarta,Card,2,23.78,0.0,47.56,47.56,36.94,10.62,2025-07,2025-07-07/2025-07-13,0.22329688814129517
ORD-500391,2025-07-05,SKU-1021,Electric Kettle,Pro,Home & Kitchen,Aster Distribution,Online,Jakarta,E-Wallet,1,84.19,0.1,84.19,75.77,57.93,17.84,2025-07,2025-06-30/2025-07-06,0.2354493863006467
ORD-500392,2025-09-04,SKU-1022,Blender,Standard,Home & Kitchen,Peak Imports,Retail Store,Semarang,Card,2,94.62,0.05,189.24,179.78,121.54,58.24,2025-09,2025-09-01/2025-09-07,0.32395149627322284
ORD-500393,2025-04-08,SKU-1020,Electric Kettle,Premium,Home & Kitchen,Peak Imports,Retail Store,Surabaya,Bank Transfer,1,73.42,0.05,73.42,69.75,57.33,12.42,2025-04,2025-04-07/2025-04-13,0.17806451612903226
ORD-500394,2025-03-20,SKU-1012,USB-C Hub,Pro,Electronics,Nova Supply Co.,Retail Store,Surabaya,Cash,2,66.9,0.0,133.8,133.8,92.12,41.68,2025-03,2025-03-17/2025-03-23,0.3115097159940209
ORD-500395,2025-04-19,SKU-1036,Monitor Stand,Premium,Office,Nova Supply Co.,Marketplace,Medan,E-Wallet,2,158.85,0.1,317.7,285.93,220.54,65.39,2025-04,2025-04-14/2025-04-20,0.22869233728534955
ORD-500396,2025-10-22,SKU-1020,Electric Kettle,Premium,Home & Kitchen,Peak Imports,Retail Store,Medan,Card,1,73.42,0.05,73.42,69.75,57.33,12.42,2025-10,2025-10-20/2025-10-26,0.17806451612903226
ORD-500397,2025-10-29,SKU-1036,Monitor Stand,Premium,Office,Nova Supply Co.,Online,Surabaya,Card,1,158.85,0.15,158.85,135.02,110.27,24.75,2025-10,2025-10-27/2025-11-02,0.183306176862687
ORD-500398,2025-07-14,SKU-1002,Bluetooth Speaker,Premium,Electronics,Nova Supply Co.,Online,Jakarta,E-Wallet,1,110.05,0.0,110.05,110.05,87.34,22.71,2025-07,2025-07-14/2025-07-20,0.20636074511585645
ORD-500399,2025-05-03,SKU-1015,Mechanical Keyboard,Pro,Electronics,Aster Distribution,Online,Surabaya,Card,1,110.43,0.0,110.43,110.43,80.89,29.54,2025-05,2025-04-28/2025-05-04,0.26749977361224303
ORD-500400,2025-04-10,SKU-1020,Electric Kettle,Premium,Home & Kitchen,Peak Imports,Retail Store,Jakarta,Bank Transfer,1,73.42,0.0,73.42,73.42,57.33,16.09,2025-04,2025-04-07/2025-04-13,0.2191500953418687
ORD-500401,2025-08-09,SKU-1051,Yoga Mat,Standard,Sports,Brightline Wholesale,Retail Store,Medan,E-Wallet,4,71.8,0.15,287.2,244.12,163.44,80.68,2025-08,2025-08-04/2025-08-10,0.33049320006554156
ORD-500402,2025-01-10,SKU-1033,Gel Pen Set,Standard,Office,Aster Distribution,Marketplace,Medan,Bank Transfer,1,82.15,0.1,82.15,73.94,65.35,8.59,2025-01,2025-01-06/2025-01-12,0.1161752772518258
ORD-500403,2025-01-25,SKU-1057,Water Bottle,Standard,Sports,Nova Supply Co.,Retail Store,Surabaya,Bank Transfer,1,33.1,0.1,33.1,29.79,18.31,11.48,2025-01,2025-01-20/2025-01-26,0.38536421617992617
ORD-500404,2025-10-07,SKU-1018,Air Fryer,Pro,Home & Kitchen,Peak Imports,Marketplace,Bandung,E-Wallet,3,12.8,0.0,38.4,38.4,23.04,15.36,2025-10,2025-10-06/2025-10-12,0.4
ORD-500405,2025-12-05,SKU-1005,Wireless Earbuds,Premium,Electronics,Aster Distribution,Online,Jakarta,Card,2,102.99,0.1,205.98,185.38,121.46,63.92,2025-12,2025-12-01/2025-12-07,0.34480526486136587
ORD-500406,2025-12-29,SKU-1036,Monitor Stand,Premium,Office,Nova Supply Co.,Retail Store,Bandung,Bank Transfer,3,158.85,0.0,476.55,476.55,330.81,145.74,2025-12,2025-12-29/2026-01-04,0.30582310355681463
ORD-500407,2025-12-24,SKU-1026,Desk Lamp,Premium,Home & Kitchen,Peak Imports,Marketplace,Jakarta,Card,1,42.39,0.0,42.39,42.39,31.28,11.11,2025-12,2025-12-22/2025-12-28,0.2620901155933003
ORD-500408,2025-06-01,SKU-1014,Mechanical Keyboard,Premium,Electronics,Nova Supply Co.,Online,Surabaya,E-Wallet,2,106.42,0.0,212.84,212.84,148.48,64.36,2025-06,2025-05-26/2025-06-01,0.3023867694042473
ORD-500409,2025-10-04,SKU-1025,Desk Lamp,Standard,Home & Kitchen,Urban Source Ltd.,Online,Bandung,Card,1,104.17,0.05,104.17,98.96,78.6,20.36,2025-10,2025-09-29/2025-10-05,0.20573969280517382
ORD-500410,2025-04-30,SKU-1021,Electric Kettle,Pro,Home & Kitchen,Aster Distribution,Online,Bandung,E-Wallet,1,84.19,0.0,84.19,84.19,57.93,26.26,2025-04,2025-04-28/2025-05-04,0.31191352892267493
ORD-500411,2025-06-26,SKU-1064,Dumbbell Set,Premium,Sports,Brightline Wholesale,Retail Store,Semarang,Card,2,28.95,0.2,57.9,46.32,32.3,14.02,2025-06,2025-06-23/2025-06-29,0.3026770293609672
ORD-500412,2025-10-28,SKU-1008,Power Bank,Premium,Electronics,Peak Imports,Online,Semarang,Card,1,64.8,0.0,64.8,64.8,35.52,29.28,2025-10,2025-10-27/2025-11-02,0.4518518518518519
ORD-500413,2025-03-24,SKU-1014,Mechanical Keyboard,Premium,Electronics,Nova Supply Co.,Marketplace,Semarang,Cash,3,106.42,0.0,319.26,319.26,222.72,96.54,2025-03,2025-03-24/2025-03-30,0.30238676940424736
ORD-500414,2025-10-26,SKU-1046,Moisturizer,Premium,Beauty,Peak Imports,Retail Store,Bandung,E-Wallet,1,8.32,0.05,8.32,7.9,4.59,3.31,2025-10,2025-10-20/2025-10-26,0.4189873417721519
ORD-500415,2025-03-07,SKU-1031,Notebook,Standard,Office,Brightline Wholesale,Online,Bandung,Cash,1,36.9,0.1,36.9,33.21,23.06,10.15,2025-03,2025-03-03/2025-03-09,0.30563083408611863
ORD-500416,2025-10-25,SKU-1061,Running Belt,Premium,Sports,Aster Distribution,Marketplace,Bandung,E-Wallet,2,76.7,0.0,153.4,153.4,87.42,65.98,2025-10,2025-10-20/2025-10-26,0.4301173402868318
ORD-500417,2025-04-06,SKU-1046,Moisturizer,Premium,Beauty,Peak Imports,Retail Store,Bandung,E-Wallet,1,8.32,0.0,8.32,8.32,4.59,3.73,2025-04,2025-03-31/2025-04-06,0.44831730769230765
ORD-500418,2025-04-28,SKU-1065,Dumbbell Set,Pro,Sports,Urban Source Ltd.,Retail Store,Yogyakarta,Bank Transfer,1,18.33,0.15,18.33,15.58,10.76,4.82,2025-04,2025-04-28/2025-05-04,0.3093709884467266
ORD-500419,2025-04-04,SKU-1005,Wireless Earbuds,Premium,Electronics,Aster Distribution,Retail Store,Makassar,Bank Transfer,1,102.99,0.15,102.99,87.54,60.73,26.81,2025-04,2025-03-31/2025-04-06,0.30625999543066024
ORD-500420,2025-06-26,SKU-1019,Electric Kettle,Standard,Home & Kitchen,Nova Supply Co.,Marketplace,Semarang,E-Wallet,1,88.16,0.05,88.16,83.75,53.02,30.73,2025-06,2025-06-23/2025-06-29,0.3669253731343284
ORD-500421,2025-09-27,SKU-1058,Water Bottle,Premium,Sports,Aster Distribution,Online,Bandung,Card,1,48.14,0.1,48.14,43.33,36.02,7.31,2025-09,2025-09-22/2025-09-28,0.16870528502192475
ORD-500422,2025-06-01,SKU-1002,Bluetooth Speaker,Premium,Electronics,Nova Supply Co.,Online,Yogyakarta,E-Wallet,1,110.05,0.0,110.05,110.05,87.34,22.71,2025-06,2025-05-26/2025-06-01,0.20636074511585645
ORD-500423,2025-08-03,SKU-1061,Running Belt,Premium,Sports,Aster Distribution,Online,Jakarta,Card,2,76.7,0.15,153.4,130.39,87.42,42.97,2025-08,2025-07-28/2025-08-03,0.3295498121021551
ORD-500424,2025-08-28,SKU-1019,Electric Kettle,Standard,Home & Kitchen,Nova Supply Co.,Retail Store,Jakarta,Bank Transfer,1,88.16,0.05,88.16,83.75,53.02,30.73,2025-08,2025-08-25/2025-08-31,0.3669253731343284
ORD-500425,2025-06-20,SKU-1022,Blender,Standard,Home & Kitchen,Peak Imports,Retail Store,Yogyakarta,Card,1,94.62,0.0,94.62,94.62,60.77,33.85,2025-06,2025-06-16/2025-06-22,0.3577467765800042
ORD-500426,2025-04-19,SKU-1014,Mechanical Keyboard,Premium,Electronics,Nova Supply Co.,Online,Makassar,Card,1,106.42,0.0,106.42,106.42,74.24,32.18,2025-04,2025-04-14/2025-04-20,0.3023867694042473
ORD-500427,2025-03-31,SKU-1053,Yoga Mat,Pro,Sports,Brightline Wholesale,Online,Jakarta,Bank Transfer,1,30.37,0.05,30.37,28.85,19.3,9.55,2025-03,2025-03-31/2025-04-06,0.3310225303292894
ORD-500428,2025-05-07,SKU-1032,Notebook,Premium,Office,Brightline Wholesale,Retail Store,Makassar,Card,3,86.3,0.1,258.9,233.01,190.44,42.57,2025-05,2025-05-05/2025-05-11,0.18269602162997298
ORD-500429,2025-05-09,SKU-1043,Sunscreen,Standard,Beauty,Brightline Wholesale,Online,Surabaya,Bank Transfer,4,26.13,0.05,104.52,99.29,81.48,17.81,2025-05,2025-05-05/2025-05-11,0.17937355222076742
ORD-500430,2025-01-22,SKU-1035,Monitor Stand,Standard,Office,Brightline Wholesale,Online,Surabaya,Card,1,61.43,0.1,61.43,55.29,33.7,21.59,2025-01,2025-01-20/2025-01-26,0.3904865255923313
ORD-500431,2025-01-11,SKU-1057,Water Bottle,Standard,Sports,Nova Supply Co.,Retail Store,Surabaya,E-Wallet,1,33.1,0.05,33.1,31.44,18.31,13.13,2025-01,2025-01-06/2025-01-12,0.4176208651399491
ORD-500432,2025-07-05,SKU-1057,Water Bottle,Standard,Sports,Nova Supply Co.,Online,Makassar,E-Wallet,2,33.1,0.0,66.2,66.2,36.62,29.58,2025-07,2025-06-30/2025-07-06,0.4468277945619335
ORD-500433,2025-02-06,SKU-1057,Water Bottle,Standard,Sports,Nova Supply Co.,Retail Store,Bandung,Cash,1,33.1,0.0,33.1,33.1,18.31,14.79,2025-02,2025-02-03/2025-02-09,0.4468277945619335
ORD-500434,2025-07-23,SKU-1020,Electric Kettle,Premium,Home & Kitchen,Peak Imports,Wholesale,Surabaya,Card,2,73.42,0.0,146.84,146.84,114.66,32.18,2025-07,2025-07-21/2025-07-27,0.2191500953418687
ORD-500435,2025-09-10,SKU-1053,Yoga Mat,Pro,Sports,Brightline Wholesale,Online,Surabaya,Cash,1,30.37,0.0,30.37,30.37,19.3,11.07,2025-09,2025-09-08/2025-09-14,0.3645044451761607
ORD-500436,2025-02-04,SKU-1044,Sunscreen,Premium,Beauty,Nova Supply Co.,Retail Store,Makassar,Card,1,41.08,0.0,41.08,41.08,31.72,9.36,2025-02,2025-02-03/2025-02-09,0.22784810126582278
ORD-500437,2025-08-10,SKU-1047,Hair Dryer,Standard,Beauty,Nova Supply Co.,Online,Semarang,Bank Transfer,1,52.4,0.0,52.4,52.4,41.75,10.65,2025-08,2025-08-04/2025-08-10,0.20324427480916032
ORD-500438,2025-04-20,SKU-1061,Running Belt,Premium,Sports,Aster Distribution,Marketplace,Jakarta,Bank Transfer,2,76.7,0.05,153.4,145.73,87.42,58.31,2025-04,2025-04-14/2025-04-20,0.40012351609140195
ORD-500439,2025-03-29,SKU-1019,Electric Kettle,Standard,Home & Kitchen,Nova Supply Co.,Retail Store,Bandung,Bank Transfer,1,88.16,0.05,88.16,83.75,53.02,30.73,2025-03,2025-03-24/2025-03-30,0.3669253731343284
ORD-500440,2025-06-27,SKU-1058,Water Bottle,Premium,Sports,Aster Distribution,Online,Yogyakarta,Card,4,48.14,0.0,192.56,192.56,144.08,48.48,2025-06,2025-06-23/2025-06-29,0.25176568342334854
ORD-500441,2025-05-24,SKU-1021,Electric Kettle,Pro,Home & Kitchen,Aster Distribution,Online,Yogyakarta,Card,1,84.19,0.0,84.19,84.19,57.93,26.26,2025-05,2025-05-19/2025-05-25,0.31191352892267493
ORD-500442,2025-05-21,SKU-1030,Storage Box,Pro,Home & Kitchen,Urban Source Ltd.,Online,Bandung,Card,3,61.88,0.0,185.64,185.64,143.85,41.79,2025-05,2025-05-19/2025-05-25,0.2251131221719457
ORD-500443,2025-12-14,SKU-1005,Wireless Earbuds,Premium,Electronics,Aster Distribution,Online,Surabaya,Card,1,102.99,0.0,102.99,102.99,60.73,42.26,2025-12,2025-12-08/2025-12-14,0.4103311001068065
ORD-500444,2025-01-25,SKU-1035,Monitor Stand,Standard,Office,Brightline Wholesale,Wholesale,Bandung,Card,1,61.43,0.05,61.43,58.36,33.7,24.66,2025-01,2025-01-20/2025-01-26,0.42254969156956823
ORD-500445,2025-02-26,SKU-1008,Power Bank,Premium,Electronics,Peak Imports,Retail Store,Yogyakarta,E-Wallet,1,64.8,0.1,64.8,58.32,35.52,22.8,2025-02,2025-02-24/2025-03-02,0.39094650205761317
ORD-500446,2025-05-18,SKU-1023,Blender,Premium,Home & Kitchen,Urban Source Ltd.,Retail Store,Jakarta,Card,1,72.39,0.0,72.39,72.39,53.2,19.19,2025-05,2025-05-12/2025-05-18,0.2650918635170604
ORD-500447,2025-04-29,SKU-1047,Hair Dryer,Standard,Beauty,Nova Supply Co.,Retail Store,Semarang,Card,1,52.4,0.1,52.4,47.16,41.75,5.41,2025-04,2025-04-28/2025-05-04,0.11471586089906702
ORD-500448,2025-03-04,SKU-1057,Water Bottle,Standard,Sports,Nova Supply Co.,Marketplace,Surabaya,Card,2,33.1,0.0,66.2,66.2,36.62,29.58,2025-03,2025-03-03/2025-03-09,0.4468277945619335
ORD-500449,2025-04-20,SKU-1057,Water Bottle,Standard,Sports,Nova Supply Co.,Online,Jakarta,Bank Transfer,1,33.1,0.05,33.1,31.44,18.31,13.13,2025-04,2025-04-14/2025-04-20,0.4176208651399491
ORD-500450,2025-01-09,SKU-1053,Yoga Mat,Pro,Sports,Brightline Wholesale,Marketplace,Semarang,E-Wallet,1,30.37,0.05,30.37,28.85,19.3,9.55,2025-01,2025-01-06/2025-01-12,0.3310225303292894
ORD-500451,2025-11-21,SKU-1056,Resistance Bands,Pro,Sports,Nova Supply Co.,Online,Bandung,Card,1,37.19,0.15,37.19,31.61,21.86,9.75,2025-11,2025-11-17/2025-11-23,0.3084466940841506
ORD-500452,2025-12-28,SKU-1042,Face Cleanser,Premium,Beauty,Peak Imports,Online,Surabaya,Bank Transfer,1,31.12,0.0,31.12,31.12,25.16,5.96,2025-12,2025-12-22/2025-12-28,0.19151670951156813
ORD-500453,2025-05-08,SKU-1019,Electric Kettle,Standard,Home & Kitchen,Nova Supply Co.,Online,Jakarta,Cash,1,88.16,0.0,88.16,88.16,53.02,35.14,2025-05,2025-05-05/2025-05-11,0.3985934664246824
ORD-500454,2025-07-10,SKU-1009,Power Bank,Pro,Electronics,Nova Supply Co.,Marketplace,Jakarta,E-Wallet,2,120.75,0.05,241.5,229.42,184.86,44.56,2025-07,2025-07-07/2025-07-13,0.19422892511550868
ORD-500455,2025-07-29,SKU-1057,Water Bottle,Standard,Sports,Nova Supply Co.,Online,Jakarta,E-Wallet,1,33.1,0.0,33.1,33.1,18.31,14.79,2025-07,2025-07-28/2025-08-03,0.4468277945619335
ORD-500456,2025-02-18,SKU-1002,Bluetooth Speaker,Premium,Electronics,Nova Supply Co.,Marketplace,Jakarta,E-Wallet,2,110.05,0.2,220.1,176.08,174.68,1.4,2025-02,2025-02-17/2025-02-23,0.007950931394820535
ORD-500457,2025-04-09,SKU-1004,Wireless Earbuds,Standard,Electronics,Aster Distribution,Marketplace,Jakarta,Cash,1,77.45,0.1,77.45,69.7,55.47,14.23,2025-04,2025-04-07/2025-04-13,0.2041606886657102
ORD-500458,2025-01-17,SKU-1001,Bluetooth Speaker,Standard,Electronics,Nova Supply Co.,Online,Surabaya,E-Wallet,1,120.16,0.2,120.16,96.13,83.77,12.36,2025-01,2025-01-13/2025-01-19,0.12857588681993135
ORD-500459,2025-12-21,SKU-1007,Power Bank,Standard,Electronics,Nova Supply Co.,Wholesale,Medan,E-Wallet,1,127.25,0.1,127.25,114.52,81.84,32.68,2025-12,2025-12-15/2025-12-21,0.2853650017464198
ORD-500460,2025-04-05,SKU-1057,Water Bottle,Standard,Sports,Nova Supply Co.,Marketplace,Medan,Cash,2,33.1,0.0,66.2,66.2,36.62,29.58,2025-04,2025-03-31/2025-04-06,0.4468277945619335
ORD-500461,2025-07-12,SKU-1019,Electric Kettle,Standard,Home & Kitchen,Nova Supply Co.,Online,Jakarta,Bank Transfer,3,88.16,0.1,264.48,238.03,159.06,78.97,2025-07,2025-07-07/2025-07-13,0.3317649035835819
ORD-500462,2025-07-22,SKU-1025,Desk Lamp,Standard,Home & Kitchen,Urban Source Ltd.,Online,Makassar,E-Wallet,1,104.17,0.05,104.17,98.96,78.6,20.36,2025-07,2025-07-21/2025-07-27,0.20573969280517382
ORD-500463,2025-05-08,SKU-1033,Gel Pen Set,Standard,Office,Aster Distribution,Retail Store,Makassar,E-Wallet,1,82.15,0.15,82.15,69.83,65.35,4.48,2025-05,2025-05-05/2025-05-11,0.06415580695975942
ORD-500464,2025-02-09,SKU-1010,USB-C Hub,Standard,Electronics,Peak Imports,Online,Medan,Bank Transfer,2,23.78,0.0,47.56,47.56,36.94,10.62,2025-02,2025-02-03/2025-02-09,0.22329688814129517
ORD-500465,2025-02-25,SKU-1004,Wireless Earbuds,Standard,Electronics,Aster Distribution,Online,Makassar,E-Wallet,2,77.45,0.05,154.9,147.16,110.94,36.22,2025-02,2025-02-24/2025-03-02,0.24612666485458004
ORD-500466,2025-11-25,SKU-1056,Resistance Bands,Pro,Sports,Nova Supply Co.,Marketplace,Medan,Bank Transfer,2,37.19,0.0,74.38,74.38,43.72,30.66,2025-11,2025-11-24/2025-11-30,0.4122075826835171
ORD-500467,2025-12-03,SKU-1035,Monitor Stand,Standard,Office,Brightline Wholesale,Online,Makassar,E-Wallet,1,61.43,0.1,61.43,55.29,33.7,21.59,2025-12,2025-12-01/2025-12-07,0.3904865255923313
ORD-500468,2025-09-12,SKU-1009,Power Bank,Pro,Electronics,Nova Supply Co.,Online,Jakarta,Card,1,120.75,0.05,120.75,114.71,92.43,22.28,2025-09,2025-09-08/2025-09-14,0.19422892511550868
ORD-500469,2025-05-04,SKU-1002,Bluetooth Speaker,Premium,Electronics,Nova Supply Co.,Online,Yogyakarta,E-Wallet,1,110.05,0.05,110.05,104.55,87.34,17.21,2025-05,2025-04-28/2025-05-04,0.1646102343376375
ORD-500470,2025-06-25,SKU-1040,Office Chair,Premium,Office,Brightline Wholesale,Wholesale,Medan,Card,2,159.4,0.05,318.8,302.86,222.84,80.02,2025-06,2025-06-23/2025-06-29,0.2642144885425609
ORD-500471,2025-04-15,SKU-1033,Gel Pen Set,Standard,Office,Aster Distribution,Retail Store,Jakarta,E-Wallet,1,82.15,0.0,82.15,82.15,65.35,16.8,2025-04,2025-04-14/2025-04-20,0.20450395617772368
ORD-500472,2025-10-16,SKU-1033,Gel Pen Set,Standard,Office,Aster Distribution,Retail Store,Yogyakarta,E-Wallet,2,82.15,0.1,164.3,147.87,130.7,17.17,2025-10,2025-10-13/2025-10-19,0.11611550686413742
ORD-500473,2025-05-01,SKU-1011,USB-C Hub,Premium,Electronics,Urban Source Ltd.,Online,Bandung,Bank Transfer,2,116.31,0.1,232.62,209.36,127.74,81.62,2025-05,2025-04-28/2025-05-04,0.3898547955674436
ORD-500474,2025-02-02,SKU-1035,Monitor Stand,Standard,Office,Brightline Wholesale,Retail Store,Yogyakarta,E-Wallet,1,61.43,0.05,61.43,58.36,33.7,24.66,2025-02,2025-01-27/2025-02-02,0.42254969156956823
ORD-500475,2025-11-02,SKU-1031,Notebook,Standard,Office,Brightline Wholesale,Wholesale,Surabaya,E-Wallet,2,36.9,0.0,73.8,73.8,46.12,27.68,2025-11,2025-10-27/2025-11-02,0.3750677506775068
ORD-500476,2025-11-12,SKU-1023,Blender,Premium,Home & Kitchen,Urban Source Ltd.,Retail Store,Surabaya,Bank Transfer,3,72.39,0.0,217.17,217.17,159.6,57.57,2025-11,2025-11-10/2025-11-16,0.2650918635170604
ORD-500477,2025-12-11,SKU-1056,Resistance Bands,Pro,Sports,Nova Supply Co.,Marketplace,Jakarta,E-Wallet,1,37.19,0.1,37.19,33.47,21.86,11.61,2025-12,2025-12-08/2025-12-14,0.3468778010158351
ORD-500478,2025-02-08,SKU-1036,Monitor Stand,Premium,Office,Nova Supply Co.,Retail Store,Medan,E-Wallet,3,158.85,0.0,476.55,476.55,330.81,145.74,2025-02,2025-02-03/2025-02-09,0.30582310355681463
ORD-500479,2025-03-12,SKU-1057,Water Bottle,Standard,Sports,Nova Supply Co.,Online,Semarang,Card,1,33.1,0.05,33.1,31.44,18.31,13.13,2025-03,2025-03-10/2025-03-16,0.4176208651399491
ORD-500480,2025-01-19,SKU-1056,Resistance Bands,Pro,Sports,Nova Supply Co.,Marketplace,Surabaya,Bank Transfer,1,37.19,0.0,37.19,37.19,21.86,15.33,2025-01,2025-01-13/2025-01-19,0.4122075826835171
ORD-500481,2025-08-17,SKU-1056,Resistance Bands,Pro,Sports,Nova Supply Co.,Online,Jakarta,Bank Transfer,1,37.19,0.0,37.19,37.19,21.86,15.33,2025-08,2025-08-11/2025-08-17,0.4122075826835171
ORD-500482,2025-09-07,SKU-1061,Running Belt,Premium,Sports,Aster Distribution,Online,Yogyakarta,Card,1,76.7,0.05,76.7,72.86,43.71,29.15,2025-09,2025-09-01/2025-09-07,0.400082349711776
ORD-500483,2025-11-18,SKU-1007,Power Bank,Standard,Electronics,Nova Supply Co.,Wholesale,Yogyakarta,Card,2,127.25,0.15,254.5,216.32,163.68,52.64,2025-11,2025-11-17/2025-11-23,0.2433431952662722
ORD-500484,2025-06-18,SKU-1012,USB-C Hub,Pro,Electronics,Nova Supply Co.,Marketplace,Bandung,Bank Transfer,1,66.9,0.0,66.9,66.9,46.06,20.84,2025-06,2025-06-16/2025-06-22,0.3115097159940209
ORD-500485,2025-05-09,SKU-1022,Blender,Standard,Home & Kitchen,Peak Imports,Marketplace,Yogyakarta,Card,1,94.62,0.15,94.62,80.43,60.77,19.66,2025-05,2025-05-05/2025-05-11,0.2444361556633097
ORD-500486,2025-03-01,SKU-1060,Running Belt,Standard,Sports,Nova Supply Co.,Marketplace,Makassar,Card,3,84.42,0.1,253.26,227.93,144.45,83.48,2025-03,2025-02-24/2025-03-02,0.36625279691133245
ORD-500487,2025-04-04,SKU-1037,Desk Organizer,Standard,Office,Nova Supply Co.,Online,Makassar,E-Wallet,2,24.82,0.0,49.64,49.64,28.16,21.48,2025-04,2025-03-31/2025-04-06,0.43271555197421435
ORD-500488,2025-08-19,SKU-1035,Monitor Stand,Standard,Office,Brightline Wholesale,Online,Medan,E-Wallet,2,61.43,0.0,122.86,122.86,67.4,55.46,2025-08,2025-08-18/2025-08-24,0.45140810678821425
ORD-500489,2025-05-01,SKU-1030,Storage Box,Pro,Home & Kitchen,Urban Source Ltd.,Marketplace,Yogyakarta,E-Wallet,1,61.88,0.0,61.88,61.88,47.95,13.93,2025-05,2025-04-28/2025-05-04,0.22511312217194568
ORD-500490,2025-01-05,SKU-1033,Gel Pen Set,Standard,Office,Aster Distribution,Retail Store,Medan,E-Wallet,1,82.15,0.2,82.15,65.72,65.35,0.37,2025-01,2024-12-30/2025-01-05,0.005629945222154595
ORD-500491,2025-06-12,SKU-1017,Air Fryer,Premium,Home & Kitchen,Peak Imports,Online,Semarang,Card,1,85.71,0.05,85.71,81.42,66.93,14.49,2025-06,2025-06-09/2025-06-15,0.17796610169491525
ORD-500492,2025-03-05,SKU-1061,Running Belt,Premium,Sports,Aster Distribution,Online,Makassar,E-Wallet,1,76.7,0.1,76.7,69.03,43.71,25.32,2025-03,2025-03-03/2025-03-09,0.36679704476314645
ORD-500493,2025-12-29,SKU-1027,Desk Lamp,Pro,Home & Kitchen,Brightline Wholesale,Online,Medan,Card,1,72.16,0.1,72.16,64.94,43.33,21.61,2025-12,2025-12-29/2026-01-04,0.3327687095780721
ORD-500494,2025-01-10,SKU-1031,Notebook,Standard,Office,Brightline Wholesale,Online,Surabaya,Cash,1,36.9,0.0,36.9,36.9,23.06,13.84,2025-01,2025-01-06/2025-01-12,0.3750677506775068
ORD-500495,2025-06-23,SKU-1039,Office Chair,Standard,Office,Nova Supply Co.,Online,Yogyakarta,E-Wallet,4,42.18,0.0,168.72,168.72,97.88,70.84,2025-06,2025-06-23/2025-06-29,0.41986723565670936
ORD-500496,2025-01-16,SKU-1050,Makeup Brush Set,Premium,Beauty,Peak Imports,Online,Yogyakarta,E-Wallet,2,37.2,0.05,74.4,70.68,51.86,18.82,2025-01,2025-01-13/2025-01-19,0.2662705149971703
ORD-500497,2025-02-27,SKU-1057,Water Bottle,Standard,Sports,Nova Supply Co.,Retail Store,Surabaya,Card,1,33.1,0.15,33.1,28.14,18.31,9.83,2025-02,2025-02-24/2025-03-02,0.34932480454868514
ORD-500498,2025-08-15,SKU-1056,Resistance Bands,Pro,Sports,Nova Supply Co.,Marketplace,Yogyakarta,Card,1,37.19,0.0,37.19,37.19,21.86,15.33,2025-08,2025-08-11/2025-08-17,0.4122075826835171
ORD-500499,2025-05-09,SKU-1019,Electric Kettle,Standard,Home & Kitchen,Nova Supply Co.,Online,Jakarta,E-Wallet,1,88.16,0.05,88.16,83.75,53.02,30.73,2025-05,2025-05-05/2025-05-11,0.3669253731343284
ORD-500500,2025-01-02,SKU-1053,Yoga Mat,Pro,Sports,Brightline Wholesale,Retail Store,Yogyakarta,Bank Transfer,2,30.37,0.1,60.74,54.67,38.6,16.07,2025-01,2024-12-30/2025-01-05,0.2939454911285897
ORD-500501,2025-11-12,SKU-1060,Running Belt,Standard,Sports,Nova Supply Co.,Retail Store,Medan,Bank Transfer,1,84.42,0.15,84.42,71.76,48.15,23.61,2025-11,2025-11-10/2025-11-16,0.3290133779264214
ORD-500502,2025-02-15,SKU-1025,Desk Lamp,Standard,Home & Kitchen,Urban Source Ltd.,Marketplace,Jakarta,Card,1,104.17,0.05,104.17,98.96,78.6,20.36,2025-02,2025-02-10/2025-02-16,0.20573969280517382
ORD-500503,2025-09-15,SKU-1008,Power Bank,Premium,Electronics,Peak Imports,Online,Makassar,Card,1,64.8,0.0,64.8,64.8,35.52,29.28,2025-09,2025-09-15/2025-09-21,0.4518518518518519
ORD-500504,2025-10-03,SKU-1021,Electric Kettle,Pro,Home & Kitchen,Aster Distribution,Marketplace,Bandung,Bank Transfer,2,84.19,0.1,168.38,151.54,115.86,35.68,2025-10,2025-09-29/2025-10-05,0.2354493863006467
ORD-500505,2025-07-12,SKU-1014,Mechanical Keyboard,Premium,Electronics,Nova Supply Co.,Marketplace,Medan,Card,1,106.42,0.0,106.42,106.42,74.24,32.18,2025-07,2025-07-07/2025-07-13,0.3023867694042473
ORD-500506,2025-06-29,SKU-1056,Resistance Bands,Pro,Sports,Nova Supply Co.,Online,Yogyakarta,Bank Transfer,3,37.19,0.15,111.57,94.83,65.58,29.25,2025-06,2025-06-23/2025-06-29,0.3084466940841506
ORD-500507,2025-11-28,SKU-1061,Running Belt,Premium,Sports,Aster Distribution,Marketplace,Makassar,Bank Transfer,1,76.7,0.05,76.7,72.86,43.71,29.15,2025-11,2025-11-24/2025-11-30,0.400082349711776
ORD-500508,2025-12-17,SKU-1016,Air Fryer,Standard,Home & Kitchen,Aster Distribution,Online,Yogyakarta,E-Wallet,2,98.91,0.05,197.82,187.93,140.76,47.17,2025-12,2025-12-15/2025-12-21,0.25099771191401055
ORD-500509,2025-11-01,SKU-1032,Notebook,Premium,Office,Brightline Wholesale,Online,Semarang,E-Wallet,1,86.3,0.0,86.3,86.3,63.48,22.82,2025-11,2025-10-27/2025-11-02,0.2644264194669757
ORD-500510,2025-11-21,SKU-1010,USB-C Hub,Standard,Electronics,Peak Imports,Retail Store,Makassar,E-Wallet,2,23.78,0.05,47.56,45.18,36.94,8.24,2025-11,2025-11-17/2025-11-23,0.18238158477202301
ORD-500511,2025-04-15,SKU-1057,Water Bottle,Standard,Sports,Nova Supply Co.,Online,Yogyakarta,E-Wallet,2,33.1,0.1,66.2,59.58,36.62,22.96,2025-04,2025-04-14/2025-04-20,0.38536421617992617
ORD-500512,2025-11-11,SKU-1057,Water Bottle,Standard,Sports,Nova Supply Co.,Retail Store,Jakarta,Card,4,33.1,0.1,132.4,119.16,73.24,45.92,2025-11,2025-11-10/2025-11-16,0.38536421617992617
ORD-500513,2025-05-24,SKU-1061,Running Belt,Premium,Sports,Aster Distribution,Online,Jakarta,E-Wallet,1,76.7,0.05,76.7,72.86,43.71,29.15,2025-05,2025-05-19/2025-05-25,0.400082349711776
ORD-500514,2025-09-29,SKU-1012,USB-C Hub,Pro,Electronics,Nova Supply Co.,Marketplace,Bandung,Cash,2,66.9,0.0,133.8,133.8,92.12,41.68,2025-09,2025-09-29/2025-10-05,0.3115097159940209
ORD-500515,2025-11-30,SKU-1030,Storage Box,Pro,Home & Kitchen,Urban Source Ltd.,Retail Store,Yogyakarta,Card,2,61.88,0.0,123.76,123.76,95.9,27.86,2025-11,2025-11-24/2025-11-30,0.22511312217194568
ORD-500516,2025-05-24,SKU-1027,Desk Lamp,Pro,Home & Kitchen,Brightline Wholesale,Marketplace,Medan,Card,1,72.16,0.05,72.16,68.55,43.33,25.22,2025-05,2025-05-19/2025-05-25,0.3679066374908826
ORD-500517,2025-04-15,SKU-1035,Monitor Stand,Standard,Office,Brightline Wholesale,Online,Surabaya,E-Wallet,1,61.43,0.05,61.43,58.36,33.7,24.66,2025-04,2025-04-14/2025-04-20,0.42254969156956823
ORD-500518,2025-05-26,SKU-1050,Makeup Brush Set,Premium,Beauty,Peak Imports,Online,Yogyakarta,Card,1,37.2,0.1,37.2,33.48,25.93,7.55,2025-05,2025-05-26/2025-06-01,0.22550776583034648
ORD-500519,2025-08-01,SKU-1035,Monitor Stand,Standard,Office,Brightline Wholesale,Marketplace,Semarang,E-Wallet,1,61.43,0.1,61.43,55.29,33.7,21.59,2025-08,2025-07-28/2025-08-03,0.3904865255923313
ORD-500520,2025-11-08,SKU-1041,Face Cleanser,Standard,Beauty,Brightline Wholesale,Retail Store,Medan,Bank Transfer,1,40.88,0.15,40.88,34.75,26.08,8.67,2025-11,2025-11-03/2025-11-09,0.24949640287769784
ORD-500521,2025-05-22,SKU-1065,Dumbbell Set,Pro,Sports,Urban Source Ltd.,Online,Jakarta,E-Wallet,2,18.33,0.0,36.66,36.66,21.52,15.14,2025-05,2025-05-19/2025-05-25,0.4129841789416258
ORD-500522,2025-05-20,SKU-1002,Bluetooth Speaker,Premium,Electronics,Nova Supply Co.,Marketplace,Semarang,Bank Transfer,1,110.05,0.15,110.05,93.54,87.34,6.2,2025-05,2025-05-19/2025-05-25,0.06628180457558264
ORD-500523,2025-11-07,SKU-1024,Blender,Pro,Home & Kitchen,Aster Distribution,Online,Medan,E-Wallet,2,59.17,0.05,118.34,112.42,89.92,22.5,2025-11,2025-11-03/2025-11-09,0.20014232342999466
ORD-500524,2025-09-09,SKU-1012,USB-C Hub,Pro,Electronics,Nova Supply Co.,Marketplace,Bandung,Cash,1,66.9,0.05,66.9,63.56,46.06,17.5,2025-09,2025-09-08/2025-09-14,0.2753303964757709
ORD-500525,2025-10-20,SKU-1012,USB-C Hub,Pro,Electronics,Nova Supply Co.,Marketplace,Makassar,Bank Transfer,1,66.9,0.15,66.9,56.86,46.06,10.8,2025-10,2025-10-20/2025-10-26,0.18994020400984876
ORD-500526,2025-12-21,SKU-1030,Storage Box,Pro,Home & Kitchen,Urban Source Ltd.,Online,Jakarta,Card,5,61.88,0.05,309.4,293.93,239.75,54.18,2025-12,2025-12-15/2025-12-21,0.18432960228625864
ORD-500527,2025-07-08,SKU-1021,Electric Kettle,Pro,Home & Kitchen,Aster Distribution,Online,Surabaya,Card,1,84.19,0.0,84.19,84.19,57.93,26.26,2025-07,2025-07-07/2025-07-13,0.31191352892267493
ORD-500528,2025-07-06,SKU-1053,Yoga Mat,Pro,Sports,Brightline Wholesale,Marketplace,Bandung,Bank Transfer,1,30.37,0.0,30.37,30.37,19.3,11.07,2025-07,2025-06-30/2025-07-06,0.3645044451761607
ORD-500529,2025-07-08,SKU-1017,Air Fryer,Premium,Home & Kitchen,Peak Imports,Marketplace,Yogyakarta,Cash,1,85.71,0.0,85.71,85.71,66.93,18.78,2025-07,2025-07-07/2025-07-13,0.21911095554777743
ORD-500530,2025-11-22,SKU-1027,Desk Lamp,Pro,Home & Kitchen,Brightline Wholesale,Online,Bandung,E-Wallet,1,72.16,0.1,72.16,64.94,43.33,21.61,2025-11,2025-11-17/2025-11-23,0.3327687095780721
ORD-500531,2025-02-04,SKU-1057,Water Bottle,Standard,Sports,Nova Supply Co.,Online,Surabaya,Card,1,33.1,0.1,33.1,29.79,18.31,11.48,2025-02,2025-02-03/2025-02-09,0.38536421617992617
ORD-500532,2025-07-29,SKU-1053,Yoga Mat,Pro,Sports,Brightline Wholesale,Online,Jakarta,Card,1,30.37,0.0,30.37,30.37,19.3,11.07,2025-07,2025-07-28/2025-08-03,0.3645044451761607
ORD-500533,2025-10-09,SKU-1012,USB-C Hub,Pro,Electronics,Nova Supply Co.,Online,Medan,Card,2,66.9,0.15,133.8,113.73,92.12,21.61,2025-10,2025-10-06/2025-10-12,0.19001143058120107
ORD-500534,2025-07-01,SKU-1057,Water Bottle,Standard,Sports,Nova Supply Co.,Retail Store,Jakarta,E-Wallet,2,33.1,0.15,66.2,56.27,36.62,19.65,2025-07,2025-06-30/2025-07-06,0.34920917007286295
ORD-500535,2025-07-05,SKU-1032,Notebook,Premium,Office,Brightline Wholesale,Marketplace,Bandung,Bank Transfer,1,86.3,0.15,86.3,73.35,63.48,9.87,2025-07,2025-06-30/2025-07-06,0.134560327198364
ORD-500536,2025-09-12,SKU-1019,Electric Kettle,Standard,Home & Kitchen,Nova Supply Co.,Marketplace,Surabaya,E-Wallet,1,88.16,0.15,88.16,74.94,53.02,21.92,2025-09,2025-09-08/2025-09-14,0.29250066720042706
ORD-500537,2025-07-04,SKU-1057,Water Bottle,Standard,Sports,Nova Supply Co.,Online,Jakarta,Cash,4,33.1,0.0,132.4,132.4,73.24,59.16,2025-07,2025-06-30/2025-07-06,0.4468277945619335
ORD-500538,2025-06-12,SKU-1057,Water Bottle,Standard,Sports,Nova Supply Co.,Marketplace,Yogyakarta,Card,1,33.1,0.1,33.1,29.79,18.31,11.48,2025-06,2025-06-09/2025-06-15,0.38536421617992617
ORD-500539,2025-08-08,SKU-1031,Notebook,Standard,Office,Brightline Wholesale,Online,Jakarta,E-Wallet,1,36.9,0.0,36.9,36.9,23.06,13.84,2025-08,2025-08-04/2025-08-10,0.3750677506775068
ORD-500540,2025-05-10,SKU-1006,Wireless Earbuds,Pro,Electronics,Aster Distribution,Retail Store,Semarang,E-Wallet,1,48.0,0.0,48.0,48.0,31.91,16.09,2025-05,2025-05-05/2025-05-11,0.33520833333333333
ORD-500541,2025-04-25,SKU-1042,Face Cleanser,Premium,Beauty,Peak Imports,Marketplace,Yogyakarta,E-Wallet,1,31.12,0.15,31.12,26.45,25.16,1.29,2025-04,2025-04-21/2025-04-27,0.048771266540642726
ORD-500542,2025-03-21,SKU-1056,Resistance Bands,Pro,Sports,Nova Supply Co.,Retail Store,Semarang,Bank Transfer,1,37.19,0.1,37.19,33.47,21.86,11.61,2025-03,2025-03-17/2025-03-23,0.3468778010158351
ORD-500543,2025-03-23,SKU-1035,Monitor Stand,Standard,Office,Brightline Wholesale,Online,Bandung,E-Wallet,1,61.43,0.0,61.43,61.43,33.7,27.73,2025-03,2025-03-17/2025-03-23,0.45140810678821425
ORD-500544,2025-12-27,SKU-1053,Yoga Mat,Pro,Sports,Brightline Wholesale,Online,Medan,Card,4,30.37,0.0,121.48,121.48,77.2,44.28,2025-12,2025-12-22/2025-12-28,0.3645044451761607
ORD-500545,2025-06-14,SKU-1012,USB-C Hub,Pro,Electronics,Nova Supply Co.,Marketplace,Makassar,Card,1,66.9,0.1,66.9,60.21,46.06,14.15,2025-06,2025-06-09/2025-06-15,0.23501079554891213
ORD-500546,2025-08-06,SKU-1009,Power Bank,Pro,Electronics,Nova Supply Co.,Wholesale,Semarang,Card,1,120.75,0.15,120.75,102.64,92.43,10.21,2025-08,2025-08-04/2025-08-10,0.0994738893219018
ORD-500547,2025-03-17,SKU-1002,Bluetooth Speaker,Premium,Electronics,Nova Supply Co.,Wholesale,Bandung,Bank Transfer,1,110.05,0.0,110.05,110.05,87.34,22.71,2025-03,2025-03-17/2025-03-23,0.20636074511585645
ORD-500548,2025-09-11,SKU-1026,Desk Lamp,Premium,Home & Kitchen,Peak Imports,Online,Yogyakarta,Bank Transfer,3,42.39,0.0,127.17,127.17,93.84,33.33,2025-09,2025-09-08/2025-09-14,0.2620901155933003
ORD-500549,2025-09-04,SKU-1062,Running Belt,Pro,Sports,Nova Supply Co.,Online,Surabaya,E-Wallet,4,33.01,0.1,132.04,118.84,79.72,39.12,2025-09,2025-09-01/2025-09-07,0.3291820935711881
ORD-500550,2025-09-05,SKU-1011,USB-C Hub,Premium,Electronics,Urban Source Ltd.,Online,Jakarta,E-Wallet,2,116.31,0.1,232.62,209.36,127.74,81.62,2025-09,2025-09-01/2025-09-07,0.3898547955674436
ORD-500551,2025-02-17,SKU-1027,Desk Lamp,Pro,Home & Kitchen,Brightline Wholesale,Marketplace,Surabaya,E-Wallet,2,72.16,0.1,144.32,129.89,86.66,43.23,2025-02,2025-02-17/2025-02-23,0.33282007852798523
ORD-500552,2025-03-23,SKU-1038,Desk Organizer,Premium,Office,Urban Source Ltd.,Marketplace,Bandung,E-Wallet,1,47.71,0.0,47.71,47.71,35.03,12.68,2025-03,2025-03-17/2025-03-23,0.26577237476420035
ORD-500553,2025-08-12,SKU-1026,Desk Lamp,Premium,Home & Kitchen,Peak Imports,Online,Yogyakarta,Bank Transfer,1,42.39,0.0,42.39,42.39,31.28,11.11,2025-08,2025-08-11/2025-08-17,0.2620901155933003
ORD-500554,2025-01-17,SKU-1035,Monitor Stand,Standard,Office,Brightline Wholesale,Online,Bandung,Bank Transfer,1,61.43,0.0,61.43,61.43,33.7,27.73,2025-01,2025-01-13/2025-01-19,0.45140810678821425
ORD-500555,2025-01-28,SKU-1023,Blender,Premium,Home & Kitchen,Urban Source Ltd.,Marketplace,Semarang,Card,1,72.39,0.1,72.39,65.15,53.2,11.95,2025-01,2025-01-27/2025-02-02,0.18342287029930926
ORD-500556,2025-10-08,SKU-1052,Yoga Mat,Premium,Sports,Peak Imports,Retail Store,Bandung,Bank Transfer,3,51.11,0.1,153.33,138.0,121.08,16.92,2025-10,2025-10-06/2025-10-12,0.12260869565217393
ORD-500557,2025-12-16,SKU-1027,Desk Lamp,Pro,Home & Kitchen,Brightline Wholesale,Wholesale,Medan,Bank Transfer,1,72.16,0.0,72.16,72.16,43.33,28.83,2025-12,2025-12-15/2025-12-21,0.3995288248337029
ORD-500558,2025-06-07,SKU-1025,Desk Lamp,Standard,Home & Kitchen,Urban Source Ltd.,Marketplace,Semarang,Card,1,104.17,0.0,104.17,104.17,78.6,25.57,2025-06,2025-06-02/2025-06-08,0.2454641451473553
ORD-500559,2025-08-26,SKU-1002,Bluetooth Speaker,Premium,Electronics,Nova Supply Co.,Marketplace,Yogyakarta,Bank Transfer,1,110.05,0.05,110.05,104.55,87.34,17.21,2025-08,2025-08-25/2025-08-31,0.1646102343376375
ORD-500560,2025-07-23,SKU-1012,USB-C Hub,Pro,Electronics,Nova Supply Co.,Retail Store,Medan,Bank Transfer,1,66.9,0.0,66.9,66.9,46.06,20.84,2025-07,2025-07-21/2025-07-27,0.3115097159940209
ORD-500561,2025-02-13,SKU-1033,Gel Pen Set,Standard,Office,Aster Distribution,Marketplace,Jakarta,E-Wallet,1,82.15,0.0,82.15,82.15,65.35,16.8,2025-02,2025-02-10/2025-02-16,0.20450395617772368
ORD-500562,2025-04-11,SKU-1034,Gel Pen Set,Premium,Office,Aster Distribution,Marketplace,Yogyakarta,Card,1,211.77,0.05,211.77,201.18,119.78,81.4,2025-04,2025-04-07/2025-04-13,0.40461278457103095
ORD-500563,2025-05-01,SKU-1061,Running Belt,Premium,Sports,Aster Distribution,Marketplace,Jakarta,Cash,1,76.7,0.0,76.7,76.7,43.71,32.99,2025-05,2025-04-28/2025-05-04,0.4301173402868318
ORD-500564,2025-03-22,SKU-1064,Dumbbell Set,Premium,Sports,Brightline Wholesale,Online,Jakarta,Card,1,28.95,0.05,28.95,27.5,16.15,11.35,2025-03,2025-03-17/2025-03-23,0.4127272727272727
ORD-500565,2025-07-18,SKU-1064,Dumbbell Set,Premium,Sports,Brightline Wholesale,Online,Semarang,E-Wallet,1,28.95,0.05,28.95,27.5,16.15,11.35,2025-07,2025-07-14/2025-07-20,0.4127272727272727
ORD-500566,2025-12-27,SKU-1024,Blender,Pro,Home & Kitchen,Aster Distribution,Retail Store,Yogyakarta,Bank Transfer,4,59.17,0.2,236.68,189.34,179.84,9.5,2025-12,2025-12-22/2025-12-28,0.050174289637688815
ORD-500567,2025-06-26,SKU-1063,Dumbbell Set,Standard,Sports,Urban Source Ltd.,Marketplace,Jakarta,Card,1,37.4,0.15,37.4,31.79,29.68,2.11,2025-06,2025-06-23/2025-06-29,0.06637307329348852
ORD-500568,2025-05-19,SKU-1044,Sunscreen,Premium,Beauty,Nova Supply Co.,Online,Bandung,E-Wallet,1,41.08,0.05,41.08,39.03,31.72,7.31,2025-05,2025-05-19/2025-05-25,0.1872918267998975
ORD-500569,2025-02-25,SKU-1009,Power Bank,Pro,Electronics,Nova Supply Co.,Marketplace,Bandung,Card,1,120.75,0.15,120.75,102.64,92.43,10.21,2025-02,2025-02-24/2025-03-02,0.0994738893219018
ORD-500570,2025-09-03,SKU-1044,Sunscreen,Premium,Beauty,Nova Supply Co.,Retail Store,Bandung,E-Wallet,4,41.08,0.0,164.32,164.32,126.88,37.44,2025-09,2025-09-01/2025-09-07,0.22784810126582278
ORD-500571,2025-11-15,SKU-1003,Bluetooth Speaker,Pro,Electronics,Brightline Wholesale,Retail Store,Semarang,E-Wallet,1,118.47,0.05,118.47,112.55,71.07,41.48,2025-11,2025-11-10/2025-11-16,0.3685473123056419
ORD-500572,2025-02-28,SKU-1043,Sunscreen,Standard,Beauty,Brightline Wholesale,Marketplace,Medan,Card,1,26.13,0.0,26.13,26.13,20.37,5.76,2025-02,2025-02-24/2025-03-02,0.22043628013777267
ORD-500573,2025-11-30,SKU-1041,Face Cleanser,Standard,Beauty,Brightline Wholesale,Online,Medan,Card,1,40.88,0.0,40.88,40.88,26.08,14.8,2025-11,2025-11-24/2025-11-30,0.36203522504892366
ORD-500574,2025-07-25,SKU-1001,Bluetooth Speaker,Standard,Electronics,Nova Supply Co.,Wholesale,Bandung,Card,4,120.16,0.0,480.64,480.64,335.08,145.56,2025-07,2025-07-21/2025-07-27,0.3028462050599201
ORD-500575,2025-02-17,SKU-1015,Mechanical Keyboard,Pro,Electronics,Aster Distribution,Online,Semarang,Card,1,110.43,0.0,110.43,110.43,80.89,29.54,2025-02,2025-02-17/2025-02-23,0.26749977361224303
ORD-500576,2025-10-25,SKU-1062,Running Belt,Pro,Sports,Nova Supply Co.,Online,Yogyakarta,Bank Transfer,2,33.01,0.0,66.02,66.02,39.86,26.16,2025-10,2025-10-20/2025-10-26,0.396243562556801
ORD-500577,2025-02-04,SKU-1060,Running Belt,Standard,Sports,Nova Supply Co.,Online,Jakarta,Bank Transfer,1,84.42,0.0,84.42,84.42,48.15,36.27,2025-02,2025-02-03/2025-02-09,0.42963752665245203
ORD-500578,2025-10-11,SKU-1001,Bluetooth Speaker,Standard,Electronics,Nova Supply Co.,Online,Yogyakarta,Bank Transfer,1,120.16,0.15,120.16,102.14,83.77,18.37,2025-10,2025-10-06/2025-10-12,0.17985118464852165
ORD-500579,2025-02-23,SKU-1006,Wireless Earbuds,Pro,Electronics,Aster Distribution,Wholesale,Makassar,Card,1,48.0,0.0,48.0,48.0,31.91,16.09,2025-02,2025-02-17/2025-02-23,0.33520833333333333
ORD-500580,2025-10-19,SKU-1019,Electric Kettle,Standard,Home & Kitchen,Nova Supply Co.,Online,Semarang,E-Wallet,1,88.16,0.05,88.16,83.75,53.02,30.73,2025-10,2025-10-13/2025-10-19,0.3669253731343284
ORD-500581,2025-12-29,SKU-1039,Office Chair,Standard,Office,Nova Supply Co.,Online,Jakarta,E-Wallet,1,42.18,0.05,42.18,40.07,24.47,15.6,2025-12,2025-12-29/2026-01-04,0.38931869228849514
ORD-500582,2025-03-08,SKU-1039,Office Chair,Standard,Office,Nova Supply Co.,Online,Surabaya,Cash,2,42.18,0.1,84.36,75.92,48.94,26.98,2025-03,2025-03-03/2025-03-09,0.3553740779768177
ORD-500583,2025-08-12,SKU-1015,Mechanical Keyboard,Pro,Electronics,Aster Distribution,Marketplace,Jakarta,E-Wallet,1,110.43,0.05,110.43,104.91,80.89,24.02,2025-08,2025-08-11/2025-08-17,0.22895815460871224
ORD-500584,2025-11-16,SKU-1012,USB-C Hub,Pro,Electronics,Nova Supply Co.,Marketplace,Jakarta,E-Wallet,1,66.9,0.0,66.9,66.9,46.06,20.84,2025-11,2025-11-10/2025-11-16,0.3115097159940209
ORD-500585,2025-03-17,SKU-1056,Resistance Bands,Pro,Sports,Nova Supply Co.,Marketplace,Medan,Card,1,37.19,0.05,37.19,35.33,21.86,13.47,2025-03,2025-03-17/2025-03-23,0.38126238324370226
ORD-500586,2025-08-11,SKU-1028,Storage Box,Standard,Home & Kitchen,Nova Supply Co.,Online,Semarang,Card,1,55.89,0.0,55.89,55.89,33.09,22.8,2025-08,2025-08-11/2025-08-17,0.4079441760601181
ORD-500587,2025-11-08,SKU-1056,Resistance Bands,Pro,Sports,Nova Supply Co.,Retail Store,Jakarta,E-Wallet,2,37.19,0.1,74.38,66.94,43.72,23.22,2025-11,2025-11-03/2025-11-09,0.3468778010158351
ORD-500588,2025-12-24,SKU-1053,Yoga Mat,Pro,Sports,Brightline Wholesale,Retail Store,Bandung,Cash,2,30.37,0.0,60.74,60.74,38.6,22.14,2025-12,2025-12-22/2025-12-28,0.3645044451761607
ORD-500589,2025-10-04,SKU-1057,Water Bottle,Standard,Sports,Nova Supply Co.,Retail Store,Surabaya,Card,2,33.1,0.1,66.2,59.58,36.62,22.96,2025-10,2025-09-29/2025-10-05,0.38536421617992617
ORD-500590,2025-10-02,SKU-1044,Sunscreen,Premium,Beauty,Nova Supply Co.,Wholesale,Bandung,E-Wallet,3,41.08,0.0,123.24,123.24,95.16,28.08,2025-10,2025-09-29/2025-10-05,0.22784810126582278
ORD-500591,2025-08-01,SKU-1024,Blender,Pro,Home & Kitchen,Aster Distribution,Retail Store,Jakarta,E-Wallet,2,59.17,0.05,118.34,112.42,89.92,22.5,2025-08,2025-07-28/2025-08-03,0.20014232342999466
ORD-500592,2025-04-30,SKU-1019,Electric Kettle,Standard,Home & Kitchen,Nova Supply Co.,Marketplace,Semarang,Cash,1,88.16,0.0,88.16,88.16,53.02,35.14,2025-04,2025-04-28/2025-05-04,0.3985934664246824
ORD-500593,2025-11-07,SKU-1023,Blender,Premium,Home & Kitchen,Urban Source Ltd.,Retail Store,Jakarta,Bank Transfer,3,72.39,0.0,217.17,217.17,159.6,57.57,2025-11,2025-11-03/2025-11-09,0.2650918635170604
ORD-500594,2025-11-10,SKU-1064,Dumbbell Set,Premium,Sports,Brightline Wholesale,Online,Yogyakarta,Cash,2,28.95,0.0,57.9,57.9,32.3,25.6,2025-11,2025-11-10/2025-11-16,0.4421416234887738
ORD-500595,2025-04-21,SKU-1023,Blender,Premium,Home & Kitchen,Urban Source Ltd.,Online,Surabaya,Cash,3,72.39,0.1,217.17,195.45,159.6,35.85,2025-04,2025-04-21/2025-04-27,0.18342287029930932
ORD-500596,2025-03-09,SKU-1050,Makeup Brush Set,Premium,Beauty,Peak Imports,Wholesale,Yogyakarta,Bank Transfer,4,37.2,0.05,148.8,141.36,103.72,37.64,2025-03,2025-03-03/2025-03-09,0.2662705149971703
ORD-500597,2025-04-25,SKU-1012,USB-C Hub,Pro,Electronics,Nova Supply Co.,Online,Medan,Card,2,66.9,0.0,133.8,133.8,92.12,41.68,2025-04,2025-04-21/2025-04-27,0.3115097159940209
ORD-500598,2025-08-23,SKU-1053,Yoga Mat,Pro,Sports,Brightline Wholesale,Wholesale,Bandung,Cash,1,30.37,0.05,30.37,28.85,19.3,9.55,2025-08,2025-08-18/2025-08-24,0.3310225303292894
ORD-500599,2025-06-18,SKU-1011,USB-C Hub,Premium,Electronics,Urban Source Ltd.,Marketplace,Surabaya,Cash,1,116.31,0.05,116.31,110.49,63.87,46.62,2025-06,2025-06-16/2025-06-22,0.42193863698072226
ORD-500600,2025-08-14,SKU-1012,USB-C Hub,Pro,Electronics,Nova Supply Co.,Retail Store,Surabaya,Card,2,66.9,0.0,133.8,133.8,92.12,41.68,2025-08,2025-08-11/2025-08-17,0.3115097159940209
ORD-500601,2025-01-26,SKU-1010,USB-C Hub,Standard,Electronics,Peak Imports,Online,Jakarta,E-Wallet,2,23.78,0.05,47.56,45.18,36.94,8.24,2025-01,2025-01-20/2025-01-26,0.18238158477202301
ORD-500602,2025-06-12,SKU-1063,Dumbbell Set,Standard,Sports,Urban Source Ltd.,Online,Jakarta,Bank Transfer,2,37.4,0.1,74.8,67.32,59.36,7.96,2025-06,2025-06-09/2025-06-15,0.11824123588829473
ORD-500603,2025-02-05,SKU-1020,Electric Kettle,Premium,Home & Kitchen,Peak Imports,Retail Store,Medan,Bank Transfer,1,73.42,0.05,73.42,69.75,57.33,12.42,2025-02,2025-02-03/2025-02-09,0.17806451612903226
ORD-500604,2025-11-14,SKU-1011,USB-C Hub,Premium,Electronics,Urban Source Ltd.,Online,Yogyakarta,Bank Transfer,1,116.31,0.1,116.31,104.68,63.87,40.81,2025-11,2025-11-10/2025-11-16,0.3898547955674436
ORD-500605,2025-10-27,SKU-1010,USB-C Hub,Standard,Electronics,Peak Imports,Retail Store,Surabaya,Card,1,23.78,0.05,23.78,22.59,18.47,4.12,2025-10,2025-10-27/2025-11-02,0.18238158477202301
ORD-500606,2025-10-05,SKU-1057,Water Bottle,Standard,Sports,Nova Supply Co.,Marketplace,Jakarta,Card,3,33.1,0.15,99.3,84.4,54.93,29.47,2025-10,2025-09-29/2025-10-05,0.34917061611374406
ORD-500607,2025-05-23,SKU-1002,Bluetooth Speaker,Premium,Electronics,Nova Supply Co.,Online,Jakarta,Card,1,110.05,0.0,110.05,110.05,87.34,22.71,2025-05,2025-05-19/2025-05-25,0.20636074511585645
ORD-500608,2025-12-19,SKU-1010,USB-C Hub,Standard,Electronics,Peak Imports,Online,Makassar,Cash,4,23.78,0.2,95.12,76.1,73.88,2.22,2025-12,2025-12-15/2025-12-21,0.029172141918528256
ORD-500609,2025-09-15,SKU-1041,Face Cleanser,Standard,Beauty,Brightline Wholesale,Online,Semarang,Card,1,40.88,0.05,40.88,38.84,26.08,12.76,2025-09,2025-09-15/2025-09-21,0.3285272914521112
ORD-500610,2025-10-05,SKU-1061,Running Belt,Premium,Sports,Aster Distribution,Marketplace,Semarang,Card,1,76.7,0.0,76.7,76.7,43.71,32.99,2025-10,2025-09-29/2025-10-05,0.4301173402868318
ORD-500611,2025-05-18,SKU-1026,Desk Lamp,Premium,Home & Kitchen,Peak Imports,Online,Bandung,E-Wallet,1,42.39,0.0,42.39,42.39,31.28,11.11,2025-05,2025-05-12/2025-05-18,0.2620901155933003
ORD-500612,2025-09-17,SKU-1014,Mechanical Keyboard,Premium,Electronics,Nova Supply Co.,Marketplace,Yogyakarta,Bank Transfer,1,106.42,0.0,106.42,106.42,74.24,32.18,2025-09,2025-09-15/2025-09-21,0.3023867694042473
ORD-500613,2025-12-02,SKU-1026,Desk Lamp,Premium,Home & Kitchen,Peak Imports,Online,Jakarta,Cash,2,42.39,0.05,84.78,80.54,62.56,17.98,2025-12,2025-12-01/2025-12-07,0.22324310901415445
ORD-500614,2025-05-02,SKU-1042,Face Cleanser,Premium,Beauty,Peak Imports,Online,Medan,Card,3,31.12,0.0,93.36,93.36,75.48,17.88,2025-05,2025-04-28/2025-05-04,0.1915167095115681
ORD-500615,2025-03-27,SKU-1002,Bluetooth Speaker,Premium,Electronics,Nova Supply Co.,Online,Jakarta,Bank Transfer,2,110.05,0.1,220.1,198.09,174.68,23.41,2025-03,2025-03-24/2025-03-30,0.11817860568428493
ORD-500616,2025-11-25,SKU-1003,Bluetooth Speaker,Pro,Electronics,Brightline Wholesale,Marketplace,Surabaya,E-Wallet,2,118.47,0.0,236.94,236.94,142.14,94.8,2025-11,2025-11-24/2025-11-30,0.40010129146619394
ORD-500617,2025-08-06,SKU-1004,Wireless Earbuds,Standard,Electronics,Aster Distribution,Marketplace,Surabaya,E-Wallet,2,77.45,0.05,154.9,147.16,110.94,36.22,2025-08,2025-08-04/2025-08-10,0.24612666485458004
ORD-500618,2025-03-05,SKU-1045,Moisturizer,Standard,Beauty,Urban Source Ltd.,Online,Jakarta,Bank Transfer,2,40.7,0.0,81.4,81.4,58.84,22.56,2025-03,2025-03-03/2025-03-09,0.2771498771498771
ORD-500619,2025-05-03,SKU-1021,Electric Kettle,Pro,Home & Kitchen,Aster Distribution,Retail Store,Jakarta,E-Wallet,1,84.19,0.0,84.19,84.19,57.93,26.26,2025-05,2025-04-28/2025-05-04,0.31191352892267493
ORD-500620,2025-01-01,SKU-1004,Wireless Earbuds,Standard,Electronics,Aster Distribution,Marketplace,Jakarta,E-Wallet,1,77.45,0.15,77.45,65.83,55.47,10.36,2025-01,2024-12-30/2025-01-05,0.1573750569649096
ORD-500621,2025-06-20,SKU-1063,Dumbbell Set,Standard,Sports,Urban Source Ltd.,Online,Medan,E-Wallet,1,37.4,0.1,37.4,33.66,29.68,3.98,2025-06,2025-06-16/2025-06-22,0.11824123588829473
ORD-500622,2025-04-24,SKU-1042,Face Cleanser,Premium,Beauty,Peak Imports,Marketplace,Jakarta,E-Wallet,1,31.12,0.0,31.12,31.12,25.16,5.96,2025-04,2025-04-21/2025-04-27,0.19151670951156813
ORD-500623,2025-07-17,SKU-1065,Dumbbell Set,Pro,Sports,Urban Source Ltd.,Marketplace,Jakarta,Card,1,18.33,0.1,18.33,16.5,10.76,5.74,2025-07,2025-07-14/2025-07-20,0.3478787878787879
ORD-500624,2025-01-28,SKU-1042,Face Cleanser,Premium,Beauty,Peak Imports,Marketplace,Jakarta,E-Wallet,1,31.12,0.15,31.12,26.45,25.16,1.29,2025-01,2025-01-27/2025-02-02,0.048771266540642726
ORD-500625,2025-09-27,SKU-1030,Storage Box,Pro,Home & Kitchen,Urban Source Ltd.,Retail Store,Surabaya,E-Wallet,3,61.88,0.0,185.64,185.64,143.85,41.79,2025-09,2025-09-22/2025-09-28,0.2251131221719457
ORD-500626,2025-05-14,SKU-1010,USB-C Hub,Standard,Electronics,Peak Imports,Online,Jakarta,E-Wallet,1,23.78,0.0,23.78,23.78,18.47,5.31,2025-05,2025-05-12/2025-05-18,0.22329688814129517
ORD-500627,2025-12-09,SKU-1008,Power Bank,Premium,Electronics,Peak Imports,Retail Store,Semarang,E-Wallet,2,64.8,0.0,129.6,129.6,71.04,58.56,2025-12,2025-12-08/2025-12-14,0.4518518518518519
ORD-500628,2025-09-23,SKU-1043,Sunscreen,Standard,Beauty,Brightline Wholesale,Retail Store,Makassar,E-Wallet,1,26.13,0.0,26.13,26.13,20.37,5.76,2025-09,2025-09-22/2025-09-28,0.22043628013777267
ORD-500629,2025-04-04,SKU-1009,Power Bank,Pro,Electronics,Nova Supply Co.,Online,Bandung,Card,3,120.75,0.1,362.25,326.03,277.29,48.74,2025-04,2025-03-31/2025-04-06,0.14949544520442906
ORD-500630,2025-07-22,SKU-1060,Running Belt,Standard,Sports,Nova Supply Co.,Wholesale,Yogyakarta,Card,1,84.42,0.15,84.42,71.76,48.15,23.61,2025-07,2025-07-21/2025-07-27,0.3290133779264214
ORD-500631,2025-11-06,SKU-1003,Bluetooth Speaker,Pro,Electronics,Brightline Wholesale,Retail Store,Jakarta,E-Wallet,2,118.47,0.0,236.94,236.94,142.14,94.8,2025-11,2025-11-03/2025-11-09,0.40010129146619394
ORD-500632,2025-06-02,SKU-1053,Yoga Mat,Pro,Sports,Brightline Wholesale,Retail Store,Makassar,Cash,1,30.37,0.0,30.37,30.37,19.3,11.07,2025-06,2025-06-02/2025-06-08,0.3645044451761607
ORD-500633,2025-11-08,SKU-1001,Bluetooth Speaker,Standard,Electronics,Nova Supply Co.,Marketplace,Surabaya,Cash,1,120.16,0.0,120.16,120.16,83.77,36.39,2025-11,2025-11-03/2025-11-09,0.3028462050599201
ORD-500634,2025-09-30,SKU-1052,Yoga Mat,Premium,Sports,Peak Imports,Online,Yogyakarta,Cash,2,51.11,0.0,102.22,102.22,80.72,21.5,2025-09,2025-09-29/2025-10-05,0.21033065936216006
ORD-500635,2025-10-15,SKU-1010,USB-C Hub,Standard,Electronics,Peak Imports,Online,Semarang,E-Wallet,1,23.78,0.05,23.78,22.59,18.47,4.12,2025-10,2025-10-13/2025-10-19,0.18238158477202301
ORD-500636,2025-10-22,SKU-1006,Wireless Earbuds,Pro,Electronics,Aster Distribution,Marketplace,Semarang,E-Wallet,1,48.0,0.0,48.0,48.0,31.91,16.09,2025-10,2025-10-20/2025-10-26,0.33520833333333333
ORD-500637,2025-07-07,SKU-1062,Running Belt,Pro,Sports,Nova Supply Co.,Online,Surabaya,E-Wallet,1,33.01,0.0,33.01,33.01,19.93,13.08,2025-07,2025-07-07/2025-07-13,0.396243562556801
ORD-500638,2025-03-01,SKU-1058,Water Bottle,Premium,Sports,Aster Distribution,Marketplace,Jakarta,Card,1,48.14,0.15,48.14,40.92,36.02,4.9,2025-03,2025-02-24/2025-03-02,0.11974584555229717
ORD-500639,2025-10-15,SKU-1035,Monitor Stand,Standard,Office,Brightline Wholesale,Online,Bandung,Bank Transfer,1,61.43,0.1,61.43,55.29,33.7,21.59,2025-10,2025-10-13/2025-10-19,0.3904865255923313
ORD-500640,2025-04-20,SKU-1028,Storage Box,Standard,Home & Kitchen,Nova Supply Co.,Marketplace,Surabaya,Bank Transfer,4,55.89,0.05,223.56,212.38,132.36,80.02,2025-04,2025-04-14/2025-04-20,0.37677747433844994
ORD-500641,2025-05-31,SKU-1002,Bluetooth Speaker,Premium,Electronics,Nova Supply Co.,Online,Bandung,Card,2,110.05,0.0,220.1,220.1,174.68,45.42,2025-05,2025-05-26/2025-06-01,0.20636074511585645
ORD-500642,2025-04-09,SKU-1035,Monitor Stand,Standard,Office,Brightline Wholesale,Retail Store,Semarang,Card,1,61.43,0.0,61.43,61.43,33.7,27.73,2025-04,2025-04-07/2025-04-13,0.45140810678821425
ORD-500643,2025-02-27,SKU-1028,Storage Box,Standard,Home & Kitchen,Nova Supply Co.,Retail Store,Surabaya,Bank Transfer,1,55.89,0.0,55.89,55.89,33.09,22.8,2025-02,2025-02-24/2025-03-02,0.4079441760601181
ORD-500644,2025-09-12,SKU-1053,Yoga Mat,Pro,Sports,Brightline Wholesale,Retail Store,Jakarta,Card,3,30.37,0.0,91.11,91.11,57.9,33.21,2025-09,2025-09-08/2025-09-14,0.3645044451761607
ORD-500645,2025-12-09,SKU-1038,Desk Organizer,Premium,Office,Urban Source Ltd.,Online,Jakarta,E-Wallet,2,47.71,0.1,95.42,85.88,70.06,15.82,2025-12,2025-12-08/2025-12-14,0.1842105263157895
ORD-500646,2025-12-17,SKU-1033,Gel Pen Set,Standard,Office,Aster Distribution,Marketplace,Jakarta,Bank Transfer,2,82.15,0.1,164.3,147.87,130.7,17.17,2025-12,2025-12-15/2025-12-21,0.11611550686413742
ORD-500647,2025-06-23,SKU-1005,Wireless Earbuds,Premium,Electronics,Aster Distribution,Online,Jakarta,Card,1,102.99,0.05,102.99,97.84,60.73,37.11,2025-06,2025-06-23/2025-06-29,0.3792927228127555
ORD-500648,2025-01-13,SKU-1025,Desk Lamp,Standard,Home & Kitchen,Urban Source Ltd.,Retail Store,Jakarta,E-Wallet,1,104.17,0.05,104.17,98.96,78.6,20.36,2025-01,2025-01-13/2025-01-19,0.20573969280517382
ORD-500649,2025-06-19,SKU-1035,Monitor Stand,Standard,Office,Brightline Wholesale,Online,Yogyakarta,Bank Transfer,1,61.43,0.05,61.43,58.36,33.7,24.66,2025-06,2025-06-16/2025-06-22,0.42254969156956823
ORD-500650,2025-05-09,SKU-1051,Yoga Mat,Standard,Sports,Brightline Wholesale,Online,Medan,Bank Transfer,1,71.8,0.05,71.8,68.21,40.86,27.35,2025-05,2025-05-05/2025-05-11,0.40096760005864246
ORD-500651,2025-02-18,SKU-1019,Electric Kettle,Standard,Home & Kitchen,Nova Supply Co.,Online,Bandung,Card,1,88.16,0.2,88.16,70.53,53.02,17.51,2025-02,2025-02-17/2025-02-23,0.24826315043244013
ORD-500652,2025-01-10,SKU-1002,Bluetooth Speaker,Premium,Electronics,Nova Supply Co.,Marketplace,Jakarta,Card,1,110.05,0.0,110.05,110.05,87.34,22.71,2025-01,2025-01-06/2025-01-12,0.20636074511585645
ORD-500653,2025-06-22,SKU-1061,Running Belt,Premium,Sports,Aster Distribution,Online,Yogyakarta,Bank Transfer,3,76.7,0.05,230.1,218.59,131.13,87.46,2025-06,2025-06-16/2025-06-22,0.40010979459261625
ORD-500654,2025-08-07,SKU-1017,Air Fryer,Premium,Home & Kitchen,Peak Imports,Retail Store,Medan,E-Wallet,1,85.71,0.1,85.71,77.14,66.93,10.21,2025-08,2025-08-04/2025-08-10,0.13235675395385016
ORD-500655,2025-11-13,SKU-1018,Air Fryer,Pro,Home & Kitchen,Peak Imports,Marketplace,Yogyakarta,Cash,1,12.8,0.1,12.8,11.52,7.68,3.84,2025-11,2025-11-10/2025-11-16,0.3333333333333333
ORD-500656,2025-02-07,SKU-1036,Monitor Stand,Premium,Office,Nova Supply Co.,Marketplace,Makassar,Card,2,158.85,0.0,317.7,317.7,220.54,97.16,2025-02,2025-02-03/2025-02-09,0.3058231035568146
ORD-500657,2025-02-03,SKU-1011,USB-C Hub,Premium,Electronics,Urban Source Ltd.,Online,Jakarta,E-Wallet,3,116.31,0.0,348.93,348.93,191.61,157.32,2025-02,2025-02-03/2025-02-09,0.4508640701573381
ORD-500658,2025-11-06,SKU-1012,USB-C Hub,Pro,Electronics,Nova Supply Co.,Retail Store,Surabaya,Bank Transfer,1,66.9,0.05,66.9,63.56,46.06,17.5,2025-11,2025-11-03/2025-11-09,0.2753303964757709
ORD-500659,2025-07-25,SKU-1032,Notebook,Premium,Office,Brightline Wholesale,Online,Semarang,Bank Transfer,1,86.3,0.1,86.3,77.67,63.48,14.19,2025-07,2025-07-21/2025-07-27,0.18269602162997295
ORD-500660,2025-11-19,SKU-1006,Wireless Earbuds,Pro,Electronics,Aster Distribution,Retail Store,Medan,Cash,1,48.0,0.1,48.0,43.2,31.91,11.29,2025-11,2025-11-17/2025-11-23,0.26134259259259257
ORD-500661,2025-02-20,SKU-1024,Blender,Pro,Home & Kitchen,Aster Distribution,Marketplace,Jakarta,Card,1,59.17,0.0,59.17,59.17,44.96,14.21,2025-02,2025-02-17/2025-02-23,0.24015548419807337
ORD-500662,2025-08-04,SKU-1019,Electric Kettle,Standard,Home & Kitchen,Nova Supply Co.,Online,Semarang,Cash,1,88.16,0.0,88.16,88.16,53.02,35.14,2025-08,2025-08-04/2025-08-10,0.3985934664246824
ORD-500663,2025-07-26,SKU-1042,Face Cleanser,Premium,Beauty,Peak Imports,Retail Store,Jakarta,Bank Transfer,1,31.12,0.0,31.12,31.12,25.16,5.96,2025-07,2025-07-21/2025-07-27,0.19151670951156813
ORD-500664,2025-07-24,SKU-1035,Monitor Stand,Standard,Office,Brightline Wholesale,Online,Jakarta,Bank Transfer,1,61.43,0.0,61.43,61.43,33.7,27.73,2025-07,2025-07-21/2025-07-27,0.45140810678821425
ORD-500665,2025-09-09,SKU-1038,Desk Organizer,Premium,Office,Urban Source Ltd.,Marketplace,Yogyakarta,Card,1,47.71,0.05,47.71,45.32,35.03,10.29,2025-09,2025-09-08/2025-09-14,0.22705207413945275
ORD-500666,2025-05-01,SKU-1002,Bluetooth Speaker,Premium,Electronics,Nova Supply Co.,Retail Store,Semarang,E-Wallet,2,110.05,0.0,220.1,220.1,174.68,45.42,2025-05,2025-04-28/2025-05-04,0.20636074511585645
ORD-500667,2025-05-13,SKU-1001,Bluetooth Speaker,Standard,Electronics,Nova Supply Co.,Marketplace,Yogyakarta,E-Wallet,3,120.16,0.05,360.48,342.46,251.31,91.15,2025-05,2025-05-12/2025-05-18,0.2661624715295217
ORD-500668,2025-07-05,SKU-1016,Air Fryer,Standard,Home & Kitchen,Aster Distribution,Wholesale,Jakarta,Cash,2,98.91,0.15,197.82,168.15,140.76,27.39,2025-07,2025-06-30/2025-07-06,0.16289027653880464
ORD-500669,2025-08-31,SKU-1042,Face Cleanser,Premium,Beauty,Peak Imports,Wholesale,Jakarta,Cash,1,31.12,0.15,31.12,26.45,25.16,1.29,2025-08,2025-08-25/2025-08-31,0.048771266540642726
ORD-500670,2025-07-23,SKU-1014,Mechanical Keyboard,Premium,Electronics,Nova Supply Co.,Marketplace,Jakarta,E-Wallet,1,106.42,0.1,106.42,95.78,74.24,21.54,2025-07,2025-07-21/2025-07-27,0.22489037377323032
ORD-500671,2025-03-29,SKU-1049,Makeup Brush Set,Standard,Beauty,Nova Supply Co.,Online,Yogyakarta,E-Wallet,3,34.46,0.0,103.38,103.38,77.04,26.34,2025-03,2025-03-24/2025-03-30,0.2547881601857226
ORD-500672,2025-12-22,SKU-1042,Face Cleanser,Premium,Beauty,Peak Imports,Retail Store,Bandung,E-Wallet,2,31.12,0.15,62.24,52.9,50.32,2.58,2025-12,2025-12-22/2025-12-28,0.048771266540642726
ORD-500673,2025-06-10,SKU-1057,Water Bottle,Standard,Sports,Nova Supply Co.,Online,Jakarta,E-Wallet,2,33.1,0.05,66.2,62.89,36.62,26.27,2025-06,2025-06-09/2025-06-15,0.41771346795993003
ORD-500674,2025-07-11,SKU-1030,Storage Box,Pro,Home & Kitchen,Urban Source Ltd.,Marketplace,Jakarta,Cash,1,61.88,0.1,61.88,55.69,47.95,7.74,2025-07,2025-07-07/2025-07-13,0.13898365954390376
ORD-500675,2025-12-31,SKU-1003,Bluetooth Speaker,Pro,Electronics,Brightline Wholesale,Marketplace,Yogyakarta,Cash,2,118.47,0.05,236.94,225.09,142.14,82.95,2025-12,2025-12-29/2026-01-04,0.36851925896308146
ORD-500676,2025-02-18,SKU-1003,Bluetooth Speaker,Pro,Electronics,Brightline Wholesale,Online,Surabaya,E-Wallet,2,118.47,0.15,236.94,201.4,142.14,59.26,2025-02,2025-02-17/2025-02-23,0.29424031777557097
ORD-500677,2025-07-02,SKU-1024,Blender,Pro,Home & Kitchen,Aster Distribution,Online,Jakarta,Card,1,59.17,0.05,59.17,56.21,44.96,11.25,2025-07,2025-06-30/2025-07-06,0.20014232342999466
ORD-500678,2025-05-05,SKU-1057,Water Bottle,Standard,Sports,Nova Supply Co.,Retail Store,Medan,E-Wallet,3,33.1,0.1,99.3,89.37,54.93,34.44,2025-05,2025-05-05/2025-05-11,0.3853642161799261
ORD-500679,2025-09-23,SKU-1064,Dumbbell Set,Premium,Sports,Brightline Wholesale,Online,Bandung,E-Wallet,1,28.95,0.0,28.95,28.95,16.15,12.8,2025-09,2025-09-22/2025-09-28,0.4421416234887738
ORD-500680,2025-07-25,SKU-1019,Electric Kettle,Standard,Home & Kitchen,Nova Supply Co.,Retail Store,Surabaya,E-Wallet,1,88.16,0.0,88.16,88.16,53.02,35.14,2025-07,2025-07-21/2025-07-27,0.3985934664246824
ORD-500681,2025-08-06,SKU-1010,USB-C Hub,Standard,Electronics,Peak Imports,Marketplace,Jakarta,Bank Transfer,1,23.78,0.0,23.78,23.78,18.47,5.31,2025-08,2025-08-04/2025-08-10,0.22329688814129517
ORD-500682,2025-08-06,SKU-1020,Electric Kettle,Premium,Home & Kitchen,Peak Imports,Wholesale,Semarang,E-Wallet,1,73.42,0.1,73.42,66.08,57.33,8.75,2025-08,2025-08-04/2025-08-10,0.13241525423728814
ORD-500683,2025-04-07,SKU-1042,Face Cleanser,Premium,Beauty,Peak Imports,Online,Makassar,Card,1,31.12,0.0,31.12,31.12,25.16,5.96,2025-04,2025-04-07/2025-04-13,0.19151670951156813
ORD-500684,2025-04-30,SKU-1065,Dumbbell Set,Pro,Sports,Urban Source Ltd.,Marketplace,Surabaya,Cash,2,18.33,0.15,36.66,31.16,21.52,9.64,2025-04,2025-04-28/2025-05-04,0.3093709884467266
ORD-500685,2025-03-14,SKU-1053,Yoga Mat,Pro,Sports,Brightline Wholesale,Marketplace,Semarang,Card,1,30.37,0.1,30.37,27.33,19.3,8.03,2025-03,2025-03-10/2025-03-16,0.2938163190633004
ORD-500686,2025-11-26,SKU-1016,Air Fryer,Standard,Home & Kitchen,Aster Distribution,Online,Yogyakarta,Cash,2,98.91,0.05,197.82,187.93,140.76,47.17,2025-11,2025-11-24/2025-11-30,0.25099771191401055
ORD-500687,2025-05-23,SKU-1063,Dumbbell Set,Standard,Sports,Urban Source Ltd.,Marketplace,Makassar,E-Wallet,1,37.4,0.05,37.4,35.53,29.68,5.85,2025-05,2025-05-19/2025-05-25,0.1646495918941739
ORD-500688,2025-04-20,SKU-1025,Desk Lamp,Standard,Home & Kitchen,Urban Source Ltd.,Retail Store,Jakarta,Bank Transfer,1,104.17,0.05,104.17,98.96,78.6,20.36,2025-04,2025-04-14/2025-04-20,0.20573969280517382
ORD-500689,2025-10-22,SKU-1061,Running Belt,Premium,Sports,Aster Distribution,Online,Surabaya,E-Wallet,1,76.7,0.05,76.7,72.86,43.71,29.15,2025-10,2025-10-20/2025-10-26,0.400082349711776
ORD-500690,2025-10-29,SKU-1056,Resistance Bands,Pro,Sports,Nova Supply Co.,Marketplace,Semarang,E-Wallet,1,37.19,0.1,37.19,33.47,21.86,11.61,2025-10,2025-10-27/2025-11-02,0.3468778010158351
ORD-500691,2025-03-14,SKU-1050,Makeup Brush Set,Premium,Beauty,Peak Imports,Marketplace,Surabaya,Card,1,37.2,0.05,37.2,35.34,25.93,9.41,2025-03,2025-03-10/2025-03-16,0.2662705149971703
ORD-500692,2025-10-01,SKU-1001,Bluetooth Speaker,Standard,Electronics,Nova Supply Co.,Marketplace,Jakarta,E-Wallet,2,120.16,0.05,240.32,228.3,167.54,60.76,2025-10,2025-09-29/2025-10-05,0.26614104248795445
ORD-500693,2025-05-15,SKU-1046,Moisturizer,Premium,Beauty,Peak Imports,Online,Yogyakarta,Card,2,8.32,0.0,16.64,16.64,9.18,7.46,2025-05,2025-05-12/2025-05-18,0.44831730769230765
ORD-500694,2025-02-17,SKU-1025,Desk Lamp,Standard,Home & Kitchen,Urban Source Ltd.,Retail Store,Semarang,Bank Transfer,1,104.17,0.0,104.17,104.17,78.6,25.57,2025-02,2025-02-17/2025-02-23,0.2454641451473553
ORD-500695,2025-08-12,SKU-1035,Monitor Stand,Standard,Office,Brightline Wholesale,Retail Store,Jakarta,Card,1,61.43,0.1,61.43,55.29,33.7,21.59,2025-08,2025-08-11/2025-08-17,0.3904865255923313
ORD-500696,2025-08-24,SKU-1015,Mechanical Keyboard,Pro,Electronics,Aster Distribution,Online,Jakarta,E-Wallet,3,110.43,0.1,331.29,298.16,242.67,55.49,2025-08,2025-08-18/2025-08-24,0.18610812986316072
ORD-500697,2025-02-15,SKU-1060,Running Belt,Standard,Sports,Nova Supply Co.,Retail Store,Jakarta,E-Wallet,2,84.42,0.05,168.84,160.4,96.3,64.1,2025-02,2025-02-10/2025-02-16,0.3996259351620947
ORD-500698,2025-12-27,SKU-1034,Gel Pen Set,Premium,Office,Aster Distribution,Online,Bandung,E-Wallet,2,211.77,0.15,423.54,360.01,239.56,120.45,2025-12,2025-12-22/2025-12-28,0.33457403961001086
ORD-500699,2025-11-04,SKU-1030,Storage Box,Pro,Home & Kitchen,Urban Source Ltd.,Wholesale,Jakarta,Bank Transfer,2,61.88,0.0,123.76,123.76,95.9,27.86,2025-11,2025-11-03/2025-11-09,0.22511312217194568
ORD-500700,2025-02-10,SKU-1029,Storage Box,Premium,Home & Kitchen,Aster Distribution,Retail Store,Semarang,Bank Transfer,1,14.45,0.0,14.45,14.45,11.48,2.97,2025-02,2025-02-10/2025-02-16,0.2055363321799308
ORD-500701,2025-01-10,SKU-1044,Sunscreen,Premium,Beauty,Nova Supply Co.,Retail Store,Jakarta,E-Wallet,2,41.08,0.0,82.16,82.16,63.44,18.72,2025-01,2025-01-06/2025-01-12,0.22784810126582278
ORD-500702,2025-06-22,SKU-1009,Power Bank,Pro,Electronics,Nova Supply Co.,Marketplace,Jakarta,Card,1,120.75,0.15,120.75,102.64,92.43,10.21,2025-06,2025-06-16/2025-06-22,0.0994738893219018
ORD-500703,2025-09-25,SKU-1011,USB-C Hub,Premium,Electronics,Urban Source Ltd.,Online,Surabaya,E-Wallet,1,116.31,0.05,116.31,110.49,63.87,46.62,2025-09,2025-09-22/2025-09-28,0.42193863698072226
ORD-500704,2025-07-18,SKU-1065,Dumbbell Set,Pro,Sports,Urban Source Ltd.,Retail Store,Medan,Bank Transfer,1,18.33,0.15,18.33,15.58,10.76,4.82,2025-07,2025-07-14/2025-07-20,0.3093709884467266
ORD-500705,2025-06-17,SKU-1021,Electric Kettle,Pro,Home & Kitchen,Aster Distribution,Online,Surabaya,Card,1,84.19,0.0,84.19,84.19,57.93,26.26,2025-06,2025-06-16/2025-06-22,0.31191352892267493
ORD-500706,2025-11-12,SKU-1030,Storage Box,Pro,Home & Kitchen,Urban Source Ltd.,Online,Yogyakarta,Bank Transfer,3,61.88,0.05,185.64,176.36,143.85,32.51,2025-11,2025-11-10/2025-11-16,0.18433885234747105
ORD-500707,2025-07-10,SKU-1059,Water Bottle,Pro,Sports,Brightline Wholesale,Marketplace,Jakarta,Card,1,21.51,0.2,21.51,17.21,17.37,-0.16,2025-07,2025-07-07/2025-07-13,-0.009296920395119116
ORD-500708,2025-09-17,SKU-1057,Water Bottle,Standard,Sports,Nova Supply Co.,Retail Store,Yogyakarta,E-Wallet,1,33.1,0.15,33.1,28.14,18.31,9.83,2025-09,2025-09-15/2025-09-21,0.34932480454868514
ORD-500709,2025-03-23,SKU-1008,Power Bank,Premium,Electronics,Peak Imports,Online,Yogyakarta,Card,1,64.8,0.05,64.8,61.56,35.52,26.04,2025-03,2025-03-17/2025-03-23,0.42300194931773877
ORD-500710,2025-04-22,SKU-1024,Blender,Pro,Home & Kitchen,Aster Distribution,Wholesale,Medan,Bank Transfer,2,59.17,0.0,118.34,118.34,89.92,28.42,2025-04,2025-04-21/2025-04-27,0.24015548419807337
ORD-500711,2025-09-23,SKU-1053,Yoga Mat,Pro,Sports,Brightline Wholesale,Marketplace,Bandung,Card,2,30.37,0.0,60.74,60.74,38.6,22.14,2025-09,2025-09-22/2025-09-28,0.3645044451761607
ORD-500712,2025-09-30,SKU-1060,Running Belt,Standard,Sports,Nova Supply Co.,Online,Jakarta,Bank Transfer,2,84.42,0.0,168.84,168.84,96.3,72.54,2025-09,2025-09-29/2025-10-05,0.42963752665245203
ORD-500713,2025-02-11,SKU-1017,Air Fryer,Premium,Home & Kitchen,Peak Imports,Online,Yogyakarta,E-Wallet,2,85.71,0.0,171.42,171.42,133.86,37.56,2025-02,2025-02-10/2025-02-16,0.21911095554777743
ORD-500714,2025-06-26,SKU-1005,Wireless Earbuds,Premium,Electronics,Aster Distribution,Retail Store,Jakarta,Cash,1,102.99,0.2,102.99,82.39,60.73,21.66,2025-06,2025-06-23/2025-06-29,0.26289598252215074
ORD-500715,2025-07-27,SKU-1061,Running Belt,Premium,Sports,Aster Distribution,Marketplace,Surabaya,Cash,1,76.7,0.0,76.7,76.7,43.71,32.99,2025-07,2025-07-21/2025-07-27,0.4301173402868318
ORD-500716,2025-11-14,SKU-1030,Storage Box,Pro,Home & Kitchen,Urban Source Ltd.,Online,Surabaya,Bank Transfer,1,61.88,0.0,61.88,61.88,47.95,13.93,2025-11,2025-11-10/2025-11-16,0.22511312217194568
ORD-500717,2025-07-02,SKU-1010,USB-C Hub,Standard,Electronics,Peak Imports,Online,Makassar,Cash,1,23.78,0.1,23.78,21.4,18.47,2.93,2025-07,2025-06-30/2025-07-06,0.1369158878504673
ORD-500718,2025-02-22,SKU-1036,Monitor Stand,Premium,Office,Nova Supply Co.,Online,Makassar,Card,2,158.85,0.05,317.7,301.82,220.54,81.28,2025-02,2025-02-17/2025-02-23,0.26929958253263536
ORD-500719,2025-07-29,SKU-1009,Power Bank,Pro,Electronics,Nova Supply Co.,Online,Yogyakarta,E-Wallet,1,120.75,0.2,120.75,96.6,92.43,4.17,2025-07,2025-07-28/2025-08-03,0.04316770186335404
ORD-500720,2025-09-11,SKU-1015,Mechanical Keyboard,Pro,Electronics,Aster Distribution,Online,Yogyakarta,E-Wallet,1,110.43,0.15,110.43,93.87,80.89,12.98,2025-09,2025-09-08/2025-09-14,0.13827633961862149
ORD-500721,2025-05-28,SKU-1057,Water Bottle,Standard,Sports,Nova Supply Co.,Marketplace,Semarang,Card,1,33.1,0.05,33.1,31.44,18.31,13.13,2025-05,2025-05-26/2025-06-01,0.4176208651399491
ORD-500722,2025-09-01,SKU-1006,Wireless Earbuds,Pro,Electronics,Aster Distribution,Marketplace,Makassar,Bank Transfer,3,48.0,0.05,144.0,136.8,95.73,41.07,2025-09,2025-09-01/2025-09-07,0.300219298245614
ORD-500723,2025-10-10,SKU-1003,Bluetooth Speaker,Pro,Electronics,Brightline Wholesale,Online,Jakarta,Bank Transfer,2,118.47,0.0,236.94,236.94,142.14,94.8,2025-10,2025-10-06/2025-10-12,0.40010129146619394
ORD-500724,2025-06-01,SKU-1033,Gel Pen Set,Standard,Office,Aster Distribution,Marketplace,Makassar,Card,1,82.15,0.0,82.15,82.15,65.35,16.8,2025-06,2025-05-26/2025-06-01,0.20450395617772368
ORD-500725,2025-02-11,SKU-1002,Bluetooth Speaker,Premium,Electronics,Nova Supply Co.,Online,Jakarta,Card,2,110.05,0.0,220.1,220.1,174.68,45.42,2025-02,2025-02-10/2025-02-16,0.20636074511585645
ORD-500726,2025-10-25,SKU-1012,USB-C Hub,Pro,Electronics,Nova Supply Co.,Online,Jakarta,Card,2,66.9,0.0,133.8,133.8,92.12,41.68,2025-10,2025-10-20/2025-10-26,0.3115097159940209
ORD-500727,2025-12-11,SKU-1010,USB-C Hub,Standard,Electronics,Peak Imports,Online,Surabaya,E-Wallet,2,23.78,0.0,47.56,47.56,36.94,10.62,2025-12,2025-12-08/2025-12-14,0.22329688814129517
ORD-500728,2025-03-18,SKU-1057,Water Bottle,Standard,Sports,Nova Supply Co.,Online,Jakarta,E-Wallet,1,33.1,0.0,33.1,33.1,18.31,14.79,2025-03,2025-03-17/2025-03-23,0.4468277945619335
ORD-500729,2025-11-30,SKU-1042,Face Cleanser,Premium,Beauty,Peak Imports,Online,Medan,E-Wallet,1,31.12,0.0,31.12,31.12,25.16,5.96,2025-11,2025-11-24/2025-11-30,0.19151670951156813
ORD-500730,2025-11-28,SKU-1023,Blender,Premium,Home & Kitchen,Urban Source Ltd.,Online,Bandung,E-Wallet,1,72.39,0.05,72.39,68.77,53.2,15.57,2025-11,2025-11-24/2025-11-30,0.22640686345790317
ORD-500731,2025-09-27,SKU-1053,Yoga Mat,Pro,Sports,Brightline Wholesale,Online,Yogyakarta,Cash,2,30.37,0.0,60.74,60.74,38.6,22.14,2025-09,2025-09-22/2025-09-28,0.3645044451761607
ORD-500732,2025-04-19,SKU-1015,Mechanical Keyboard,Pro,Electronics,Aster Distribution,Wholesale,Medan,Card,1,110.43,0.1,110.43,99.39,80.89,18.5,2025-04,2025-04-14/2025-04-20,0.18613542609920514
ORD-500733,2025-01-01,SKU-1029,Storage Box,Premium,Home & Kitchen,Aster Distribution,Online,Jakarta,Card,1,14.45,0.0,14.45,14.45,11.48,2.97,2025-01,2024-12-30/2025-01-05,0.2055363321799308
ORD-500734,2025-03-04,SKU-1061,Running Belt,Premium,Sports,Aster Distribution,Marketplace,Jakarta,E-Wallet,1,76.7,0.0,76.7,76.7,43.71,32.99,2025-03,2025-03-03/2025-03-09,0.4301173402868318
ORD-500735,2025-09-08,SKU-1005,Wireless Earbuds,Premium,Electronics,Aster Distribution,Online,Surabaya,Card,1,102.99,0.1,102.99,92.69,60.73,31.96,2025-09,2025-09-08/2025-09-14,0.34480526486136587
ORD-500736,2025-01-15,SKU-1017,Air Fryer,Premium,Home & Kitchen,Peak Imports,Online,Jakarta,E-Wallet,1,85.71,0.0,85.71,85.71,66.93,18.78,2025-01,2025-01-13/2025-01-19,0.21911095554777743
ORD-500737,2025-01-15,SKU-1012,USB-C Hub,Pro,Electronics,Nova Supply Co.,Marketplace,Jakarta,Card,1,66.9,0.1,66.9,60.21,46.06,14.15,2025-01,2025-01-13/2025-01-19,0.23501079554891213
ORD-500738,2025-06-06,SKU-1009,Power Bank,Pro,Electronics,Nova Supply Co.,Online,Yogyakarta,E-Wallet,1,120.75,0.1,120.75,108.68,92.43,16.25,2025-06,2025-06-02/2025-06-08,0.14952153110047847
ORD-500739,2025-10-25,SKU-1057,Water Bottle,Standard,Sports,Nova Supply Co.,Marketplace,Makassar,E-Wallet,2,33.1,0.2,66.2,52.96,36.62,16.34,2025-10,2025-10-20/2025-10-26,0.3085347432024169
ORD-500740,2025-06-10,SKU-1057,Water Bottle,Standard,Sports,Nova Supply Co.,Online,Yogyakarta,Bank Transfer,2,33.1,0.1,66.2,59.58,36.62,22.96,2025-06,2025-06-09/2025-06-15,0.38536421617992617
ORD-500741,2025-05-30,SKU-1028,Storage Box,Standard,Home & Kitchen,Nova Supply Co.,Wholesale,Jakarta,E-Wallet,1,55.89,0.05,55.89,53.1,33.09,20.01,2025-05,2025-05-26/2025-06-01,0.37683615819209043
ORD-500742,2025-10-20,SKU-1026,Desk Lamp,Premium,Home & Kitchen,Peak Imports,Wholesale,Jakarta,Card,2,42.39,0.1,84.78,76.3,62.56,13.74,2025-10,2025-10-20/2025-10-26,0.1800786369593709
ORD-500743,2025-11-09,SKU-1044,Sunscreen,Premium,Beauty,Nova Supply Co.,Wholesale,Yogyakarta,Card,2,41.08,0.15,82.16,69.84,63.44,6.4,2025-11,2025-11-03/2025-11-09,0.09163802978235969
ORD-500744,2025-12-18,SKU-1035,Monitor Stand,Standard,Office,Brightline Wholesale,Marketplace,Surabaya,E-Wallet,1,61.43,0.0,61.43,61.43,33.7,27.73,2025-12,2025-12-15/2025-12-21,0.45140810678821425
ORD-500745,2025-06-23,SKU-1026,Desk Lamp,Premium,Home & Kitchen,Peak Imports,Online,Bandung,Bank Transfer,1,42.39,0.0,42.39,42.39,31.28,11.11,2025-06,2025-06-23/2025-06-29,0.2620901155933003
ORD-500746,2025-09-22,SKU-1031,Notebook,Standard,Office,Brightline Wholesale,Online,Jakarta,E-Wallet,1,36.9,0.1,36.9,33.21,23.06,10.15,2025-09,2025-09-22/2025-09-28,0.30563083408611863
ORD-500747,2025-03-16,SKU-1018,Air Fryer,Pro,Home & Kitchen,Peak Imports,Marketplace,Medan,Bank Transfer,1,12.8,0.0,12.8,12.8,7.68,5.12,2025-03,2025-03-10/2025-03-16,0.39999999999999997
ORD-500748,2025-04-02,SKU-1026,Desk Lamp,Premium,Home & Kitchen,Peak Imports,Marketplace,Yogyakarta,E-Wallet,2,42.39,0.05,84.78,80.54,62.56,17.98,2025-04,2025-03-31/2025-04-06,0.22324310901415445
ORD-500749,2025-05-17,SKU-1015,Mechanical Keyboard,Pro,Electronics,Aster Distribution,Marketplace,Surabaya,Card,3,110.43,0.0,331.29,331.29,242.67,88.62,2025-05,2025-05-12/2025-05-18,0.26749977361224303
ORD-500750,2025-05-06,SKU-1019,Electric Kettle,Standard,Home & Kitchen,Nova Supply Co.,Marketplace,Yogyakarta,Bank Transfer,1,88.16,0.0,88.16,88.16,53.02,35.14,2025-05,2025-05-05/2025-05-11,0.3985934664246824
ORD-500751,2025-10-21,SKU-1031,Notebook,Standard,Office,Brightline Wholesale,Online,Surabaya,E-Wallet,1,36.9,0.1,36.9,33.21,23.06,10.15,2025-10,2025-10-20/2025-10-26,0.30563083408611863
ORD-500752,2025-01-22,SKU-1061,Running Belt,Premium,Sports,Aster Distribution,Online,Semarang,Bank Transfer,3,76.7,0.1,230.1,207.09,131.13,75.96,2025-01,2025-01-20/2025-01-26,0.3667970447631464
ORD-500753,2025-08-30,SKU-1030,Storage Box,Pro,Home & Kitchen,Urban Source Ltd.,Retail Store,Jakarta,Cash,2,61.88,0.0,123.76,123.76,95.9,27.86,2025-08,2025-08-25/2025-08-31,0.22511312217194568
ORD-500754,2025-10-26,SKU-1063,Dumbbell Set,Standard,Sports,Urban Source Ltd.,Marketplace,Bandung,E-Wallet,1,37.4,0.15,37.4,31.79,29.68,2.11,2025-10,2025-10-20/2025-10-26,0.06637307329348852
ORD-500755,2025-04-13,SKU-1032,Notebook,Premium,Office,Brightline Wholesale,Retail Store,Semarang,E-Wallet,3,86.3,0.2,258.9,207.12,190.44,16.68,2025-04,2025-04-07/2025-04-13,0.08053302433371957
ORD-500756,2025-12-07,SKU-1021,Electric Kettle,Pro,Home & Kitchen,Aster Distribution,Retail Store,Bandung,Bank Transfer,3,84.19,0.0,252.57,252.57,173.79,78.78,2025-12,2025-12-01/2025-12-07,0.31191352892267493
ORD-500757,2025-01-04,SKU-1035,Monitor Stand,Standard,Office,Brightline Wholesale,Marketplace,Medan,Card,1,61.43,0.05,61.43,58.36,33.7,24.66,2025-01,2024-12-30/2025-01-05,0.42254969156956823
ORD-500758,2025-01-09,SKU-1025,Desk Lamp,Standard,Home & Kitchen,Urban Source Ltd.,Retail Store,Semarang,E-Wallet,1,104.17,0.0,104.17,104.17,78.6,25.57,2025-01,2025-01-06/2025-01-12,0.2454641451473553
ORD-500759,2025-04-10,SKU-1010,USB-C Hub,Standard,Electronics,Peak Imports,Marketplace,Jakarta,Cash,1,23.78,0.0,23.78,23.78,18.47,5.31,2025-04,2025-04-07/2025-04-13,0.22329688814129517
ORD-500760,2025-03-17,SKU-1036,Monitor Stand,Premium,Office,Nova Supply Co.,Marketplace,Bandung,Bank Transfer,3,158.85,0.1,476.55,428.9,330.81,98.09,2025-03,2025-03-17/2025-03-23,0.2287013289811145
ORD-500761,2025-12-08,SKU-1035,Monitor Stand,Standard,Office,Brightline Wholesale,Wholesale,Surabaya,Card,1,61.43,0.0,61.43,61.43,33.7,27.73,2025-12,2025-12-08/2025-12-14,0.45140810678821425
ORD-500762,2025-07-27,SKU-1015,Mechanical Keyboard,Pro,Electronics,Aster Distribution,Online,Surabaya,E-Wallet,2,110.43,0.15,220.86,187.73,161.78,25.95,2025-07,2025-07-21/2025-07-27,0.1382304373302083
ORD-500763,2025-08-20,SKU-1033,Gel Pen Set,Standard,Office,Aster Distribution,Marketplace,Medan,E-Wallet,1,82.15,0.1,82.15,73.94,65.35,8.59,2025-08,2025-08-18/2025-08-24,0.1161752772518258
ORD-500764,2025-10-08,SKU-1014,Mechanical Keyboard,Premium,Electronics,Nova Supply Co.,Online,Makassar,E-Wallet,1,106.42,0.15,106.42,90.46,74.24,16.22,2025-10,2025-10-06/2025-10-12,0.17930577050630112
ORD-500765,2025-08-21,SKU-1036,Monitor Stand,Premium,Office,Nova Supply Co.,Marketplace,Bandung,Card,1,158.85,0.05,158.85,150.91,110.27,40.64,2025-08,2025-08-18/2025-08-24,0.26929958253263536
ORD-500766,2025-08-16,SKU-1026,Desk Lamp,Premium,Home & Kitchen,Peak Imports,Online,Surabaya,Cash,2,42.39,0.0,84.78,84.78,62.56,22.22,2025-08,2025-08-11/2025-08-17,0.2620901155933003
ORD-500767,2025-10-05,SKU-1042,Face Cleanser,Premium,Beauty,Peak Imports,Online,Yogyakarta,Card,1,31.12,0.1,31.12,28.01,25.16,2.85,2025-10,2025-09-29/2025-10-05,0.1017493752231346
ORD-500768,2025-10-18,SKU-1062,Running Belt,Pro,Sports,Nova Supply Co.,Online,Surabaya,Card,1,33.01,0.1,33.01,29.71,19.93,9.78,2025-10,2025-10-13/2025-10-19,0.3291820935711881
ORD-500769,2025-08-21,SKU-1015,Mechanical Keyboard,Pro,Electronics,Aster Distribution,Marketplace,Surabaya,E-Wallet,1,110.43,0.0,110.43,110.43,80.89,29.54,2025-08,2025-08-18/2025-08-24,0.26749977361224303
ORD-500770,2025-09-15,SKU-1024,Blender,Pro,Home & Kitchen,Aster Distribution,Marketplace,Bandung,Card,1,59.17,0.0,59.17,59.17,44.96,14.21,2025-09,2025-09-15/2025-09-21,0.24015548419807337
ORD-500771,2025-05-19,SKU-1044,Sunscreen,Premium,Beauty,Nova Supply Co.,Retail Store,Jakarta,Bank Transfer,1,41.08,0.05,41.08,39.03,31.72,7.31,2025-05,2025-05-19/2025-05-25,0.1872918267998975
ORD-500772,2025-10-21,SKU-1041,Face Cleanser,Standard,Beauty,Brightline Wholesale,Marketplace,Semarang,Card,1,40.88,0.15,40.88,34.75,26.08,8.67,2025-10,2025-10-20/2025-10-26,0.24949640287769784
ORD-500773,2025-07-22,SKU-1014,Mechanical Keyboard,Premium,Electronics,Nova Supply Co.,Wholesale,Jakarta,Card,1,106.42,0.05,106.42,101.1,74.24,26.86,2025-07,2025-07-21/2025-07-27,0.26567754698318496
ORD-500774,2025-04-29,SKU-1010,USB-C Hub,Standard,Electronics,Peak Imports,Online,Medan,Cash,1,23.78,0.0,23.78,23.78,18.47,5.31,2025-04,2025-04-28/2025-05-04,0.22329688814129517
ORD-500775,2025-08-01,SKU-1001,Bluetooth Speaker,Standard,Electronics,Nova Supply Co.,Online,Bandung,Card,3,120.16,0.0,360.48,360.48,251.31,109.17,2025-08,2025-07-28/2025-08-03,0.3028462050599201
ORD-500776,2025-12-31,SKU-1046,Moisturizer,Premium,Beauty,Peak Imports,Marketplace,Surabaya,Card,3,8.32,0.05,24.96,23.71,13.77,9.94,2025-12,2025-12-29/2026-01-04,0.4192323913960354
ORD-500777,2025-04-14,SKU-1065,Dumbbell Set,Pro,Sports,Urban Source Ltd.,Marketplace,Jakarta,E-Wallet,2,18.33,0.15,36.66,31.16,21.52,9.64,2025-04,2025-04-14/2025-04-20,0.3093709884467266
ORD-500778,2025-12-22,SKU-1008,Power Bank,Premium,Electronics,Peak Imports,Online,Semarang,Card,1,64.8,0.05,64.8,61.56,35.52,26.04,2025-12,2025-12-22/2025-12-28,0.42300194931773877
ORD-500779,2025-11-03,SKU-1018,Air Fryer,Pro,Home & Kitchen,Peak Imports,Retail Store,Makassar,Card,2,12.8,0.0,25.6,25.6,15.36,10.24,2025-11,2025-11-03/2025-11-09,0.39999999999999997
ORD-500780,2025-12-04,SKU-1056,Resistance Bands,Pro,Sports,Nova Supply Co.,Online,Yogyakarta,Card,2,37.19,0.0,74.38,74.38,43.72,30.66,2025-12,2025-12-01/2025-12-07,0.4122075826835171
ORD-500781,2025-07-04,SKU-1057,Water Bottle,Standard,Sports,Nova Supply Co.,Online,Surabaya,Card,1,33.1,0.1,33.1,29.79,18.31,11.48,2025-07,2025-06-30/2025-07-06,0.38536421617992617
ORD-500782,2025-09-02,SKU-1028,Storage Box,Standard,Home & Kitchen,Nova Supply Co.,Retail Store,Surabaya,E-Wallet,2,55.89,0.0,111.78,111.78,66.18,45.6,2025-09,2025-09-01/2025-09-07,0.4079441760601181
ORD-500783,2025-07-21,SKU-1031,Notebook,Standard,Office,Brightline Wholesale,Marketplace,Medan,E-Wallet,1,36.9,0.1,36.9,33.21,23.06,10.15,2025-07,2025-07-21/2025-07-27,0.30563083408611863
ORD-500784,2025-05-25,SKU-1011,USB-C Hub,Premium,Electronics,Urban Source Ltd.,Online,Yogyakarta,E-Wallet,2,116.31,0.0,232.62,232.62,127.74,104.88,2025-05,2025-05-19/2025-05-25,0.4508640701573381
ORD-500785,2025-04-10,SKU-1035,Monitor Stand,Standard,Office,Brightline Wholesale,Retail Store,Semarang,Card,1,61.43,0.1,61.43,55.29,33.7,21.59,2025-04,2025-04-07/2025-04-13,0.3904865255923313
ORD-500786,2025-12-03,SKU-1059,Water Bottle,Pro,Sports,Brightline Wholesale,Marketplace,Jakarta,Card,1,21.51,0.05,21.51,20.43,17.37,3.06,2025-12,2025-12-01/2025-12-07,0.14977973568281938
ORD-500787,2025-09-14,SKU-1014,Mechanical Keyboard,Premium,Electronics,Nova Supply Co.,Online,Bandung,Card,1,106.42,0.05,106.42,101.1,74.24,26.86,2025-09,2025-09-08/2025-09-14,0.26567754698318496
ORD-500788,2025-01-14,SKU-1005,Wireless Earbuds,Premium,Electronics,Aster Distribution,Marketplace,Surabaya,E-Wallet,1,102.99,0.0,102.99,102.99,60.73,42.26,2025-01,2025-01-13/2025-01-19,0.4103311001068065
ORD-500789,2025-10-27,SKU-1010,USB-C Hub,Standard,Electronics,Peak Imports,Online,Bandung,Card,2,23.78,0.0,47.56,47.56,36.94,10.62,2025-10,2025-10-27/2025-11-02,0.22329688814129517
ORD-500790,2025-03-11,SKU-1057,Water Bottle,Standard,Sports,Nova Supply Co.,Marketplace,Semarang,E-Wallet,1,33.1,0.0,33.1,33.1,18.31,14.79,2025-03,2025-03-10/2025-03-16,0.4468277945619335
ORD-500791,2025-05-03,SKU-1046,Moisturizer,Premium,Beauty,Peak Imports,Wholesale,Medan,E-Wallet,1,8.32,0.05,8.32,7.9,4.59,3.31,2025-05,2025-04-28/2025-05-04,0.4189873417721519
ORD-500792,2025-12-17,SKU-1061,Running Belt,Premium,Sports,Aster Distribution,Online,Bandung,E-Wallet,1,76.7,0.0,76.7,76.7,43.71,32.99,2025-12,2025-12-15/2025-12-21,0.4301173402868318
ORD-500793,2025-07-12,SKU-1015,Mechanical Keyboard,Pro,Electronics,Aster Distribution,Online,Bandung,Card,1,110.43,0.0,110.43,110.43,80.89,29.54,2025-07,2025-07-07/2025-07-13,0.26749977361224303
ORD-500794,2025-02-17,SKU-1009,Power Bank,Pro,Electronics,Nova Supply Co.,Online,Yogyakarta,Cash,1,120.75,0.0,120.75,120.75,92.43,28.32,2025-02,2025-02-17/2025-02-23,0.23453416149068324
ORD-500795,2025-08-18,SKU-1032,Notebook,Premium,Office,Brightline Wholesale,Marketplace,Surabaya,Bank Transfer,1,86.3,0.0,86.3,86.3,63.48,22.82,2025-08,2025-08-18/2025-08-24,0.2644264194669757
ORD-500796,2025-12-15,SKU-1003,Bluetooth Speaker,Pro,Electronics,Brightline Wholesale,Online,Yogyakarta,E-Wallet,1,118.47,0.1,118.47,106.62,71.07,35.55,2025-12,2025-12-15/2025-12-21,0.33342712436691047
ORD-500797,2025-05-16,SKU-1035,Monitor Stand,Standard,Office,Brightline Wholesale,Online,Jakarta,Bank Transfer,1,61.43,0.0,61.43,61.43,33.7,27.73,2025-05,2025-05-12/2025-05-18,0.45140810678821425
ORD-500798,2025-02-01,SKU-1011,USB-C Hub,Premium,Electronics,Urban Source Ltd.,Online,Bandung,E-Wallet,1,116.31,0.2,116.31,93.05,63.87,29.18,2025-02,2025-01-27/2025-02-02,0.31359484148307365
ORD-500799,2025-06-21,SKU-1025,Desk Lamp,Standard,Home & Kitchen,Urban Source Ltd.,Online,Surabaya,Bank Transfer,1,104.17,0.0,104.17,104.17,78.6,25.57,2025-06,2025-06-16/2025-06-22,0.2454641451473553
ORD-500800,2025-12-30,SKU-1001,Bluetooth Speaker,Standard,Electronics,Nova Supply Co.,Retail Store,Medan,Card,1,120.16,0.0,120.16,120.16,83.77,36.39,2025-12,2025-12-29/2026-01-04,0.3028462050599201
ORD-500801,2025-02-18,SKU-1021,Electric Kettle,Pro,Home & Kitchen,Aster Distribution,Online,Makassar,Bank Transfer,2,84.19,0.0,168.38,168.38,115.86,52.52,2025-02,2025-02-17/2025-02-23,0.31191352892267493
ORD-500802,2025-03-07,SKU-1010,USB-C Hub,Standard,Electronics,Peak Imports,Online,Yogyakarta,Card,1,23.78,0.0,23.78,23.78,18.47,5.31,2025-03,2025-03-03/2025-03-09,0.22329688814129517
ORD-500803,2025-05-30,SKU-1014,Mechanical Keyboard,Premium,Electronics,Nova Supply Co.,Marketplace,Medan,Cash,1,106.42,0.15,106.42,90.46,74.24,16.22,2025-05,2025-05-26/2025-06-01,0.17930577050630112
ORD-500804,2025-02-28,SKU-1035,Monitor Stand,Standard,Office,Brightline Wholesale,Online,Yogyakarta,Bank Transfer,1,61.43,0.0,61.43,61.43,33.7,27.73,2025-02,2025-02-24/2025-03-02,0.45140810678821425
ORD-500805,2025-10-24,SKU-1046,Moisturizer,Premium,Beauty,Peak Imports,Online,Yogyakarta,E-Wallet,1,8.32,0.0,8.32,8.32,4.59,3.73,2025-10,2025-10-20/2025-10-26,0.44831730769230765
ORD-500806,2025-06-15,SKU-1059,Water Bottle,Pro,Sports,Brightline Wholesale,Online,Yogyakarta,E-Wallet,2,21.51,0.15,43.02,36.57,34.74,1.83,2025-06,2025-06-09/2025-06-15,0.05004101722723544
ORD-500807,2025-06-08,SKU-1029,Storage Box,Premium,Home & Kitchen,Aster Distribution,Wholesale,Makassar,Card,3,14.45,0.05,43.35,41.18,34.44,6.74,2025-06,2025-06-02/2025-06-08,0.16367168528411852
ORD-500808,2025-08-26,SKU-1038,Desk Organizer,Premium,Office,Urban Source Ltd.,Retail Store,Medan,E-Wallet,1,47.71,0.0,47.71,47.71,35.03,12.68,2025-08,2025-08-25/2025-08-31,0.26577237476420035
ORD-500809,2025-01-23,SKU-1057,Water Bottle,Standard,Sports,Nova Supply Co.,Marketplace,Medan,Card,1,33.1,0.1,33.1,29.79,18.31,11.48,2025-01,2025-01-20/2025-01-26,0.38536421617992617
ORD-500810,2025-05-24,SKU-1050,Makeup Brush Set,Premium,Beauty,Peak Imports,Online,Jakarta,Card,1,37.2,0.15,37.2,31.62,25.93,5.69,2025-05,2025-05-19/2025-05-25,0.17994939911448452
ORD-500811,2025-10-02,SKU-1012,USB-C Hub,Pro,Electronics,Nova Supply Co.,Online,Bandung,Card,1,66.9,0.0,66.9,66.9,46.06,20.84,2025-10,2025-09-29/2025-10-05,0.3115097159940209
ORD-500812,2025-06-25,SKU-1061,Running Belt,Premium,Sports,Aster Distribution,Marketplace,Bandung,Bank Transfer,1,76.7,0.05,76.7,72.86,43.71,29.15,2025-06,2025-06-23/2025-06-29,0.400082349711776
ORD-500813,2025-06-29,SKU-1057,Water Bottle,Standard,Sports,Nova Supply Co.,Online,Jakarta,Bank Transfer,1,33.1,0.2,33.1,26.48,18.31,8.17,2025-06,2025-06-23/2025-06-29,0.3085347432024169
ORD-500814,2025-06-13,SKU-1054,Resistance Bands,Standard,Sports,Peak Imports,Wholesale,Semarang,Card,3,67.42,0.1,202.26,182.03,159.75,22.28,2025-06,2025-06-09/2025-06-15,0.12239740702082075
ORD-500815,2025-10-02,SKU-1007,Power Bank,Standard,Electronics,Nova Supply Co.,Wholesale,Makassar,Cash,2,127.25,0.0,254.5,254.5,163.68,90.82,2025-10,2025-09-29/2025-10-05,0.35685658153241645
ORD-500816,2025-02-28,SKU-1059,Water Bottle,Pro,Sports,Brightline Wholesale,Wholesale,Yogyakarta,Card,1,21.51,0.0,21.51,21.51,17.37,4.14,2025-02,2025-02-24/2025-03-02,0.1924686192468619
ORD-500817,2025-05-28,SKU-1010,USB-C Hub,Standard,Electronics,Peak Imports,Retail Store,Jakarta,Bank Transfer,1,23.78,0.0,23.78,23.78,18.47,5.31,2025-05,2025-05-26/2025-06-01,0.22329688814129517
ORD-500818,2025-08-25,SKU-1035,Monitor Stand,Standard,Office,Brightline Wholesale,Retail Store,Makassar,Bank Transfer,1,61.43,0.05,61.43,58.36,33.7,24.66,2025-08,2025-08-25/2025-08-31,0.42254969156956823
ORD-500819,2025-03-03,SKU-1047,Hair Dryer,Standard,Beauty,Nova Supply Co.,Marketplace,Medan,Card,1,52.4,0.05,52.4,49.78,41.75,8.03,2025-03,2025-03-03/2025-03-09,0.16130976295701083
ORD-500820,2025-05-15,SKU-1034,Gel Pen Set,Premium,Office,Aster Distribution,Online,Surabaya,E-Wallet,1,211.77,0.0,211.77,211.77,119.78,91.99,2025-05,2025-05-12/2025-05-18,0.4343863625631581
ORD-500821,2025-09-03,SKU-1053,Yoga Mat,Pro,Sports,Brightline Wholesale,Retail Store,Jakarta,E-Wallet,2,30.37,0.0,60.74,60.74,38.6,22.14,2025-09,2025-09-01/2025-09-07,0.3645044451761607
ORD-500822,2025-03-07,SKU-1019,Electric Kettle,Standard,Home & Kitchen,Nova Supply Co.,Online,Yogyakarta,E-Wallet,1,88.16,0.05,88.16,83.75,53.02,30.73,2025-03,2025-03-03/2025-03-09,0.3669253731343284
ORD-500823,2025-05-02,SKU-1017,Air Fryer,Premium,Home & Kitchen,Peak Imports,Wholesale,Bandung,Card,1,85.71,0.05,85.71,81.42,66.93,14.49,2025-05,2025-04-28/2025-05-04,0.17796610169491525
ORD-500824,2025-09-08,SKU-1059,Water Bottle,Pro,Sports,Brightline Wholesale,Retail Store,Makassar,Bank Transfer,1,21.51,0.1,21.51,19.36,17.37,1.99,2025-09,2025-09-08/2025-09-14,0.10278925619834711
ORD-500825,2025-01-19,SKU-1031,Notebook,Standard,Office,Brightline Wholesale,Online,Semarang,E-Wallet,1,36.9,0.1,36.9,33.21,23.06,10.15,2025-01,2025-01-13/2025-01-19,0.30563083408611863
ORD-500826,2025-09-23,SKU-1030,Storage Box,Pro,Home & Kitchen,Urban Source Ltd.,Online,Surabaya,Card,2,61.88,0.0,123.76,123.76,95.9,27.86,2025-09,2025-09-22/2025-09-28,0.22511312217194568
ORD-500827,2025-11-13,SKU-1019,Electric Kettle,Standard,Home & Kitchen,Nova Supply Co.,Online,Jakarta,Card,1,88.16,0.1,88.16,79.34,53.02,26.32,2025-11,2025-11-10/2025-11-16,0.3317368288379128
ORD-500828,2025-08-04,SKU-1024,Blender,Pro,Home & Kitchen,Aster Distribution,Retail Store,Bandung,E-Wallet,4,59.17,0.0,236.68,236.68,179.84,56.84,2025-08,2025-08-04/2025-08-10,0.24015548419807337
ORD-500829,2025-01-15,SKU-1053,Yoga Mat,Pro,Sports,Brightline Wholesale,Marketplace,Surabaya,E-Wallet,3,30.37,0.1,91.11,82.0,57.9,24.1,2025-01,2025-01-13/2025-01-19,0.2939024390243903
ORD-500830,2025-07-09,SKU-1026,Desk Lamp,Premium,Home & Kitchen,Peak Imports,Marketplace,Jakarta,Card,1,42.39,0.05,42.39,40.27,31.28,8.99,2025-07,2025-07-07/2025-07-13,0.22324310901415445
ORD-500831,2025-05-06,SKU-1057,Water Bottle,Standard,Sports,Nova Supply Co.,Retail Store,Surabaya,Card,2,33.1,0.1,66.2,59.58,36.62,22.96,2025-05,2025-05-05/2025-05-11,0.38536421617992617
ORD-500832,2025-01-08,SKU-1033,Gel Pen Set,Standard,Office,Aster Distribution,Retail Store,Surabaya,Card,1,82.15,0.0,82.15,82.15,65.35,16.8,2025-01,2025-01-06/2025-01-12,0.20450395617772368
ORD-500833,2025-07-06,SKU-1002,Bluetooth Speaker,Premium,Electronics,Nova Supply Co.,Wholesale,Jakarta,Bank Transfer,2,110.05,0.05,220.1,209.1,174.68,34.42,2025-07,2025-06-30/2025-07-06,0.1646102343376375
ORD-500834,2025-06-23,SKU-1012,USB-C Hub,Pro,Electronics,Nova Supply Co.,Online,Semarang,Card,1,66.9,0.05,66.9,63.56,46.06,17.5,2025-06,2025-06-23/2025-06-29,0.2753303964757709
ORD-500835,2025-06-22,SKU-1001,Bluetooth Speaker,Standard,Electronics,Nova Supply Co.,Retail Store,Bandung,E-Wallet,3,120.16,0.0,360.48,360.48,251.31,109.17,2025-06,2025-06-16/2025-06-22,0.3028462050599201
ORD-500836,2025-06-23,SKU-1011,USB-C Hub,Premium,Electronics,Urban Source Ltd.,Online,Bandung,Cash,1,116.31,0.0,116.31,116.31,63.87,52.44,2025-06,2025-06-23/2025-06-29,0.4508640701573381
ORD-500837,2025-07-12,SKU-1037,Desk Organizer,Standard,Office,Nova Supply Co.,Online,Bandung,Card,1,24.82,0.0,24.82,24.82,14.08,10.74,2025-07,2025-07-07/2025-07-13,0.43271555197421435
ORD-500838,2025-11-10,SKU-1033,Gel Pen Set,Standard,Office,Aster Distribution,Marketplace,Jakarta,E-Wallet,1,82.15,0.1,82.15,73.94,65.35,8.59,2025-11,2025-11-10/2025-11-16,0.1161752772518258
ORD-500839,2025-04-20,SKU-1053,Yoga Mat,Pro,Sports,Brightline Wholesale,Marketplace,Jakarta,E-Wallet,1,30.37,0.05,30.37,28.85,19.3,9.55,2025-04,2025-04-14/2025-04-20,0.3310225303292894
ORD-500840,2025-12-30,SKU-1039,Office Chair,Standard,Office,Nova Supply Co.,Online,Jakarta,Bank Transfer,2,42.18,0.0,84.36,84.36,48.94,35.42,2025-12,2025-12-29/2026-01-04,0.41986723565670936
ORD-500841,2025-11-18,SKU-1060,Running Belt,Standard,Sports,Nova Supply Co.,Online,Semarang,Bank Transfer,3,84.42,0.0,253.26,253.26,144.45,108.81,2025-11,2025-11-17/2025-11-23,0.42963752665245203
ORD-500842,2025-09-13,SKU-1030,Storage Box,Pro,Home & Kitchen,Urban Source Ltd.,Wholesale,Surabaya,Card,1,61.88,0.1,61.88,55.69,47.95,7.74,2025-09,2025-09-08/2025-09-14,0.13898365954390376
ORD-500843,2025-12-30,SKU-1015,Mechanical Keyboard,Pro,Electronics,Aster Distribution,Online,Bandung,Bank Transfer,2,110.43,0.15,220.86,187.73,161.78,25.95,2025-12,2025-12-29/2026-01-04,0.1382304373302083
ORD-500844,2025-07-21,SKU-1006,Wireless Earbuds,Pro,Electronics,Aster Distribution,Online,Bandung,Bank Transfer,1,48.0,0.1,48.0,43.2,31.91,11.29,2025-07,2025-07-21/2025-07-27,0.26134259259259257
ORD-500845,2025-11-06,SKU-1050,Makeup Brush Set,Premium,Beauty,Peak Imports,Online,Makassar,Bank Transfer,3,37.2,0.0,111.6,111.6,77.79,33.81,2025-11,2025-11-03/2025-11-09,0.30295698924731185
ORD-500846,2025-02-08,SKU-1010,USB-C Hub,Standard,Electronics,Peak Imports,Online,Yogyakarta,Card,2,23.78,0.0,47.56,47.56,36.94,10.62,2025-02,2025-02-03/2025-02-09,0.22329688814129517
ORD-500847,2025-01-25,SKU-1035,Monitor Stand,Standard,Office,Brightline Wholesale,Marketplace,Jakarta,E-Wallet,1,61.43,0.1,61.43,55.29,33.7,21.59,2025-01,2025-01-20/2025-01-26,0.3904865255923313
ORD-500848,2025-06-14,SKU-1064,Dumbbell Set,Premium,Sports,Brightline Wholesale,Online,Semarang,E-Wallet,2,28.95,0.0,57.9,57.9,32.3,25.6,2025-06,2025-06-09/2025-06-15,0.4421416234887738
ORD-500849,2025-04-23,SKU-1009,Power Bank,Pro,Electronics,Nova Supply Co.,Online,Surabaya,Bank Transfer,1,120.75,0.15,120.75,102.64,92.43,10.21,2025-04,2025-04-21/2025-04-27,0.0994738893219018
ORD-500850,2025-01-06,SKU-1010,USB-C Hub,Standard,Electronics,Peak Imports,Retail Store,Jakarta,Card,1,23.78,0.0,23.78,23.78,18.47,5.31,2025-01,2025-01-06/2025-01-12,0.22329688814129517
ORD-500851,2025-09-29,SKU-1048,Hair Dryer,Premium,Beauty,Urban Source Ltd.,Retail Store,Medan,E-Wallet,2,35.46,0.0,70.92,70.92,39.54,31.38,2025-09,2025-09-29/2025-10-05,0.44247038917089676
ORD-500852,2025-12-23,SKU-1024,Blender,Pro,Home & Kitchen,Aster Distribution,Wholesale,Bandung,Card,2,59.17,0.1,118.34,106.51,89.92,16.59,2025-12,2025-12-22/2025-12-28,0.15576002253309548
ORD-500853,2025-08-20,SKU-1028,Storage Box,Standard,Home & Kitchen,Nova Supply Co.,Online,Jakarta,E-Wallet,1,55.89,0.1,55.89,50.3,33.09,17.21,2025-08,2025-08-18/2025-08-24,0.3421471172962227
ORD-500854,2025-10-13,SKU-1057,Water Bottle,Standard,Sports,Nova Supply Co.,Marketplace,Medan,Bank Transfer,1,33.1,0.0,33.1,33.1,18.31,14.79,2025-10,2025-10-13/2025-10-19,0.4468277945619335
ORD-500855,2025-08-09,SKU-1009,Power Bank,Pro,Electronics,Nova Supply Co.,Marketplace,Yogyakarta,E-Wallet,1,120.75,0.05,120.75,114.71,92.43,22.28,2025-08,2025-08-04/2025-08-10,0.19422892511550868
ORD-500856,2025-10-20,SKU-1004,Wireless Earbuds,Standard,Electronics,Aster Distribution,Online,Surabaya,E-Wallet,1,77.45,0.05,77.45,73.58,55.47,18.11,2025-10,2025-10-20/2025-10-26,0.24612666485458004
ORD-500857,2025-07-03,SKU-1063,Dumbbell Set,Standard,Sports,Urban Source Ltd.,Retail Store,Bandung,Card,2,37.4,0.0,74.8,74.8,59.36,15.44,2025-07,2025-06-30/2025-07-06,0.20641711229946524
ORD-500858,2025-12-16,SKU-1042,Face Cleanser,Premium,Beauty,Peak Imports,Retail Store,Yogyakarta,E-Wallet,1,31.12,0.1,31.12,28.01,25.16,2.85,2025-12,2025-12-15/2025-12-21,0.1017493752231346
ORD-500859,2025-07-22,SKU-1065,Dumbbell Set,Pro,Sports,Urban Source Ltd.,Online,Surabaya,E-Wallet,1,18.33,0.1,18.33,16.5,10.76,5.74,2025-07,2025-07-21/2025-07-27,0.3478787878787879
ORD-500860,2025-10-17,SKU-1011,USB-C Hub,Premium,Electronics,Urban Source Ltd.,Marketplace,Yogyakarta,Cash,1,116.31,0.0,116.31,116.31,63.87,52.44,2025-10,2025-10-13/2025-10-19,0.4508640701573381
ORD-500861,2025-12-09,SKU-1043,Sunscreen,Standard,Beauty,Brightline Wholesale,Retail Store,Jakarta,Bank Transfer,1,26.13,0.05,26.13,24.82,20.37,4.45,2025-12,2025-12-08/2025-12-14,0.17929089443996776
ORD-500862,2025-11-09,SKU-1058,Water Bottle,Premium,Sports,Aster Distribution,Marketplace,Bandung,Bank Transfer,1,48.14,0.0,48.14,48.14,36.02,12.12,2025-11,2025-11-03/2025-11-09,0.25176568342334854
ORD-500863,2025-07-31,SKU-1005,Wireless Earbuds,Premium,Electronics,Aster Distribution,Retail Store,Yogyakarta,Bank Transfer,1,102.99,0.0,102.99,102.99,60.73,42.26,2025-07,2025-07-28/2025-08-03,0.4103311001068065
ORD-500864,2025-12-29,SKU-1055,Resistance Bands,Premium,Sports,Aster Distribution,Online,Jakarta,Card,1,26.5,0.05,26.5,25.17,21.45,3.72,2025-12,2025-12-29/2026-01-04,0.14779499404052443
ORD-500865,2025-12-31,SKU-1028,Storage Box,Standard,Home & Kitchen,Nova Supply Co.,Online,Jakarta,Bank Transfer,2,55.89,0.0,111.78,111.78,66.18,45.6,2025-12,2025-12-29/2026-01-04,0.4079441760601181
ORD-500866,2025-07-14,SKU-1007,Power Bank,Standard,Electronics,Nova Supply Co.,Marketplace,Medan,E-Wallet,1,127.25,0.0,127.25,127.25,81.84,45.41,2025-07,2025-07-14/2025-07-20,0.35685658153241645
ORD-500867,2025-10-09,SKU-1031,Notebook,Standard,Office,Brightline Wholesale,Online,Semarang,Card,2,36.9,0.0,73.8,73.8,46.12,27.68,2025-10,2025-10-06/2025-10-12,0.3750677506775068
ORD-500868,2025-12-10,SKU-1001,Bluetooth Speaker,Standard,Electronics,Nova Supply Co.,Marketplace,Medan,Card,1,120.16,0.1,120.16,108.14,83.77,24.37,2025-12,2025-12-08/2025-12-14,0.22535601997410765
ORD-500869,2025-01-08,SKU-1056,Resistance Bands,Pro,Sports,Nova Supply Co.,Online,Surabaya,Card,1,37.19,0.05,37.19,35.33,21.86,13.47,2025-01,2025-01-06/2025-01-12,0.38126238324370226
ORD-500870,2025-11-08,SKU-1010,USB-C Hub,Standard,Electronics,Peak Imports,Retail Store,Surabaya,E-Wallet,2,23.78,0.1,47.56,42.8,36.94,5.86,2025-11,2025-11-03/2025-11-09,0.1369158878504673
ORD-500871,2025-05-18,SKU-1006,Wireless Earbuds,Pro,Electronics,Aster Distribution,Marketplace,Yogyakarta,Bank Transfer,3,48.0,0.0,144.0,144.0,95.73,48.27,2025-05,2025-05-12/2025-05-18,0.33520833333333333
ORD-500872,2025-11-03,SKU-1056,Resistance Bands,Pro,Sports,Nova Supply Co.,Online,Semarang,Bank Transfer,2,37.19,0.0,74.38,74.38,43.72,30.66,2025-11,2025-11-03/2025-11-09,0.4122075826835171
ORD-500873,2025-10-18,SKU-1007,Power Bank,Standard,Electronics,Nova Supply Co.,Retail Store,Jakarta,Card,1,127.25,0.05,127.25,120.89,81.84,39.05,2025-10,2025-10-13/2025-10-19,0.3230209281164695
ORD-500874,2025-07-06,SKU-1048,Hair Dryer,Premium,Beauty,Urban Source Ltd.,Online,Surabaya,E-Wallet,3,35.46,0.1,106.38,95.74,59.31,36.43,2025-07,2025-06-30/2025-07-06,0.3805097138082306
ORD-500875,2025-06-15,SKU-1056,Resistance Bands,Pro,Sports,Nova Supply Co.,Online,Makassar,Bank Transfer,1,37.19,0.0,37.19,37.19,21.86,15.33,2025-06,2025-06-09/2025-06-15,0.4122075826835171
ORD-500876,2025-11-17,SKU-1002,Bluetooth Speaker,Premium,Electronics,Nova Supply Co.,Online,Semarang,Bank Transfer,2,110.05,0.2,220.1,176.08,174.68,1.4,2025-11,2025-11-17/2025-11-23,0.007950931394820535
ORD-500877,2025-07-08,SKU-1049,Makeup Brush Set,Standard,Beauty,Nova Supply Co.,Online,Yogyakarta,E-Wallet,1,34.46,0.05,34.46,32.74,25.68,7.06,2025-07,2025-07-07/2025-07-13,0.21563836285888818
ORD-500878,2025-04-25,SKU-1064,Dumbbell Set,Premium,Sports,Brightline Wholesale,Retail Store,Semarang,Card,2,28.95,0.0,57.9,57.9,32.3,25.6,2025-04,2025-04-21/2025-04-27,0.4421416234887738
ORD-500879,2025-05-21,SKU-1008,Power Bank,Premium,Electronics,Peak Imports,Online,Makassar,Card,1,64.8,0.0,64.8,64.8,35.52,29.28,2025-05,2025-05-19/2025-05-25,0.4518518518518519
ORD-500880,2025-06-23,SKU-1031,Notebook,Standard,Office,Brightline Wholesale,Retail Store,Makassar,Card,1,36.9,0.05,36.9,35.06,23.06,12.0,2025-06,2025-06-23/2025-06-29,0.34227039361095263
ORD-500881,2025-03-18,SKU-1010,USB-C Hub,Standard,Electronics,Peak Imports,Retail Store,Bandung,Card,2,23.78,0.0,47.56,47.56,36.94,10.62,2025-03,2025-03-17/2025-03-23,0.22329688814129517
ORD-500882,2025-03-03,SKU-1019,Electric Kettle,Standard,Home & Kitchen,Nova Supply Co.,Marketplace,Medan,Card,1,88.16,0.05,88.16,83.75,53.02,30.73,2025-03,2025-03-03/2025-03-09,0.3669253731343284
ORD-500883,2025-02-08,SKU-1018,Air Fryer,Pro,Home & Kitchen,Peak Imports,Online,Bandung,E-Wallet,1,12.8,0.1,12.8,11.52,7.68,3.84,2025-02,2025-02-03/2025-02-09,0.3333333333333333
ORD-500884,2025-11-04,SKU-1010,USB-C Hub,Standard,Electronics,Peak Imports,Marketplace,Bandung,Card,2,23.78,0.1,47.56,42.8,36.94,5.86,2025-11,2025-11-03/2025-11-09,0.1369158878504673
ORD-500885,2025-01-18,SKU-1010,USB-C Hub,Standard,Electronics,Peak Imports,Online,Medan,Bank Transfer,2,23.78,0.0,47.56,47.56,36.94,10.62,2025-01,2025-01-13/2025-01-19,0.22329688814129517
ORD-500886,2025-05-12,SKU-1053,Yoga Mat,Pro,Sports,Brightline Wholesale,Online,Surabaya,Card,2,30.37,0.0,60.74,60.74,38.6,22.14,2025-05,2025-05-12/2025-05-18,0.3645044451761607
ORD-500887,2025-08-06,SKU-1035,Monitor Stand,Standard,Office,Brightline Wholesale,Retail Store,Jakarta,E-Wallet,3,61.43,0.0,184.29,184.29,101.1,83.19,2025-08,2025-08-04/2025-08-10,0.45140810678821425
ORD-500888,2025-04-10,SKU-1009,Power Bank,Pro,Electronics,Nova Supply Co.,Online,Jakarta,Cash,1,120.75,0.0,120.75,120.75,92.43,28.32,2025-04,2025-04-07/2025-04-13,0.23453416149068324
ORD-500889,2025-09-18,SKU-1014,Mechanical Keyboard,Premium,Electronics,Nova Supply Co.,Retail Store,Medan,Cash,2,106.42,0.05,212.84,202.2,148.48,53.72,2025-09,2025-09-15/2025-09-21,0.26567754698318496
ORD-500890,2025-09-29,SKU-1001,Bluetooth Speaker,Standard,Electronics,Nova Supply Co.,Retail Store,Surabaya,E-Wallet,1,120.16,0.0,120.16,120.16,83.77,36.39,2025-09,2025-09-29/2025-10-05,0.3028462050599201
ORD-500891,2025-08-23,SKU-1012,USB-C Hub,Pro,Electronics,Nova Supply Co.,Online,Semarang,Card,1,66.9,0.0,66.9,66.9,46.06,20.84,2025-08,2025-08-18/2025-08-24,0.3115097159940209
ORD-500892,2025-03-07,SKU-1008,Power Bank,Premium,Electronics,Peak Imports,Online,Bandung,E-Wallet,1,64.8,0.0,64.8,64.8,35.52,29.28,2025-03,2025-03-03/2025-03-09,0.4518518518518519
ORD-500893,2025-12-17,SKU-1056,Resistance Bands,Pro,Sports,Nova Supply Co.,Retail Store,Jakarta,Bank Transfer,1,37.19,0.05,37.19,35.33,21.86,13.47,2025-12,2025-12-15/2025-12-21,0.38126238324370226
ORD-500894,2025-04-23,SKU-1012,USB-C Hub,Pro,Electronics,Nova Supply Co.,Wholesale,Yogyakarta,Card,1,66.9,0.0,66.9,66.9,46.06,20.84,2025-04,2025-04-21/2025-04-27,0.3115097159940209
ORD-500895,2025-06-16,SKU-1057,Water Bottle,Standard,Sports,Nova Supply Co.,Marketplace,Bandung,Bank Transfer,3,33.1,0.0,99.3,99.3,54.93,44.37,2025-06,2025-06-16/2025-06-22,0.4468277945619335
ORD-500896,2025-01-15,SKU-1024,Blender,Pro,Home & Kitchen,Aster Distribution,Online,Medan,Card,1,59.17,0.05,59.17,56.21,44.96,11.25,2025-01,2025-01-13/2025-01-19,0.20014232342999466
ORD-500897,2025-09-25,SKU-1064,Dumbbell Set,Premium,Sports,Brightline Wholesale,Online,Medan,Card,1,28.95,0.1,28.95,26.06,16.15,9.91,2025-09,2025-09-22/2025-09-28,0.3802762854950115
ORD-500898,2025-01-08,SKU-1019,Electric Kettle,Standard,Home & Kitchen,Nova Supply Co.,Marketplace,Surabaya,E-Wallet,1,88.16,0.05,88.16,83.75,53.02,30.73,2025-01,2025-01-06/2025-01-12,0.3669253731343284
ORD-500899,2025-04-23,SKU-1025,Desk Lamp,Standard,Home & Kitchen,Urban Source Ltd.,Marketplace,Makassar,Card,1,104.17,0.0,104.17,104.17,78.6,25.57,2025-04,2025-04-21/2025-04-27,0.2454641451473553
ORD-500900,2025-01-17,SKU-1010,USB-C Hub,Standard,Electronics,Peak Imports,Retail Store,Makassar,Card,1,23.78,0.0,23.78,23.78,18.47,5.31,2025-01,2025-01-13/2025-01-19,0.22329688814129517
ORD-500901,2025-05-12,SKU-1012,USB-C Hub,Pro,Electronics,Nova Supply Co.,Online,Surabaya,Card,3,66.9,0.0,200.7,200.7,138.18,62.52,2025-05,2025-05-12/2025-05-18,0.31150971599402094
ORD-500902,2025-08-29,SKU-1002,Bluetooth Speaker,Premium,Electronics,Nova Supply Co.,Online,Yogyakarta,Bank Transfer,1,110.05,0.1,110.05,99.04,87.34,11.7,2025-08,2025-08-25/2025-08-31,0.11813408723747978
ORD-500903,2025-05-15,SKU-1056,Resistance Bands,Pro,Sports,Nova Supply Co.,Wholesale,Jakarta,E-Wallet,4,37.19,0.05,148.76,141.32,87.44,53.88,2025-05,2025-05-12/2025-05-18,0.38126238324370226
ORD-500904,2025-07-15,SKU-1053,Yoga Mat,Pro,Sports,Brightline Wholesale,Retail Store,Semarang,Card,1,30.37,0.15,30.37,25.81,19.3,6.51,2025-07,2025-07-14/2025-07-20,0.2522278186749322
ORD-500905,2025-08-13,SKU-1006,Wireless Earbuds,Pro,Electronics,Aster Distribution,Marketplace,Jakarta,E-Wallet,1,48.0,0.05,48.0,45.6,31.91,13.69,2025-08,2025-08-11/2025-08-17,0.300219298245614
ORD-500906,2025-04-13,SKU-1057,Water Bottle,Standard,Sports,Nova Supply Co.,Online,Yogyakarta,Bank Transfer,4,33.1,0.0,132.4,132.4,73.24,59.16,2025-04,2025-04-07/2025-04-13,0.4468277945619335
ORD-500907,2025-01-03,SKU-1029,Storage Box,Premium,Home & Kitchen,Aster Distribution,Online,Yogyakarta,Bank Transfer,1,14.45,0.15,14.45,12.28,11.48,0.8,2025-01,2024-12-30/2025-01-05,0.06514657980456026
ORD-500908,2025-04-10,SKU-1002,Bluetooth Speaker,Premium,Electronics,Nova Supply Co.,Marketplace,Semarang,E-Wallet,1,110.05,0.05,110.05,104.55,87.34,17.21,2025-04,2025-04-07/2025-04-13,0.1646102343376375
ORD-500909,2025-10-15,SKU-1024,Blender,Pro,Home & Kitchen,Aster Distribution,Wholesale,Jakarta,Card,1,59.17,0.0,59.17,59.17,44.96,14.21,2025-10,2025-10-13/2025-10-19,0.24015548419807337
ORD-500910,2025-06-18,SKU-1019,Electric Kettle,Standard,Home & Kitchen,Nova Supply Co.,Online,Yogyakarta,Card,1,88.16,0.05,88.16,83.75,53.02,30.73,2025-06,2025-06-16/2025-06-22,0.3669253731343284
ORD-500911,2025-11-10,SKU-1007,Power Bank,Standard,Electronics,Nova Supply Co.,Marketplace,Surabaya,Cash,1,127.25,0.0,127.25,127.25,81.84,45.41,2025-11,2025-11-10/2025-11-16,0.35685658153241645
ORD-500912,2025-11-17,SKU-1012,USB-C Hub,Pro,Electronics,Nova Supply Co.,Online,Jakarta,Card,1,66.9,0.1,66.9,60.21,46.06,14.15,2025-11,2025-11-17/2025-11-23,0.23501079554891213
ORD-500913,2025-12-05,SKU-1035,Monitor Stand,Standard,Office,Brightline Wholesale,Retail Store,Semarang,Bank Transfer,2,61.43,0.0,122.86,122.86,67.4,55.46,2025-12,2025-12-01/2025-12-07,0.45140810678821425
ORD-500914,2025-11-07,SKU-1053,Yoga Mat,Pro,Sports,Brightline Wholesale,Online,Bandung,Card,1,30.37,0.05,30.37,28.85,19.3,9.55,2025-11,2025-11-03/2025-11-09,0.3310225303292894
ORD-500915,2025-07-03,SKU-1041,Face Cleanser,Standard,Beauty,Brightline Wholesale,Online,Makassar,E-Wallet,2,40.88,0.0,81.76,81.76,52.16,29.6,2025-07,2025-06-30/2025-07-06,0.36203522504892366
ORD-500916,2025-07-03,SKU-1002,Bluetooth Speaker,Premium,Electronics,Nova Supply Co.,Online,Jakarta,E-Wallet,1,110.05,0.2,110.05,88.04,87.34,0.7,2025-07,2025-06-30/2025-07-06,0.007950931394820535
ORD-500917,2025-09-07,SKU-1015,Mechanical Keyboard,Pro,Electronics,Aster Distribution,Online,Surabaya,Cash,4,110.43,0.0,441.72,441.72,323.56,118.16,2025-09,2025-09-01/2025-09-07,0.26749977361224303
ORD-500918,2025-06-30,SKU-1015,Mechanical Keyboard,Pro,Electronics,Aster Distribution,Online,Bandung,Card,1,110.43,0.1,110.43,99.39,80.89,18.5,2025-06,2025-06-30/2025-07-06,0.18613542609920514
ORD-500919,2025-03-27,SKU-1012,USB-C Hub,Pro,Electronics,Nova Supply Co.,Online,Jakarta,Bank Transfer,2,66.9,0.1,133.8,120.42,92.12,28.3,2025-03,2025-03-24/2025-03-30,0.23501079554891213
ORD-500920,2025-01-01,SKU-1002,Bluetooth Speaker,Premium,Electronics,Nova Supply Co.,Retail Store,Semarang,Card,2,110.05,0.2,220.1,176.08,174.68,1.4,2025-01,2024-12-30/2025-01-05,0.007950931394820535
ORD-500921,2025-12-31,SKU-1056,Resistance Bands,Pro,Sports,Nova Supply Co.,Retail Store,Bandung,Card,1,37.19,0.1,37.19,33.47,21.86,11.61,2025-12,2025-12-29/2026-01-04,0.3468778010158351
ORD-500922,2025-03-30,SKU-1035,Monitor Stand,Standard,Office,Brightline Wholesale,Online,Bandung,E-Wallet,1,61.43,0.0,61.43,61.43,33.7,27.73,2025-03,2025-03-24/2025-03-30,0.45140810678821425
ORD-500923,2025-02-01,SKU-1022,Blender,Standard,Home & Kitchen,Peak Imports,Marketplace,Jakarta,Cash,2,94.62,0.0,189.24,189.24,121.54,67.7,2025-02,2025-01-27/2025-02-02,0.3577467765800042
ORD-500924,2025-11-16,SKU-1005,Wireless Earbuds,Premium,Electronics,Aster Distribution,Online,Bandung,E-Wallet,2,102.99,0.1,205.98,185.38,121.46,63.92,2025-11,2025-11-10/2025-11-16,0.34480526486136587
ORD-500925,2025-08-30,SKU-1064,Dumbbell Set,Premium,Sports,Brightline Wholesale,Retail Store,Jakarta,E-Wallet,1,28.95,0.1,28.95,26.06,16.15,9.91,2025-08,2025-08-25/2025-08-31,0.3802762854950115
ORD-500926,2025-10-16,SKU-1060,Running Belt,Standard,Sports,Nova Supply Co.,Retail Store,Jakarta,Card,1,84.42,0.15,84.42,71.76,48.15,23.61,2025-10,2025-10-13/2025-10-19,0.3290133779264214
ORD-500927,2025-11-07,SKU-1048,Hair Dryer,Premium,Beauty,Urban Source Ltd.,Retail Store,Yogyakarta,Card,2,35.46,0.2,70.92,56.74,39.54,17.2,2025-11,2025-11-03/2025-11-09,0.3031371166725414
ORD-500928,2025-03-27,SKU-1010,USB-C Hub,Standard,Electronics,Peak Imports,Retail Store,Bandung,E-Wallet,1,23.78,0.0,23.78,23.78,18.47,5.31,2025-03,2025-03-24/2025-03-30,0.22329688814129517
ORD-500929,2025-06-15,SKU-1065,Dumbbell Set,Pro,Sports,Urban Source Ltd.,Marketplace,Medan,Card,1,18.33,0.1,18.33,16.5,10.76,5.74,2025-06,2025-06-09/2025-06-15,0.3478787878787879
ORD-500930,2025-08-16,SKU-1057,Water Bottle,Standard,Sports,Nova Supply Co.,Retail Store,Jakarta,Card,1,33.1,0.0,33.1,33.1,18.31,14.79,2025-08,2025-08-11/2025-08-17,0.4468277945619335
ORD-500931,2025-02-08,SKU-1018,Air Fryer,Pro,Home & Kitchen,Peak Imports,Retail Store,Surabaya,Card,1,12.8,0.05,12.8,12.16,7.68,4.48,2025-02,2025-02-03/2025-02-09,0.368421052631579
ORD-500932,2025-12-22,SKU-1016,Air Fryer,Standard,Home & Kitchen,Aster Distribution,Retail Store,Yogyakarta,E-Wallet,1,98.91,0.05,98.91,93.96,70.38,23.58,2025-12,2025-12-22/2025-12-28,0.2509578544061303
ORD-500933,2025-08-23,SKU-1061,Running Belt,Premium,Sports,Aster Distribution,Online,Surabaya,Card,1,76.7,0.15,76.7,65.2,43.71,21.49,2025-08,2025-08-18/2025-08-24,0.329601226993865
ORD-500934,2025-07-06,SKU-1036,Monitor Stand,Premium,Office,Nova Supply Co.,Marketplace,Yogyakarta,E-Wallet,2,158.85,0.0,317.7,317.7,220.54,97.16,2025-07,2025-06-30/2025-07-06,0.3058231035568146
ORD-500935,2025-06-24,SKU-1014,Mechanical Keyboard,Premium,Electronics,Nova Supply Co.,Online,Semarang,Card,1,106.42,0.0,106.42,106.42,74.24,32.18,2025-06,2025-06-23/2025-06-29,0.3023867694042473
ORD-500936,2025-03-13,SKU-1038,Desk Organizer,Premium,Office,Urban Source Ltd.,Online,Jakarta,Card,1,47.71,0.0,47.71,47.71,35.03,12.68,2025-03,2025-03-10/2025-03-16,0.26577237476420035
ORD-500937,2025-01-25,SKU-1011,USB-C Hub,Premium,Electronics,Urban Source Ltd.,Retail Store,Jakarta,E-Wallet,1,116.31,0.0,116.31,116.31,63.87,52.44,2025-01,2025-01-20/2025-01-26,0.4508640701573381
ORD-500938,2025-09-09,SKU-1002,Bluetooth Speaker,Premium,Electronics,Nova Supply Co.,Online,Bandung,E-Wallet,1,110.05,0.2,110.05,88.04,87.34,0.7,2025-09,2025-09-08/2025-09-14,0.007950931394820535
ORD-500939,2025-09-10,SKU-1018,Air Fryer,Pro,Home & Kitchen,Peak Imports,Marketplace,Jakarta,Card,1,12.8,0.15,12.8,10.88,7.68,3.2,2025-09,2025-09-08/2025-09-14,0.29411764705882354
ORD-500940,2025-12-02,SKU-1007,Power Bank,Standard,Electronics,Nova Supply Co.,Online,Jakarta,Bank Transfer,1,127.25,0.15,127.25,108.16,81.84,26.32,2025-12,2025-12-01/2025-12-07,0.2433431952662722
ORD-500941,2025-05-29,SKU-1035,Monitor Stand,Standard,Office,Brightline Wholesale,Marketplace,Medan,Bank Transfer,1,61.43,0.1,61.43,55.29,33.7,21.59,2025-05,2025-05-26/2025-06-01,0.3904865255923313
ORD-500942,2025-11-18,SKU-1026,Desk Lamp,Premium,Home & Kitchen,Peak Imports,Retail Store,Yogyakarta,Bank Transfer,1,42.39,0.0,42.39,42.39,31.28,11.11,2025-11,2025-11-17/2025-11-23,0.2620901155933003
ORD-500943,2025-08-23,SKU-1057,Water Bottle,Standard,Sports,Nova Supply Co.,Online,Medan,E-Wallet,1,33.1,0.0,33.1,33.1,18.31,14.79,2025-08,2025-08-18/2025-08-24,0.4468277945619335
ORD-500944,2025-10-23,SKU-1002,Bluetooth Speaker,Premium,Electronics,Nova Supply Co.,Retail Store,Surabaya,E-Wallet,1,110.05,0.1,110.05,99.04,87.34,11.7,2025-10,2025-10-20/2025-10-26,0.11813408723747978
ORD-500945,2025-09-05,SKU-1008,Power Bank,Premium,Electronics,Peak Imports,Online,Bandung,Card,1,64.8,0.15,64.8,55.08,35.52,19.56,2025-09,2025-09-01/2025-09-07,0.355119825708061
ORD-500946,2025-02-21,SKU-1002,Bluetooth Speaker,Premium,Electronics,Nova Supply Co.,Retail Store,Makassar,Card,2,110.05,0.1,220.1,198.09,174.68,23.41,2025-02,2025-02-17/2025-02-23,0.11817860568428493
ORD-500947,2025-10-10,SKU-1016,Air Fryer,Standard,Home & Kitchen,Aster Distribution,Wholesale,Surabaya,Bank Transfer,1,98.91,0.15,98.91,84.07,70.38,13.69,2025-10,2025-10-06/2025-10-12,0.16284049006780066
ORD-500948,2025-12-30,SKU-1028,Storage Box,Standard,Home & Kitchen,Nova Supply Co.,Wholesale,Yogyakarta,Card,1,55.89,0.15,55.89,47.51,33.09,14.42,2025-12,2025-12-29/2026-01-04,0.3035150494632709
ORD-500949,2025-06-06,SKU-1024,Blender,Pro,Home & Kitchen,Aster Distribution,Marketplace,Jakarta,Bank Transfer,1,59.17,0.05,59.17,56.21,44.96,11.25,2025-06,2025-06-02/2025-06-08,0.20014232342999466
ORD-500950,2025-05-26,SKU-1064,Dumbbell Set,Premium,Sports,Brightline Wholesale,Retail Store,Jakarta,Cash,1,28.95,0.0,28.95,28.95,16.15,12.8,2025-05,2025-05-26/2025-06-01,0.4421416234887738
ORD-500951,2025-11-17,SKU-1017,Air Fryer,Premium,Home & Kitchen,Peak Imports,Online,Yogyakarta,Bank Transfer,1,85.71,0.0,85.71,85.71,66.93,18.78,2025-11,2025-11-17/2025-11-23,0.21911095554777743
ORD-500952,2025-05-17,SKU-1053,Yoga Mat,Pro,Sports,Brightline Wholesale,Online,Yogyakarta,Bank Transfer,1,30.37,0.05,30.37,28.85,19.3,9.55,2025-05,2025-05-12/2025-05-18,0.3310225303292894
ORD-500953,2025-06-09,SKU-1010,USB-C Hub,Standard,Electronics,Peak Imports,Online,Medan,Bank Transfer,1,23.78,0.05,23.78,22.59,18.47,4.12,2025-06,2025-06-09/2025-06-15,0.18238158477202301
ORD-500954,2025-11-25,SKU-1009,Power Bank,Pro,Electronics,Nova Supply Co.,Marketplace,Yogyakarta,Card,1,120.75,0.0,120.75,120.75,92.43,28.32,2025-11,2025-11-24/2025-11-30,0.23453416149068324
ORD-500955,2025-12-19,SKU-1020,Electric Kettle,Premium,Home & Kitchen,Peak Imports,Marketplace,Yogyakarta,E-Wallet,3,73.42,0.05,220.26,209.25,171.99,37.26,2025-12,2025-12-15/2025-12-21,0.17806451612903224
ORD-500956,2025-08-12,SKU-1019,Electric Kettle,Standard,Home & Kitchen,Nova Supply Co.,Marketplace,Jakarta,Cash,3,88.16,0.0,264.48,264.48,159.06,105.42,2025-08,2025-08-11/2025-08-17,0.39859346642468235
ORD-500957,2025-08-21,SKU-1050,Makeup Brush Set,Premium,Beauty,Peak Imports,Retail Store,Surabaya,Card,2,37.2,0.0,74.4,74.4,51.86,22.54,2025-08,2025-08-18/2025-08-24,0.3029569892473118
ORD-500958,2025-03-28,SKU-1037,Desk Organizer,Standard,Office,Nova Supply Co.,Marketplace,Jakarta,Card,1,24.82,0.0,24.82,24.82,14.08,10.74,2025-03,2025-03-24/2025-03-30,0.43271555197421435
ORD-500959,2025-06-16,SKU-1004,Wireless Earbuds,Standard,Electronics,Aster Distribution,Online,Surabaya,Card,1,77.45,0.05,77.45,73.58,55.47,18.11,2025-06,2025-06-16/2025-06-22,0.24612666485458004
ORD-500960,2025-10-12,SKU-1057,Water Bottle,Standard,Sports,Nova Supply Co.,Retail Store,Jakarta,Card,1,33.1,0.0,33.1,33.1,18.31,14.79,2025-10,2025-10-06/2025-10-12,0.4468277945619335
ORD-500961,2025-04-01,SKU-1029,Storage Box,Premium,Home & Kitchen,Aster Distribution,Marketplace,Yogyakarta,Bank Transfer,3,14.45,0.05,43.35,41.18,34.44,6.74,2025-04,2025-03-31/2025-04-06,0.16367168528411852
ORD-500962,2025-07-13,SKU-1065,Dumbbell Set,Pro,Sports,Urban Source Ltd.,Online,Jakarta,E-Wallet,1,18.33,0.15,18.33,15.58,10.76,4.82,2025-07,2025-07-07/2025-07-13,0.3093709884467266
ORD-500963,2025-04-28,SKU-1060,Running Belt,Standard,Sports,Nova Supply Co.,Retail Store,Makassar,Bank Transfer,1,84.42,0.05,84.42,80.2,48.15,32.05,2025-04,2025-04-28/2025-05-04,0.3996259351620947
ORD-500964,2025-07-03,SKU-1040,Office Chair,Premium,Office,Brightline Wholesale,Retail Store,Yogyakarta,E-Wallet,1,159.4,0.0,159.4,159.4,111.42,47.98,2025-07,2025-06-30/2025-07-06,0.30100376411543284
ORD-500965,2025-07-20,SKU-1024,Blender,Pro,Home & Kitchen,Aster Distribution,Wholesale,Bandung,Card,1,59.17,0.05,59.17,56.21,44.96,11.25,2025-07,2025-07-14/2025-07-20,0.20014232342999466
ORD-500966,2025-09-16,SKU-1005,Wireless Earbuds,Premium,Electronics,Aster Distribution,Online,Jakarta,Card,1,102.99,0.0,102.99,102.99,60.73,42.26,2025-09,2025-09-15/2025-09-21,0.4103311001068065
ORD-500967,2025-10-03,SKU-1018,Air Fryer,Pro,Home & Kitchen,Peak Imports,Wholesale,Makassar,Cash,4,12.8,0.15,51.2,43.52,30.72,12.8,2025-10,2025-09-29/2025-10-05,0.29411764705882354
ORD-500968,2025-04-11,SKU-1063,Dumbbell Set,Standard,Sports,Urban Source Ltd.,Marketplace,Jakarta,Cash,2,37.4,0.0,74.8,74.8,59.36,15.44,2025-04,2025-04-07/2025-04-13,0.20641711229946524
ORD-500969,2025-09-17,SKU-1042,Face Cleanser,Premium,Beauty,Peak Imports,Marketplace,Yogyakarta,Bank Transfer,1,31.12,0.0,31.12,31.12,25.16,5.96,2025-09,2025-09-15/2025-09-21,0.19151670951156813
ORD-500970,2025-10-01,SKU-1062,Running Belt,Pro,Sports,Nova Supply Co.,Online,Medan,Card,1,33.01,0.0,33.01,33.01,19.93,13.08,2025-10,2025-09-29/2025-10-05,0.396243562556801
ORD-500971,2025-12-31,SKU-1057,Water Bottle,Standard,Sports,Nova Supply Co.,Online,Semarang,Card,2,33.1,0.0,66.2,66.2,36.62,29.58,2025-12,2025-12-29/2026-01-04,0.4468277945619335
ORD-500972,2025-03-10,SKU-1027,Desk Lamp,Pro,Home & Kitchen,Brightline Wholesale,Marketplace,Yogyakarta,Cash,2,72.16,0.1,144.32,129.89,86.66,43.23,2025-03,2025-03-10/2025-03-16,0.33282007852798523
ORD-500973,2025-01-30,SKU-1026,Desk Lamp,Premium,Home & Kitchen,Peak Imports,Online,Yogyakarta,Cash,1,42.39,0.05,42.39,40.27,31.28,8.99,2025-01,2025-01-27/2025-02-02,0.22324310901415445
ORD-500974,2025-05-30,SKU-1031,Notebook,Standard,Office,Brightline Wholesale,Online,Medan,Cash,3,36.9,0.0,110.7,110.7,69.18,41.52,2025-05,2025-05-26/2025-06-01,0.3750677506775068
ORD-500975,2025-01-11,SKU-1030,Storage Box,Pro,Home & Kitchen,Urban Source Ltd.,Wholesale,Jakarta,E-Wallet,1,61.88,0.05,61.88,58.79,47.95,10.84,2025-01,2025-01-06/2025-01-12,0.18438509950671883
ORD-500976,2025-01-06,SKU-1015,Mechanical Keyboard,Pro,Electronics,Aster Distribution,Retail Store,Jakarta,Bank Transfer,1,110.43,0.1,110.43,99.39,80.89,18.5,2025-01,2025-01-06/2025-01-12,0.18613542609920514
ORD-500977,2025-12-24,SKU-1010,USB-C Hub,Standard,Electronics,Peak Imports,Online,Yogyakarta,Card,1,23.78,0.15,23.78,20.21,18.47,1.74,2025-12,2025-12-22/2025-12-28,0.08609599208312715
ORD-500978,2025-05-31,SKU-1017,Air Fryer,Premium,Home & Kitchen,Peak Imports,Retail Store,Jakarta,Bank Transfer,2,85.71,0.1,171.42,154.28,133.86,20.42,2025-05,2025-05-26/2025-06-01,0.13235675395385016
ORD-500979,2025-03-06,SKU-1004,Wireless Earbuds,Standard,Electronics,Aster Distribution,Marketplace,Yogyakarta,E-Wallet,1,77.45,0.0,77.45,77.45,55.47,21.98,2025-03,2025-03-03/2025-03-09,0.28379599741768885
ORD-500980,2025-05-02,SKU-1057,Water Bottle,Standard,Sports,Nova Supply Co.,Online,Jakarta,Card,1,33.1,0.0,33.1,33.1,18.31,14.79,2025-05,2025-04-28/2025-05-04,0.4468277945619335
ORD-500981,2025-09-10,SKU-1018,Air Fryer,Pro,Home & Kitchen,Peak Imports,Online,Jakarta,Card,1,12.8,0.1,12.8,11.52,7.68,3.84,2025-09,2025-09-08/2025-09-14,0.3333333333333333
ORD-500982,2025-06-06,SKU-1053,Yoga Mat,Pro,Sports,Brightline Wholesale,Online,Makassar,Cash,1,30.37,0.1,30.37,27.33,19.3,8.03,2025-06,2025-06-02/2025-06-08,0.2938163190633004
ORD-500983,2025-01-28,SKU-1005,Wireless Earbuds,Premium,Electronics,Aster Distribution,Retail Store,Surabaya,E-Wallet,3,102.99,0.05,308.97,293.52,182.19,111.33,2025-01,2025-01-27/2025-02-02,0.37929272281275556
ORD-500984,2025-10-22,SKU-1002,Bluetooth Speaker,Premium,Electronics,Nova Supply Co.,Marketplace,Jakarta,E-Wallet,1,110.05,0.05,110.05,104.55,87.34,17.21,2025-10,2025-10-20/2025-10-26,0.1646102343376375
ORD-500985,2025-02-15,SKU-1053,Yoga Mat,Pro,Sports,Brightline Wholesale,Retail Store,Semarang,Bank Transfer,1,30.37,0.0,30.37,30.37,19.3,11.07,2025-02,2025-02-10/2025-02-16,0.3645044451761607
ORD-500986,2025-11-20,SKU-1012,USB-C Hub,Pro,Electronics,Nova Supply Co.,Online,Jakarta,Bank Transfer,1,66.9,0.05,66.9,63.56,46.06,17.5,2025-11,2025-11-17/2025-11-23,0.2753303964757709
ORD-500987,2025-07-13,SKU-1035,Monitor Stand,Standard,Office,Brightline Wholesale,Online,Bandung,Cash,1,61.43,0.05,61.43,58.36,33.7,24.66,2025-07,2025-07-07/2025-07-13,0.42254969156956823
ORD-500988,2025-03-31,SKU-1042,Face Cleanser,Premium,Beauty,Peak Imports,Online,Jakarta,E-Wallet,1,31.12,0.0,31.12,31.12,25.16,5.96,2025-03,2025-03-31/2025-04-06,0.19151670951156813
ORD-500989,2025-08-07,SKU-1036,Monitor Stand,Premium,Office,Nova Supply Co.,Marketplace,Medan,Bank Transfer,1,158.85,0.15,158.85,135.02,110.27,24.75,2025-08,2025-08-04/2025-08-10,0.183306176862687
ORD-500990,2025-02-24,SKU-1006,Wireless Earbuds,Pro,Electronics,Aster Distribution,Online,Medan,E-Wallet,2,48.0,0.0,96.0,96.0,63.82,32.18,2025-02,2025-02-24/2025-03-02,0.33520833333333333
ORD-500991,2025-08-22,SKU-1015,Mechanical Keyboard,Pro,Electronics,Aster Distribution,Marketplace,Jakarta,Cash,1,110.43,0.0,110.43,110.43,80.89,29.54,2025-08,2025-08-18/2025-08-24,0.26749977361224303
ORD-500992,2025-12-31,SKU-1029,Storage Box,Premium,Home & Kitchen,Aster Distribution,Online,Yogyakarta,Card,1,14.45,0.15,14.45,12.28,11.48,0.8,2025-12,2025-12-29/2026-01-04,0.06514657980456026
ORD-500993,2025-09-18,SKU-1016,Air Fryer,Standard,Home & Kitchen,Aster Distribution,Online,Jakarta,Card,1,98.91,0.15,98.91,84.07,70.38,13.69,2025-09,2025-09-15/2025-09-21,0.16284049006780066
ORD-500994,2025-10-17,SKU-1035,Monitor Stand,Standard,Office,Brightline Wholesale,Marketplace,Semarang,Bank Transfer,2,61.43,0.0,122.86,122.86,67.4,55.46,2025-10,2025-10-13/2025-10-19,0.45140810678821425
ORD-500995,2025-04-01,SKU-1007,Power Bank,Standard,Electronics,Nova Supply Co.,Online,Bandung,Card,1,127.25,0.0,127.25,127.25,81.84,45.41,2025-04,2025-03-31/2025-04-06,0.35685658153241645
ORD-500996,2025-09-07,SKU-1019,Electric Kettle,Standard,Home & Kitchen,Nova Supply Co.,Online,Medan,Bank Transfer,2,88.16,0.1,176.32,158.69,106.04,52.65,2025-09,2025-09-01/2025-09-07,0.33177894007183817
ORD-500997,2025-02-13,SKU-1025,Desk Lamp,Standard,Home & Kitchen,Urban Source Ltd.,Online,Bandung,E-Wallet,1,104.17,0.0,104.17,104.17,78.6,25.57,2025-02,2025-02-10/2025-02-16,0.2454641451473553
ORD-500998,2025-09-01,SKU-1057,Water Bottle,Standard,Sports,Nova Supply Co.,Online,Semarang,E-Wallet,1,33.1,0.0,33.1,33.1,18.31,14.79,2025-09,2025-09-01/2025-09-07,0.4468277945619335
ORD-500999,2025-11-06,SKU-1046,Moisturizer,Premium,Beauty,Peak Imports,Online,Jakarta,Card,1,8.32,0.05,8.32,7.9,4.59,3.31,2025-11,2025-11-03/2025-11-09,0.4189873417721519
ORD-501000,2025-03-20,SKU-1013,Mechanical Keyboard,Standard,Electronics,Nova Supply Co.,Online,Jakarta,Bank Transfer,1,35.15,0.0,35.15,35.15,24.14,11.01,2025-03,2025-03-17/2025-03-23,0.3132290184921764
ORD-501001,2025-10-12,SKU-1036,Monitor Stand,Premium,Office,Nova Supply Co.,Online,Bandung,E-Wallet,1,158.85,0.15,158.85,135.02,110.27,24.75,2025-10,2025-10-06/2025-10-12,0.183306176862687
ORD-501002,2025-05-13,SKU-1035,Monitor Stand,Standard,Office,Brightline Wholesale,Marketplace,Jakarta,E-Wallet,4,61.43,0.05,245.72,233.43,134.8,98.63,2025-05,2025-05-12/2025-05-18,0.4225249539476502
ORD-501003,2025-07-22,SKU-1053,Yoga Mat,Pro,Sports,Brightline Wholesale,Online,Yogyakarta,E-Wallet,1,30.37,0.1,30.37,27.33,19.3,8.03,2025-07,2025-07-21/2025-07-27,0.2938163190633004
ORD-501004,2025-10-20,SKU-1049,Makeup Brush Set,Standard,Beauty,Nova Supply Co.,Online,Jakarta,E-Wallet,1,34.46,0.2,34.46,27.57,25.68,1.89,2025-10,2025-10-20/2025-10-26,0.06855277475516866
ORD-501005,2025-08-17,SKU-1057,Water Bottle,Standard,Sports,Nova Supply Co.,Online,Jakarta,Card,1,33.1,0.0,33.1,33.1,18.31,14.79,2025-08,2025-08-11/2025-08-17,0.4468277945619335
ORD-501006,2025-03-25,SKU-1009,Power Bank,Pro,Electronics,Nova Supply Co.,Retail Store,Semarang,Card,1,120.75,0.05,120.75,114.71,92.43,22.28,2025-03,2025-03-24/2025-03-30,0.19422892511550868
ORD-501007,2025-07-28,SKU-1001,Bluetooth Speaker,Standard,Electronics,Nova Supply Co.,Online,Medan,Cash,1,120.16,0.0,120.16,120.16,83.77,36.39,2025-07,2025-07-28/2025-08-03,0.3028462050599201
ORD-501008,2025-03-30,SKU-1036,Monitor Stand,Premium,Office,Nova Supply Co.,Marketplace,Medan,Bank Transfer,1,158.85,0.0,158.85,158.85,110.27,48.58,2025-03,2025-03-24/2025-03-30,0.3058231035568146
ORD-501009,2025-03-03,SKU-1035,Monitor Stand,Standard,Office,Brightline Wholesale,Retail Store,Surabaya,E-Wallet,1,61.43,0.05,61.43,58.36,33.7,24.66,2025-03,2025-03-03/2025-03-09,0.42254969156956823
ORD-501010,2025-04-26,SKU-1056,Resistance Bands,Pro,Sports,Nova Supply Co.,Retail Store,Surabaya,Bank Transfer,3,37.19,0.15,111.57,94.83,65.58,29.25,2025-04,2025-04-21/2025-04-27,0.3084466940841506
ORD-501011,2025-10-08,SKU-1009,Power Bank,Pro,Electronics,Nova Supply Co.,Marketplace,Jakarta,Cash,1,120.75,0.0,120.75,120.75,92.43,28.32,2025-10,2025-10-06/2025-10-12,0.23453416149068324
ORD-501012,2025-03-23,SKU-1010,USB-C Hub,Standard,Electronics,Peak Imports,Marketplace,Surabaya,Cash,3,23.78,0.0,71.34,71.34,55.41,15.93,2025-03,2025-03-17/2025-03-23,0.2232968881412952
ORD-501013,2025-06-15,SKU-1044,Sunscreen,Premium,Beauty,Nova Supply Co.,Retail Store,Semarang,E-Wallet,1,41.08,0.05,41.08,39.03,31.72,7.31,2025-06,2025-06-09/2025-06-15,0.1872918267998975
ORD-501014,2025-01-03,SKU-1009,Power Bank,Pro,Electronics,Nova Supply Co.,Online,Makassar,Card,1,120.75,0.0,120.75,120.75,92.43,28.32,2025-01,2024-12-30/2025-01-05,0.23453416149068324
ORD-501015,2025-07-26,SKU-1040,Office Chair,Premium,Office,Brightline Wholesale,Wholesale,Yogyakarta,Bank Transfer,2,159.4,0.0,318.8,318.8,222.84,95.96,2025-07,2025-07-21/2025-07-27,0.30100376411543284
ORD-501016,2025-08-13,SKU-1026,Desk Lamp,Premium,Home & Kitchen,Peak Imports,Online,Surabaya,Cash,2,42.39,0.1,84.78,76.3,62.56,13.74,2025-08,2025-08-11/2025-08-17,0.1800786369593709
ORD-501017,2025-11-03,SKU-1012,USB-C Hub,Pro,Electronics,Nova Supply Co.,Online,Yogyakarta,E-Wallet,2,66.9,0.1,133.8,120.42,92.12,28.3,2025-11,2025-11-03/2025-11-09,0.23501079554891213
ORD-501018,2025-09-14,SKU-1016,Air Fryer,Standard,Home & Kitchen,Aster Distribution,Retail Store,Jakarta,Cash,1,98.91,0.05,98.91,93.96,70.38,23.58,2025-09,2025-09-08/2025-09-14,0.2509578544061303
ORD-501019,2025-06-28,SKU-1060,Running Belt,Standard,Sports,Nova Supply Co.,Retail Store,Jakarta,E-Wallet,2,84.42,0.15,168.84,143.51,96.3,47.21,2025-06,2025-06-23/2025-06-29,0.328966622535015
ORD-501020,2025-08-08,SKU-1037,Desk Organizer,Standard,Office,Nova Supply Co.,Online,Bandung,Card,1,24.82,0.05,24.82,23.58,14.08,9.5,2025-08,2025-08-04/2025-08-10,0.40288379983036476
ORD-501021,2025-06-06,SKU-1002,Bluetooth Speaker,Premium,Electronics,Nova Supply Co.,Online,Yogyakarta,Bank Transfer,1,110.05,0.15,110.05,93.54,87.34,6.2,2025-06,2025-06-02/2025-06-08,0.06628180457558264
ORD-501022,2025-04-28,SKU-1032,Notebook,Premium,Office,Brightline Wholesale,Marketplace,Surabaya,E-Wallet,1,86.3,0.0,86.3,86.3,63.48,22.82,2025-04,2025-04-28/2025-05-04,0.2644264194669757
ORD-501023,2025-05-15,SKU-1057,Water Bottle,Standard,Sports,Nova Supply Co.,Online,Jakarta,E-Wallet,2,33.1,0.0,66.2,66.2,36.62,29.58,2025-05,2025-05-12/2025-05-18,0.4468277945619335
ORD-501024,2025-11-23,SKU-1019,Electric Kettle,Standard,Home & Kitchen,Nova Supply Co.,Retail Store,Yogyakarta,Cash,2,88.16,0.2,176.32,141.06,106.04,35.02,2025-11,2025-11-17/2025-11-23,0.24826315043244013
ORD-501025,2025-08-07,SKU-1009,Power Bank,Pro,Electronics,Nova Supply Co.,Marketplace,Jakarta,Card,4,120.75,0.0,483.0,483.0,369.72,113.28,2025-08,2025-08-04/2025-08-10,0.23453416149068324
ORD-501026,2025-03-25,SKU-1035,Monitor Stand,Standard,Office,Brightline Wholesale,Marketplace,Bandung,E-Wallet,1,61.43,0.1,61.43,55.29,33.7,21.59,2025-03,2025-03-24/2025-03-30,0.3904865255923313
ORD-501027,2025-07-20,SKU-1034,Gel Pen Set,Premium,Office,Aster Distribution,Online,Surabaya,E-Wallet,1,211.77,0.0,211.77,211.77,119.78,91.99,2025-07,2025-07-14/2025-07-20,0.4343863625631581
ORD-501028,2025-04-11,SKU-1009,Power Bank,Pro,Electronics,Nova Supply Co.,Online,Bandung,Card,1,120.75,0.0,120.75,120.75,92.43,28.32,2025-04,2025-04-07/2025-04-13,0.23453416149068324
ORD-501029,2025-03-18,SKU-1036,Monitor Stand,Premium,Office,Nova Supply Co.,Marketplace,Semarang,Card,1,158.85,0.0,158.85,158.85,110.27,48.58,2025-03,2025-03-17/2025-03-23,0.3058231035568146
ORD-501030,2025-12-03,SKU-1017,Air Fryer,Premium,Home & Kitchen,Peak Imports,Retail Store,Bandung,Card,1,85.71,0.05,85.71,81.42,66.93,14.49,2025-12,2025-12-01/2025-12-07,0.17796610169491525
ORD-501031,2025-08-07,SKU-1029,Storage Box,Premium,Home & Kitchen,Aster Distribution,Retail Store,Yogyakarta,Bank Transfer,1,14.45,0.0,14.45,14.45,11.48,2.97,2025-08,2025-08-04/2025-08-10,0.2055363321799308
ORD-501032,2025-12-26,SKU-1010,USB-C Hub,Standard,Electronics,Peak Imports,Online,Yogyakarta,Card,1,23.78,0.0,23.78,23.78,18.47,5.31,2025-12,2025-12-22/2025-12-28,0.22329688814129517
ORD-501033,2025-11-09,SKU-1053,Yoga Mat,Pro,Sports,Brightline Wholesale,Online,Surabaya,Bank Transfer,1,30.37,0.0,30.37,30.37,19.3,11.07,2025-11,2025-11-03/2025-11-09,0.3645044451761607
ORD-501034,2025-12-07,SKU-1052,Yoga Mat,Premium,Sports,Peak Imports,Online,Yogyakarta,Card,1,51.11,0.2,51.11,40.89,40.36,0.53,2025-12,2025-12-01/2025-12-07,0.012961604304230864
ORD-501035,2025-01-09,SKU-1038,Desk Organizer,Premium,Office,Urban Source Ltd.,Wholesale,Surabaya,Bank Transfer,2,47.71,0.15,95.42,81.11,70.06,11.05,2025-01,2025-01-06/2025-01-12,0.13623474294168414
ORD-501036,2025-07-22,SKU-1017,Air Fryer,Premium,Home & Kitchen,Peak Imports,Online,Surabaya,E-Wallet,1,85.71,0.05,85.71,81.42,66.93,14.49,2025-07,2025-07-21/2025-07-27,0.17796610169491525
ORD-501037,2025-09-29,SKU-1009,Power Bank,Pro,Electronics,Nova Supply Co.,Online,Jakarta,Bank Transfer,1,120.75,0.05,120.75,114.71,92.43,22.28,2025-09,2025-09-29/2025-10-05,0.19422892511550868
ORD-501038,2025-10-29,SKU-1010,USB-C Hub,Standard,Electronics,Peak Imports,Retail Store,Makassar,Bank Transfer,1,23.78,0.1,23.78,21.4,18.47,2.93,2025-10,2025-10-27/2025-11-02,0.1369158878504673
ORD-501039,2025-05-05,SKU-1061,Running Belt,Premium,Sports,Aster Distribution,Retail Store,Surabaya,Card,1,76.7,0.1,76.7,69.03,43.71,25.32,2025-05,2025-05-05/2025-05-11,0.36679704476314645
ORD-501040,2025-12-08,SKU-1030,Storage Box,Pro,Home & Kitchen,Urban Source Ltd.,Online,Surabaya,Card,1,61.88,0.05,61.88,58.79,47.95,10.84,2025-12,2025-12-08/2025-12-14,0.18438509950671883
ORD-501041,2025-04-05,SKU-1002,Bluetooth Speaker,Premium,Electronics,Nova Supply Co.,Retail Store,Yogyakarta,Card,1,110.05,0.0,110.05,110.05,87.34,22.71,2025-04,2025-03-31/2025-04-06,0.20636074511585645
ORD-501042,2025-07-22,SKU-1064,Dumbbell Set,Premium,Sports,Brightline Wholesale,Online,Yogyakarta,Bank Transfer,1,28.95,0.0,28.95,28.95,16.15,12.8,2025-07,2025-07-21/2025-07-27,0.4421416234887738
ORD-501043,2025-08-29,SKU-1057,Water Bottle,Standard,Sports,Nova Supply Co.,Online,Surabaya,Cash,1,33.1,0.0,33.1,33.1,18.31,14.79,2025-08,2025-08-25/2025-08-31,0.4468277945619335
ORD-501044,2025-03-22,SKU-1012,USB-C Hub,Pro,Electronics,Nova Supply Co.,Marketplace,Bandung,Bank Transfer,2,66.9,0.05,133.8,127.11,92.12,34.99,2025-03,2025-03-17/2025-03-23,0.2752733852568641
ORD-501045,2025-01-15,SKU-1061,Running Belt,Premium,Sports,Aster Distribution,Marketplace,Medan,Card,1,76.7,0.15,76.7,65.2,43.71,21.49,2025-01,2025-01-13/2025-01-19,0.329601226993865
ORD-501046,2025-07-25,SKU-1029,Storage Box,Premium,Home & Kitchen,Aster Distribution,Online,Bandung,E-Wallet,2,14.45,0.0,28.9,28.9,22.96,5.94,2025-07,2025-07-21/2025-07-27,0.2055363321799308
ORD-501047,2025-01-19,SKU-1028,Storage Box,Standard,Home & Kitchen,Nova Supply Co.,Online,Yogyakarta,E-Wallet,1,55.89,0.0,55.89,55.89,33.09,22.8,2025-01,2025-01-13/2025-01-19,0.4079441760601181
ORD-501048,2025-08-29,SKU-1019,Electric Kettle,Standard,Home & Kitchen,Nova Supply Co.,Online,Jakarta,Bank Transfer,1,88.16,0.05,88.16,83.75,53.02,30.73,2025-08,2025-08-25/2025-08-31,0.3669253731343284
ORD-501049,2025-01-29,SKU-1061,Running Belt,Premium,Sports,Aster Distribution,Retail Store,Semarang,Card,1,76.7,0.0,76.7,76.7,43.71,32.99,2025-01,2025-01-27/2025-02-02,0.4301173402868318
ORD-501050,2025-04-21,SKU-1048,Hair Dryer,Premium,Beauty,Urban Source Ltd.,Online,Jakarta,E-Wallet,1,35.46,0.1,35.46,31.91,19.77,12.14,2025-04,2025-04-21/2025-04-27,0.3804450015669069
ORD-501051,2025-04-02,SKU-1046,Moisturizer,Premium,Beauty,Peak Imports,Wholesale,Yogyakarta,E-Wallet,1,8.32,0.15,8.32,7.07,4.59,2.48,2025-04,2025-03-31/2025-04-06,0.3507779349363508
ORD-501052,2025-02-15,SKU-1010,USB-C Hub,Standard,Electronics,Peak Imports,Marketplace,Jakarta,E-Wallet,1,23.78,0.0,23.78,23.78,18.47,5.31,2025-02,2025-02-10/2025-02-16,0.22329688814129517
ORD-501053,2025-08-09,SKU-1033,Gel Pen Set,Standard,Office,Aster Distribution,Online,Makassar,Bank Transfer,1,82.15,0.0,82.15,82.15,65.35,16.8,2025-08,2025-08-04/2025-08-10,0.20450395617772368
ORD-501054,2025-01-02,SKU-1041,Face Cleanser,Standard,Beauty,Brightline Wholesale,Online,Yogyakarta,E-Wallet,1,40.88,0.15,40.88,34.75,26.08,8.67,2025-01,2024-12-30/2025-01-05,0.24949640287769784
ORD-501055,2025-05-01,SKU-1057,Water Bottle,Standard,Sports,Nova Supply Co.,Marketplace,Jakarta,Card,1,33.1,0.05,33.1,31.44,18.31,13.13,2025-05,2025-04-28/2025-05-04,0.4176208651399491
ORD-501056,2025-01-09,SKU-1007,Power Bank,Standard,Electronics,Nova Supply Co.,Retail Store,Bandung,Cash,1,127.25,0.15,127.25,108.16,81.84,26.32,2025-01,2025-01-06/2025-01-12,0.2433431952662722
ORD-501057,2025-02-09,SKU-1021,Electric Kettle,Pro,Home & Kitchen,Aster Distribution,Marketplace,Surabaya,E-Wallet,2,84.19,0.05,168.38,159.96,115.86,44.1,2025-02,2025-02-03/2025-02-09,0.27569392348087024
ORD-501058,2025-12-22,SKU-1010,USB-C Hub,Standard,Electronics,Peak Imports,Online,Jakarta,E-Wallet,1,23.78,0.0,23.78,23.78,18.47,5.31,2025-12,2025-12-22/2025-12-28,0.22329688814129517
ORD-501059,2025-08-22,SKU-1061,Running Belt,Premium,Sports,Aster Distribution,Marketplace,Yogyakarta,E-Wallet,1,76.7,0.0,76.7,76.7,43.71,32.99,2025-08,2025-08-18/2025-08-24,0.4301173402868318
ORD-501060,2025-01-08,SKU-1012,USB-C Hub,Pro,Electronics,Nova Supply Co.,Online,Surabaya,E-Wallet,3,66.9,0.15,200.7,170.6,138.18,32.42,2025-01,2025-01-06/2025-01-12,0.1900351699882767
ORD-501061,2025-04-27,SKU-1023,Blender,Premium,Home & Kitchen,Urban Source Ltd.,Retail Store,Bandung,E-Wallet,1,72.39,0.0,72.39,72.39,53.2,19.19,2025-04,2025-04-21/2025-04-27,0.2650918635170604
ORD-501062,2025-05-28,SKU-1006,Wireless Earbuds,Pro,Electronics,Aster Distribution,Marketplace,Bandung,Card,1,48.0,0.0,48.0,48.0,31.91,16.09,2025-05,2025-05-26/2025-06-01,0.33520833333333333
ORD-501063,2025-06-08,SKU-1026,Desk Lamp,Premium,Home & Kitchen,Peak Imports,Online,Yogyakarta,E-Wallet,1,42.39,0.0,42.39,42.39,31.28,11.11,2025-06,2025-06-02/2025-06-08,0.2620901155933003
ORD-501064,2025-02-07,SKU-1012,USB-C Hub,Pro,Electronics,Nova Supply Co.,Retail Store,Jakarta,Bank Transfer,2,66.9,0.15,133.8,113.73,92.12,21.61,2025-02,2025-02-03/2025-02-09,0.19001143058120107
ORD-501065,2025-03-16,SKU-1045,Moisturizer,Standard,Beauty,Urban Source Ltd.,Retail Store,Bandung,Card,1,40.7,0.0,40.7,40.7,29.42,11.28,2025-03,2025-03-10/2025-03-16,0.2771498771498771
ORD-501066,2025-05-29,SKU-1026,Desk Lamp,Premium,Home & Kitchen,Peak Imports,Retail Store,Yogyakarta,Bank Transfer,1,42.39,0.0,42.39,42.39,31.28,11.11,2025-05,2025-05-26/2025-06-01,0.2620901155933003
ORD-501067,2025-12-22,SKU-1014,Mechanical Keyboard,Premium,Electronics,Nova Supply Co.,Retail Store,Medan,E-Wallet,1,106.42,0.05,106.42,101.1,74.24,26.86,2025-12,2025-12-22/2025-12-28,0.26567754698318496
ORD-501068,2025-04-18,SKU-1006,Wireless Earbuds,Pro,Electronics,Aster Distribution,Marketplace,Semarang,E-Wallet,2,48.0,0.05,96.0,91.2,63.82,27.38,2025-04,2025-04-14/2025-04-20,0.300219298245614
ORD-501069,2025-08-28,SKU-1054,Resistance Bands,Standard,Sports,Peak Imports,Wholesale,Jakarta,E-Wallet,2,67.42,0.15,134.84,114.61,106.5,8.11,2025-08,2025-08-25/2025-08-31,0.07076171363755343
ORD-501070,2025-01-23,SKU-1025,Desk Lamp,Standard,Home & Kitchen,Urban Source Ltd.,Online,Jakarta,Bank Transfer,1,104.17,0.0,104.17,104.17,78.6,25.57,2025-01,2025-01-20/2025-01-26,0.2454641451473553
ORD-501071,2025-12-28,SKU-1009,Power Bank,Pro,Electronics,Nova Supply Co.,Marketplace,Jakarta,Bank Transfer,2,120.75,0.0,241.5,241.5,184.86,56.64,2025-12,2025-12-22/2025-12-28,0.23453416149068324
ORD-501072,2025-08-26,SKU-1057,Water Bottle,Standard,Sports,Nova Supply Co.,Online,Surabaya,Bank Transfer,3,33.1,0.05,99.3,94.34,54.93,39.41,2025-08,2025-08-25/2025-08-31,0.4177443290226839
ORD-501073,2025-06-22,SKU-1056,Resistance Bands,Pro,Sports,Nova Supply Co.,Retail Store,Semarang,E-Wallet,2,37.19,0.0,74.38,74.38,43.72,30.66,2025-06,2025-06-16/2025-06-22,0.4122075826835171
ORD-501074,2025-12-16,SKU-1035,Monitor Stand,Standard,Office,Brightline Wholesale,Retail Store,Yogyakarta,Bank Transfer,3,61.43,0.1,184.29,165.86,101.1,64.76,2025-12,2025-12-15/2025-12-21,0.3904497769202942
ORD-501075,2025-10-05,SKU-1065,Dumbbell Set,Pro,Sports,Urban Source Ltd.,Online,Jakarta,Card,1,18.33,0.0,18.33,18.33,10.76,7.57,2025-10,2025-09-29/2025-10-05,0.4129841789416258
ORD-501076,2025-12-16,SKU-1053,Yoga Mat,Pro,Sports,Brightline Wholesale,Online,Makassar,Bank Transfer,1,30.37,0.05,30.37,28.85,19.3,9.55,2025-12,2025-12-15/2025-12-21,0.3310225303292894
ORD-501077,2025-09-28,SKU-1057,Water Bottle,Standard,Sports,Nova Supply Co.,Online,Semarang,E-Wallet,1,33.1,0.1,33.1,29.79,18.31,11.48,2025-09,2025-09-22/2025-09-28,0.38536421617992617
ORD-501078,2025-05-02,SKU-1065,Dumbbell Set,Pro,Sports,Urban Source Ltd.,Online,Bandung,Bank Transfer,1,18.33,0.0,18.33,18.33,10.76,7.57,2025-05,2025-04-28/2025-05-04,0.4129841789416258
ORD-501079,2025-11-01,SKU-1036,Monitor Stand,Premium,Office,Nova Supply Co.,Online,Makassar,E-Wallet,2,158.85,0.0,317.7,317.7,220.54,97.16,2025-11,2025-10-27/2025-11-02,0.3058231035568146
ORD-501080,2025-02-03,SKU-1065,Dumbbell Set,Pro,Sports,Urban Source Ltd.,Online,Bandung,Bank Transfer,1,18.33,0.0,18.33,18.33,10.76,7.57,2025-02,2025-02-03/2025-02-09,0.4129841789416258
ORD-501081,2025-12-16,SKU-1013,Mechanical Keyboard,Standard,Electronics,Nova Supply Co.,Marketplace,Yogyakarta,E-Wallet,1,35.15,0.0,35.15,35.15,24.14,11.01,2025-12,2025-12-15/2025-12-21,0.3132290184921764
ORD-501082,2025-04-13,SKU-1002,Bluetooth Speaker,Premium,Electronics,Nova Supply Co.,Wholesale,Jakarta,Bank Transfer,3,110.05,0.0,330.15,330.15,262.02,68.13,2025-04,2025-04-07/2025-04-13,0.20636074511585642
ORD-501083,2025-10-06,SKU-1037,Desk Organizer,Standard,Office,Nova Supply Co.,Marketplace,Yogyakarta,E-Wallet,2,24.82,0.0,49.64,49.64,28.16,21.48,2025-10,2025-10-06/2025-10-12,0.43271555197421435
ORD-501084,2025-04-30,SKU-1008,Power Bank,Premium,Electronics,Peak Imports,Online,Jakarta,Bank Transfer,1,64.8,0.15,64.8,55.08,35.52,19.56,2025-04,2025-04-28/2025-05-04,0.355119825708061
ORD-501085,2025-10-08,SKU-1053,Yoga Mat,Pro,Sports,Brightline Wholesale,Online,Jakarta,E-Wallet,2,30.37,0.0,60.74,60.74,38.6,22.14,2025-10,2025-10-06/2025-10-12,0.3645044451761607
ORD-501086,2025-06-09,SKU-1021,Electric Kettle,Pro,Home & Kitchen,Aster Distribution,Marketplace,Yogyakarta,E-Wallet,2,84.19,0.1,168.38,151.54,115.86,35.68,2025-06,2025-06-09/2025-06-15,0.2354493863006467
ORD-501087,2025-09-20,SKU-1015,Mechanical Keyboard,Pro,Electronics,Aster Distribution,Online,Semarang,Bank Transfer,1,110.43,0.0,110.43,110.43,80.89,29.54,2025-09,2025-09-15/2025-09-21,0.26749977361224303
ORD-501088,2025-09-01,SKU-1035,Monitor Stand,Standard,Office,Brightline Wholesale,Marketplace,Medan,Card,1,61.43,0.0,61.43,61.43,33.7,27.73,2025-09,2025-09-01/2025-09-07,0.45140810678821425
ORD-501089,2025-09-12,SKU-1041,Face Cleanser,Standard,Beauty,Brightline Wholesale,Marketplace,Jakarta,Card,1,40.88,0.15,40.88,34.75,26.08,8.67,2025-09,2025-09-08/2025-09-14,0.24949640287769784
ORD-501090,2025-09-22,SKU-1040,Office Chair,Premium,Office,Brightline Wholesale,Retail Store,Jakarta,Bank Transfer,1,159.4,0.15,159.4,135.49,111.42,24.07,2025-09,2025-09-22/2025-09-28,0.1776514871946269
ORD-501091,2025-04-18,SKU-1025,Desk Lamp,Standard,Home & Kitchen,Urban Source Ltd.,Marketplace,Makassar,Card,1,104.17,0.1,104.17,93.75,78.6,15.15,2025-04,2025-04-14/2025-04-20,0.1616
ORD-501092,2025-12-05,SKU-1005,Wireless Earbuds,Premium,Electronics,Aster Distribution,Marketplace,Medan,E-Wallet,1,102.99,0.15,102.99,87.54,60.73,26.81,2025-12,2025-12-01/2025-12-07,0.30625999543066024
ORD-501093,2025-06-05,SKU-1053,Yoga Mat,Pro,Sports,Brightline Wholesale,Wholesale,Bandung,Card,2,30.37,0.0,60.74,60.74,38.6,22.14,2025-06,2025-06-02/2025-06-08,0.3645044451761607
ORD-501094,2025-12-14,SKU-1065,Dumbbell Set,Pro,Sports,Urban Source Ltd.,Online,Bandung,Card,1,18.33,0.1,18.33,16.5,10.76,5.74,2025-12,2025-12-08/2025-12-14,0.3478787878787879
ORD-501095,2025-07-10,SKU-1046,Moisturizer,Premium,Beauty,Peak Imports,Online,Yogyakarta,Card,1,8.32,0.1,8.32,7.49,4.59,2.9,2025-07,2025-07-07/2025-07-13,0.3871829105473965
ORD-501096,2025-09-06,SKU-1043,Sunscreen,Standard,Beauty,Brightline Wholesale,Marketplace,Medan,Card,2,26.13,0.0,52.26,52.26,40.74,11.52,2025-09,2025-09-01/2025-09-07,0.22043628013777267
ORD-501097,2025-04-10,SKU-1005,Wireless Earbuds,Premium,Electronics,Aster Distribution,Marketplace,Bandung,Card,1,102.99,0.05,102.99,97.84,60.73,37.11,2025-04,2025-04-07/2025-04-13,0.3792927228127555
ORD-501098,2025-03-28,SKU-1035,Monitor Stand,Standard,Office,Brightline Wholesale,Online,Medan,Card,1,61.43,0.2,61.43,49.14,33.7,15.44,2025-03,2025-03-24/2025-03-30,0.3142043142043142
ORD-501099,2025-01-03,SKU-1025,Desk Lamp,Standard,Home & Kitchen,Urban Source Ltd.,Retail Store,Bandung,Card,1,104.17,0.0,104.17,104.17,78.6,25.57,2025-01,2024-12-30/2025-01-05,0.2454641451473553
ORD-501100,2025-06-19,SKU-1002,Bluetooth Speaker,Premium,Electronics,Nova Supply Co.,Marketplace,Medan,E-Wallet,2,110.05,0.0,220.1,220.1,174.68,45.42,2025-06,2025-06-16/2025-06-22,0.20636074511585645
ORD-501101,2025-08-17,SKU-1035,Monitor Stand,Standard,Office,Brightline Wholesale,Retail Store,Yogyakarta,E-Wallet,2,61.43,0.0,122.86,122.86,67.4,55.46,2025-08,2025-08-11/2025-08-17,0.45140810678821425
ORD-501102,2025-05-21,SKU-1012,USB-C Hub,Pro,Electronics,Nova Supply Co.,Retail Store,Bandung,Card,2,66.9,0.0,133.8,133.8,92.12,41.68,2025-05,2025-05-19/2025-05-25,0.3115097159940209
ORD-501103,2025-02-10,SKU-1010,USB-C Hub,Standard,Electronics,Peak Imports,Wholesale,Yogyakarta,E-Wallet,2,23.78,0.05,47.56,45.18,36.94,8.24,2025-02,2025-02-10/2025-02-16,0.18238158477202301
ORD-501104,2025-10-10,SKU-1063,Dumbbell Set,Standard,Sports,Urban Source Ltd.,Online,Semarang,Card,1,37.4,0.0,37.4,37.4,29.68,7.72,2025-10,2025-10-06/2025-10-12,0.20641711229946524
ORD-501105,2025-12-25,SKU-1053,Yoga Mat,Pro,Sports,Brightline Wholesale,Marketplace,Medan,Card,1,30.37,0.05,30.37,28.85,19.3,9.55,2025-12,2025-12-22/2025-12-28,0.3310225303292894
ORD-501106,2025-05-21,SKU-1056,Resistance Bands,Pro,Sports,Nova Supply Co.,Online,Semarang,Card,3,37.19,0.05,111.57,105.99,65.58,40.41,2025-05,2025-05-19/2025-05-25,0.3812623832437022
ORD-501107,2025-01-09,SKU-1040,Office Chair,Premium,Office,Brightline Wholesale,Retail Store,Jakarta,E-Wallet,1,159.4,0.1,159.4,143.46,111.42,32.04,2025-01,2025-01-06/2025-01-12,0.2233375156838143
ORD-501108,2025-05-11,SKU-1056,Resistance Bands,Pro,Sports,Nova Supply Co.,Online,Yogyakarta,E-Wallet,1,37.19,0.15,37.19,31.61,21.86,9.75,2025-05,2025-05-05/2025-05-11,0.3084466940841506
ORD-501109,2025-10-05,SKU-1056,Resistance Bands,Pro,Sports,Nova Supply Co.,Marketplace,Jakarta,Bank Transfer,2,37.19,0.1,74.38,66.94,43.72,23.22,2025-10,2025-09-29/2025-10-05,0.3468778010158351
ORD-501110,2025-02-26,SKU-1014,Mechanical Keyboard,Premium,Electronics,Nova Supply Co.,Online,Bandung,E-Wallet,2,106.42,0.0,212.84,212.84,148.48,64.36,2025-02,2025-02-24/2025-03-02,0.3023867694042473
ORD-501111,2025-09-26,SKU-1001,Bluetooth Speaker,Standard,Electronics,Nova Supply Co.,Marketplace,Jakarta,Bank Transfer,1,120.16,0.1,120.16,108.14,83.77,24.37,2025-09,2025-09-22/2025-09-28,0.22535601997410765
ORD-501112,2025-07-16,SKU-1061,Running Belt,Premium,Sports,Aster Distribution,Marketplace,Bandung,E-Wallet,1,76.7,0.0,76.7,76.7,43.71,32.99,2025-07,2025-07-14/2025-07-20,0.4301173402868318
ORD-501113,2025-01-07,SKU-1004,Wireless Earbuds,Standard,Electronics,Aster Distribution,Marketplace,Jakarta,E-Wallet,2,77.45,0.0,154.9,154.9,110.94,43.96,2025-01,2025-01-06/2025-01-12,0.28379599741768885
ORD-501114,2025-08-24,SKU-1049,Makeup Brush Set,Standard,Beauty,Nova Supply Co.,Online,Yogyakarta,Card,1,34.46,0.1,34.46,31.01,25.68,5.33,2025-08,2025-08-18/2025-08-24,0.17188003869719445
ORD-501115,2025-02-22,SKU-1031,Notebook,Standard,Office,Brightline Wholesale,Marketplace,Jakarta,Card,1,36.9,0.05,36.9,35.06,23.06,12.0,2025-02,2025-02-17/2025-02-23,0.34227039361095263
ORD-501116,2025-10-18,SKU-1061,Running Belt,Premium,Sports,Aster Distribution,Online,Jakarta,Card,1,76.7,0.1,76.7,69.03,43.71,25.32,2025-10,2025-10-13/2025-10-19,0.36679704476314645
ORD-501117,2025-01-21,SKU-1026,Desk Lamp,Premium,Home & Kitchen,Peak Imports,Online,Surabaya,Card,1,42.39,0.2,42.39,33.91,31.28,2.63,2025-01,2025-01-20/2025-01-26,0.07755824240636981
ORD-501118,2025-02-16,SKU-1001,Bluetooth Speaker,Standard,Electronics,Nova Supply Co.,Marketplace,Bandung,Card,1,120.16,0.0,120.16,120.16,83.77,36.39,2025-02,2025-02-10/2025-02-16,0.3028462050599201
ORD-501119,2025-01-12,SKU-1057,Water Bottle,Standard,Sports,Nova Supply Co.,Marketplace,Jakarta,Cash,1,33.1,0.0,33.1,33.1,18.31,14.79,2025-01,2025-01-06/2025-01-12,0.4468277945619335
ORD-501120,2025-11-19,SKU-1019,Electric Kettle,Standard,Home & Kitchen,Nova Supply Co.,Online,Jakarta,Bank Transfer,2,88.16,0.0,176.32,176.32,106.04,70.28,2025-11,2025-11-17/2025-11-23,0.3985934664246824
ORD-501121,2025-06-18,SKU-1063,Dumbbell Set,Standard,Sports,Urban Source Ltd.,Retail Store,Yogyakarta,E-Wallet,1,37.4,0.0,37.4,37.4,29.68,7.72,2025-06,2025-06-16/2025-06-22,0.20641711229946524
ORD-501122,2025-11-11,SKU-1010,USB-C Hub,Standard,Electronics,Peak Imports,Online,Jakarta,E-Wallet,2,23.78,0.05,47.56,45.18,36.94,8.24,2025-11,2025-11-10/2025-11-16,0.18238158477202301
ORD-501123,2025-05-05,SKU-1010,USB-C Hub,Standard,Electronics,Peak Imports,Marketplace,Jakarta,Card,1,23.78,0.1,23.78,21.4,18.47,2.93,2025-05,2025-05-05/2025-05-11,0.1369158878504673
ORD-501124,2025-11-16,SKU-1006,Wireless Earbuds,Pro,Electronics,Aster Distribution,Online,Yogyakarta,Card,1,48.0,0.0,48.0,48.0,31.91,16.09,2025-11,2025-11-10/2025-11-16,0.33520833333333333
ORD-501125,2025-05-11,SKU-1010,USB-C Hub,Standard,Electronics,Peak Imports,Marketplace,Jakarta,Card,1,23.78,0.0,23.78,23.78,18.47,5.31,2025-05,2025-05-05/2025-05-11,0.22329688814129517
ORD-501126,2025-02-10,SKU-1026,Desk Lamp,Premium,Home & Kitchen,Peak Imports,Online,Bandung,Bank Transfer,1,42.39,0.0,42.39,42.39,31.28,11.11,2025-02,2025-02-10/2025-02-16,0.2620901155933003
ORD-501127,2025-06-14,SKU-1060,Running Belt,Standard,Sports,Nova Supply Co.,Online,Makassar,Card,1,84.42,0.0,84.42,84.42,48.15,36.27,2025-06,2025-06-09/2025-06-15,0.42963752665245203
ORD-501128,2025-09-03,SKU-1056,Resistance Bands,Pro,Sports,Nova Supply Co.,Retail Store,Jakarta,Bank Transfer,1,37.19,0.15,37.19,31.61,21.86,9.75,2025-09,2025-09-01/2025-09-07,0.3084466940841506
ORD-501129,2025-10-25,SKU-1056,Resistance Bands,Pro,Sports,Nova Supply Co.,Marketplace,Jakarta,E-Wallet,2,37.19,0.0,74.38,74.38,43.72,30.66,2025-10,2025-10-20/2025-10-26,0.4122075826835171
ORD-501130,2025-07-09,SKU-1023,Blender,Premium,Home & Kitchen,Urban Source Ltd.,Online,Medan,Bank Transfer,1,72.39,0.2,72.39,57.91,53.2,4.71,2025-07,2025-07-07/2025-07-13,0.08133310309100329
ORD-501131,2025-08-31,SKU-1036,Monitor Stand,Premium,Office,Nova Supply Co.,Online,Yogyakarta,Card,1,158.85,0.0,158.85,158.85,110.27,48.58,2025-08,2025-08-25/2025-08-31,0.3058231035568146
ORD-501132,2025-07-20,SKU-1036,Monitor Stand,Premium,Office,Nova Supply Co.,Online,Yogyakarta,Card,1,158.85,0.05,158.85,150.91,110.27,40.64,2025-07,2025-07-14/2025-07-20,0.26929958253263536
ORD-501133,2025-11-21,SKU-1021,Electric Kettle,Pro,Home & Kitchen,Aster Distribution,Online,Yogyakarta,Bank Transfer,1,84.19,0.15,84.19,71.56,57.93,13.63,2025-11,2025-11-17/2025-11-23,0.19046953605366126
ORD-501134,2025-04-16,SKU-1019,Electric Kettle,Standard,Home & Kitchen,Nova Supply Co.,Marketplace,Makassar,Card,1,88.16,0.0,88.16,88.16,53.02,35.14,2025-04,2025-04-14/2025-04-20,0.3985934664246824
ORD-501135,2025-04-05,SKU-1006,Wireless Earbuds,Pro,Electronics,Aster Distribution,Marketplace,Jakarta,Cash,1,48.0,0.15,48.0,40.8,31.91,8.89,2025-04,2025-03-31/2025-04-06,0.21789215686274513
ORD-501136,2025-12-06,SKU-1040,Office Chair,Premium,Office,Brightline Wholesale,Online,Surabaya,E-Wallet,2,159.4,0.15,318.8,270.98,222.84,48.14,2025-12,2025-12-01/2025-12-07,0.1776514871946269
ORD-501137,2025-01-23,SKU-1030,Storage Box,Pro,Home & Kitchen,Urban Source Ltd.,Retail Store,Semarang,Card,2,61.88,0.0,123.76,123.76,95.9,27.86,2025-01,2025-01-20/2025-01-26,0.22511312217194568
ORD-501138,2025-02-24,SKU-1064,Dumbbell Set,Premium,Sports,Brightline Wholesale,Online,Bandung,Card,1,28.95,0.15,28.95,24.61,16.15,8.46,2025-02,2025-02-24/2025-03-02,0.34376269809020726
ORD-501139,2025-09-21,SKU-1024,Blender,Pro,Home & Kitchen,Aster Distribution,Marketplace,Yogyakarta,Cash,1,59.17,0.1,59.17,53.25,44.96,8.29,2025-09,2025-09-15/2025-09-21,0.15568075117370891
ORD-501140,2025-10-02,SKU-1061,Running Belt,Premium,Sports,Aster Distribution,Online,Yogyakarta,Card,1,76.7,0.0,76.7,76.7,43.71,32.99,2025-10,2025-09-29/2025-10-05,0.4301173402868318
ORD-501141,2025-07-29,SKU-1026,Desk Lamp,Premium,Home & Kitchen,Peak Imports,Online,Jakarta,Card,2,42.39,0.05,84.78,80.54,62.56,17.98,2025-07,2025-07-28/2025-08-03,0.22324310901415445
ORD-501142,2025-06-28,SKU-1035,Monitor Stand,Standard,Office,Brightline Wholesale,Online,Semarang,Bank Transfer,1,61.43,0.15,61.43,52.22,33.7,18.52,2025-06,2025-06-23/2025-06-29,0.35465338950593644
ORD-501143,2025-01-13,SKU-1028,Storage Box,Standard,Home & Kitchen,Nova Supply Co.,Retail Store,Medan,E-Wallet,1,55.89,0.0,55.89,55.89,33.09,22.8,2025-01,2025-01-13/2025-01-19,0.4079441760601181
ORD-501144,2025-06-01,SKU-1059,Water Bottle,Pro,Sports,Brightline Wholesale,Wholesale,Semarang,E-Wallet,1,21.51,0.05,21.51,20.43,17.37,3.06,2025-06,2025-05-26/2025-06-01,0.14977973568281938
ORD-501145,2025-01-25,SKU-1026,Desk Lamp,Premium,Home & Kitchen,Peak Imports,Marketplace,Semarang,Card,2,42.39,0.0,84.78,84.78,62.56,22.22,2025-01,2025-01-20/2025-01-26,0.2620901155933003
ORD-501146,2025-01-22,SKU-1016,Air Fryer,Standard,Home & Kitchen,Aster Distribution,Marketplace,Jakarta,E-Wallet,1,98.91,0.05,98.91,93.96,70.38,23.58,2025-01,2025-01-20/2025-01-26,0.2509578544061303
ORD-501147,2025-11-15,SKU-1056,Resistance Bands,Pro,Sports,Nova Supply Co.,Marketplace,Bandung,Bank Transfer,2,37.19,0.05,74.38,70.66,43.72,26.94,2025-11,2025-11-10/2025-11-16,0.38126238324370226
ORD-501148,2025-03-24,SKU-1038,Desk Organizer,Premium,Office,Urban Source Ltd.,Marketplace,Yogyakarta,Card,1,47.71,0.0,47.71,47.71,35.03,12.68,2025-03,2025-03-24/2025-03-30,0.26577237476420035
ORD-501149,2025-11-17,SKU-1053,Yoga Mat,Pro,Sports,Brightline Wholesale,Marketplace,Jakarta,Bank Transfer,1,30.37,0.0,30.37,30.37,19.3,11.07,2025-11,2025-11-17/2025-11-23,0.3645044451761607
ORD-501150,2025-08-10,SKU-1025,Desk Lamp,Standard,Home & Kitchen,Urban Source Ltd.,Retail Store,Yogyakarta,Card,1,104.17,0.0,104.17,104.17,78.6,25.57,2025-08,2025-08-04/2025-08-10,0.2454641451473553
ORD-501151,2025-06-02,SKU-1045,Moisturizer,Standard,Beauty,Urban Source Ltd.,Marketplace,Jakarta,Cash,1,40.7,0.05,40.7,38.66,29.42,9.24,2025-06,2025-06-02/2025-06-08,0.2390067252974651
ORD-501152,2025-09-02,SKU-1053,Yoga Mat,Pro,Sports,Brightline Wholesale,Online,Jakarta,E-Wallet,2,30.37,0.0,60.74,60.74,38.6,22.14,2025-09,2025-09-01/2025-09-07,0.3645044451761607
ORD-501153,2025-04-08,SKU-1035,Monitor Stand,Standard,Office,Brightline Wholesale,Online,Jakarta,E-Wallet,1,61.43,0.05,61.43,58.36,33.7,24.66,2025-04,2025-04-07/2025-04-13,0.42254969156956823
ORD-501154,2025-08-16,SKU-1057,Water Bottle,Standard,Sports,Nova Supply Co.,Retail Store,Surabaya,Bank Transfer,1,33.1,0.05,33.1,31.44,18.31,13.13,2025-08,2025-08-11/2025-08-17,0.4176208651399491
ORD-501155,2025-03-10,SKU-1010,USB-C Hub,Standard,Electronics,Peak Imports,Online,Jakarta,E-Wallet,3,23.78,0.1,71.34,64.21,55.41,8.8,2025-03,2025-03-10/2025-03-16,0.1370503036910139
ORD-501156,2025-05-12,SKU-1050,Makeup Brush Set,Premium,Beauty,Peak Imports,Marketplace,Jakarta,E-Wallet,1,37.2,0.0,37.2,37.2,25.93,11.27,2025-05,2025-05-12/2025-05-18,0.3029569892473118
ORD-501157,2025-04-17,SKU-1011,USB-C Hub,Premium,Electronics,Urban Source Ltd.,Marketplace,Jakarta,Card,2,116.31,0.0,232.62,232.62,127.74,104.88,2025-04,2025-04-14/2025-04-20,0.4508640701573381
ORD-501158,2025-07-12,SKU-1040,Office Chair,Premium,Office,Brightline Wholesale,Marketplace,Medan,Card,2,159.4,0.05,318.8,302.86,222.84,80.02,2025-07,2025-07-07/2025-07-13,0.2642144885425609
ORD-501159,2025-08-01,SKU-1034,Gel Pen Set,Premium,Office,Aster Distribution,Marketplace,Jakarta,Bank Transfer,1,211.77,0.15,211.77,180.0,119.78,60.22,2025-08,2025-07-28/2025-08-03,0.33455555555555555
ORD-501160,2025-11-14,SKU-1035,Monitor Stand,Standard,Office,Brightline Wholesale,Wholesale,Bandung,Card,2,61.43,0.15,122.86,104.43,67.4,37.03,2025-11,2025-11-10/2025-11-16,0.3545915924542756
ORD-501161,2025-07-11,SKU-1035,Monitor Stand,Standard,Office,Brightline Wholesale,Online,Surabaya,E-Wallet,1,61.43,0.0,61.43,61.43,33.7,27.73,2025-07,2025-07-07/2025-07-13,0.45140810678821425
ORD-501162,2025-05-17,SKU-1010,USB-C Hub,Standard,Electronics,Peak Imports,Marketplace,Surabaya,E-Wallet,2,23.78,0.15,47.56,40.43,36.94,3.49,2025-05,2025-05-12/2025-05-18,0.08632203809052684
ORD-501163,2025-04-02,SKU-1033,Gel Pen Set,Standard,Office,Aster Distribution,Marketplace,Jakarta,Bank Transfer,2,82.15,0.1,164.3,147.87,130.7,17.17,2025-04,2025-03-31/2025-04-06,0.11611550686413742
ORD-501164,2025-07-19,SKU-1007,Power Bank,Standard,Electronics,Nova Supply Co.,Online,Bandung,Bank Transfer,3,127.25,0.15,381.75,324.49,245.52,78.97,2025-07,2025-07-14/2025-07-20,0.24336651360596628
ORD-501165,2025-08-04,SKU-1005,Wireless Earbuds,Premium,Electronics,Aster Distribution,Wholesale,Bandung,E-Wallet,1,102.99,0.1,102.99,92.69,60.73,31.96,2025-08,2025-08-04/2025-08-10,0.34480526486136587
ORD-501166,2025-01-20,SKU-1025,Desk Lamp,Standard,Home & Kitchen,Urban Source Ltd.,Marketplace,Jakarta,Card,3,104.17,0.15,312.51,265.63,235.8,29.83,2025-01,2025-01-20/2025-01-26,0.11229906260588035
ORD-501167,2025-10-11,SKU-1053,Yoga Mat,Pro,Sports,Brightline Wholesale,Online,Semarang,Bank Transfer,1,30.37,0.2,30.37,24.3,19.3,5.0,2025-10,2025-10-06/2025-10-12,0.205761316872428
ORD-501168,2025-01-22,SKU-1006,Wireless Earbuds,Pro,Electronics,Aster Distribution,Online,Medan,Card,1,48.0,0.1,48.0,43.2,31.91,11.29,2025-01,2025-01-20/2025-01-26,0.26134259259259257
ORD-501169,2025-03-23,SKU-1006,Wireless Earbuds,Pro,Electronics,Aster Distribution,Retail Store,Bandung,E-Wallet,2,48.0,0.0,96.0,96.0,63.82,32.18,2025-03,2025-03-17/2025-03-23,0.33520833333333333
ORD-501170,2025-12-30,SKU-1057,Water Bottle,Standard,Sports,Nova Supply Co.,Retail Store,Semarang,Card,2,33.1,0.1,66.2,59.58,36.62,22.96,2025-12,2025-12-29/2026-01-04,0.38536421617992617
ORD-501171,2025-12-30,SKU-1017,Air Fryer,Premium,Home & Kitchen,Peak Imports,Online,Yogyakarta,Bank Transfer,1,85.71,0.1,85.71,77.14,66.93,10.21,2025-12,2025-12-29/2026-01-04,0.13235675395385016
ORD-501172,2025-04-28,SKU-1009,Power Bank,Pro,Electronics,Nova Supply Co.,Marketplace,Makassar,E-Wallet,3,120.75,0.05,362.25,344.14,277.29,66.85,2025-04,2025-04-28/2025-05-04,0.1942523391642936
ORD-501173,2025-12-18,SKU-1023,Blender,Premium,Home & Kitchen,Urban Source Ltd.,Marketplace,Yogyakarta,Card,2,72.39,0.1,144.78,130.3,106.4,23.9,2025-12,2025-12-15/2025-12-21,0.18342287029930926
ORD-501174,2025-09-01,SKU-1042,Face Cleanser,Premium,Beauty,Peak Imports,Marketplace,Surabaya,Card,1,31.12,0.0,31.12,31.12,25.16,5.96,2025-09,2025-09-01/2025-09-07,0.19151670951156813
ORD-501175,2025-12-08,SKU-1063,Dumbbell Set,Standard,Sports,Urban Source Ltd.,Retail Store,Yogyakarta,E-Wallet,1,37.4,0.1,37.4,33.66,29.68,3.98,2025-12,2025-12-08/2025-12-14,0.11824123588829473
ORD-501176,2025-12-15,SKU-1005,Wireless Earbuds,Premium,Electronics,Aster Distribution,Marketplace,Yogyakarta,Card,2,102.99,0.05,205.98,195.68,121.46,74.22,2025-12,2025-12-15/2025-12-21,0.3792927228127555
ORD-501177,2025-06-07,SKU-1005,Wireless Earbuds,Premium,Electronics,Aster Distribution,Marketplace,Makassar,Card,3,102.99,0.1,308.97,278.07,182.19,95.88,2025-06,2025-06-02/2025-06-08,0.3448052648613658
ORD-501178,2025-03-29,SKU-1028,Storage Box,Standard,Home & Kitchen,Nova Supply Co.,Online,Medan,Bank Transfer,1,55.89,0.0,55.89,55.89,33.09,22.8,2025-03,2025-03-24/2025-03-30,0.4079441760601181
ORD-501179,2025-11-02,SKU-1050,Makeup Brush Set,Premium,Beauty,Peak Imports,Marketplace,Bandung,Cash,2,37.2,0.0,74.4,74.4,51.86,22.54,2025-11,2025-10-27/2025-11-02,0.3029569892473118
ORD-501180,2025-08-13,SKU-1011,USB-C Hub,Premium,Electronics,Urban Source Ltd.,Retail Store,Makassar,Card,1,116.31,0.1,116.31,104.68,63.87,40.81,2025-08,2025-08-11/2025-08-17,0.3898547955674436
ORD-501181,2025-09-01,SKU-1005,Wireless Earbuds,Premium,Electronics,Aster Distribution,Wholesale,Yogyakarta,E-Wallet,4,102.99,0.2,411.96,329.57,242.92,86.65,2025-09,2025-09-01/2025-09-07,0.26291834815062054
ORD-501182,2025-07-20,SKU-1057,Water Bottle,Standard,Sports,Nova Supply Co.,Online,Surabaya,Bank Transfer,1,33.1,0.1,33.1,29.79,18.31,11.48,2025-07,2025-07-14/2025-07-20,0.38536421617992617
ORD-501183,2025-10-24,SKU-1056,Resistance Bands,Pro,Sports,Nova Supply Co.,Retail Store,Bandung,Bank Transfer,1,37.19,0.1,37.19,33.47,21.86,11.61,2025-10,2025-10-20/2025-10-26,0.3468778010158351
ORD-501184,2025-11-17,SKU-1008,Power Bank,Premium,Electronics,Peak Imports,Retail Store,Semarang,Cash,1,64.8,0.05,64.8,61.56,35.52,26.04,2025-11,2025-11-17/2025-11-23,0.42300194931773877
ORD-501185,2025-08-30,SKU-1040,Office Chair,Premium,Office,Brightline Wholesale,Marketplace,Jakarta,E-Wallet,1,159.4,0.0,159.4,159.4,111.42,47.98,2025-08,2025-08-25/2025-08-31,0.30100376411543284
ORD-501186,2025-07-09,SKU-1052,Yoga Mat,Premium,Sports,Peak Imports,Online,Bandung,Bank Transfer,1,51.11,0.05,51.11,48.55,40.36,8.19,2025-07,2025-07-07/2025-07-13,0.16869207003089598
ORD-501187,2025-05-04,SKU-1056,Resistance Bands,Pro,Sports,Nova Supply Co.,Wholesale,Semarang,Cash,1,37.19,0.1,37.19,33.47,21.86,11.61,2025-05,2025-04-28/2025-05-04,0.3468778010158351
ORD-501188,2025-09-23,SKU-1005,Wireless Earbuds,Premium,Electronics,Aster Distribution,Marketplace,Semarang,E-Wallet,1,102.99,0.1,102.99,92.69,60.73,31.96,2025-09,2025-09-22/2025-09-28,0.34480526486136587
ORD-501189,2025-06-29,SKU-1017,Air Fryer,Premium,Home & Kitchen,Peak Imports,Online,Bandung,E-Wallet,1,85.71,0.0,85.71,85.71,66.93,18.78,2025-06,2025-06-23/2025-06-29,0.21911095554777743
ORD-501190,2025-07-11,SKU-1042,Face Cleanser,Premium,Beauty,Peak Imports,Marketplace,Semarang,E-Wallet,2,31.12,0.1,62.24,56.02,50.32,5.7,2025-07,2025-07-07/2025-07-13,0.1017493752231346
ORD-501191,2025-02-11,SKU-1009,Power Bank,Pro,Electronics,Nova Supply Co.,Retail Store,Yogyakarta,Card,2,120.75,0.0,241.5,241.5,184.86,56.64,2025-02,2025-02-10/2025-02-16,0.23453416149068324
ORD-501192,2025-03-05,SKU-1053,Yoga Mat,Pro,Sports,Brightline Wholesale,Retail Store,Makassar,E-Wallet,1,30.37,0.0,30.37,30.37,19.3,11.07,2025-03,2025-03-03/2025-03-09,0.3645044451761607
ORD-501193,2025-10-28,SKU-1034,Gel Pen Set,Premium,Office,Aster Distribution,Online,Jakarta,Bank Transfer,1,211.77,0.15,211.77,180.0,119.78,60.22,2025-10,2025-10-27/2025-11-02,0.33455555555555555
ORD-501194,2025-05-02,SKU-1028,Storage Box,Standard,Home & Kitchen,Nova Supply Co.,Online,Makassar,Card,1,55.89,0.0,55.89,55.89,33.09,22.8,2025-05,2025-04-28/2025-05-04,0.4079441760601181
ORD-501195,2025-12-09,SKU-1035,Monitor Stand,Standard,Office,Brightline Wholesale,Online,Jakarta,Bank Transfer,1,61.43,0.15,61.43,52.22,33.7,18.52,2025-12,2025-12-08/2025-12-14,0.35465338950593644
ORD-501196,2025-05-02,SKU-1006,Wireless Earbuds,Pro,Electronics,Aster Distribution,Marketplace,Bandung,Bank Transfer,2,48.0,0.2,96.0,76.8,63.82,12.98,2025-05,2025-04-28/2025-05-04,0.1690104166666667
ORD-501197,2025-11-06,SKU-1013,Mechanical Keyboard,Standard,Electronics,Nova Supply Co.,Online,Yogyakarta,Card,1,35.15,0.05,35.15,33.39,24.14,9.25,2025-11,2025-11-03/2025-11-09,0.2770290506139563
ORD-501198,2025-11-12,SKU-1035,Monitor Stand,Standard,Office,Brightline Wholesale,Retail Store,Makassar,Bank Transfer,1,61.43,0.0,61.43,61.43,33.7,27.73,2025-11,2025-11-10/2025-11-16,0.45140810678821425
ORD-501199,2025-04-15,SKU-1041,Face Cleanser,Standard,Beauty,Brightline Wholesale,Retail Store,Medan,Card,1,40.88,0.1,40.88,36.79,26.08,10.71,2025-04,2025-04-14/2025-04-20,0.29111171513998374
ORD-501200,2025-08-24,SKU-1007,Power Bank,Standard,Electronics,Nova Supply Co.,Retail Store,Makassar,Card,1,127.25,0.05,127.25,120.89,81.84,39.05,2025-08,2025-08-18/2025-08-24,0.3230209281164695
ORD-501201,2025-07-23,SKU-1009,Power Bank,Pro,Electronics,Nova Supply Co.,Marketplace,Yogyakarta,E-Wallet,1,120.75,0.05,120.75,114.71,92.43,22.28,2025-07,2025-07-21/2025-07-27,0.19422892511550868
ORD-501202,2025-04-16,SKU-1010,USB-C Hub,Standard,Electronics,Peak Imports,Wholesale,Yogyakarta,Card,2,23.78,0.0,47.56,47.56,36.94,10.62,2025-04,2025-04-14/2025-04-20,0.22329688814129517
ORD-501203,2025-03-16,SKU-1053,Yoga Mat,Pro,Sports,Brightline Wholesale,Marketplace,Jakarta,Card,3,30.37,0.05,91.11,86.55,57.9,28.65,2025-03,2025-03-10/2025-03-16,0.3310225303292894
ORD-501204,2025-04-24,SKU-1014,Mechanical Keyboard,Premium,Electronics,Nova Supply Co.,Marketplace,Makassar,Bank Transfer,1,106.42,0.15,106.42,90.46,74.24,16.22,2025-04,2025-04-21/2025-04-27,0.17930577050630112
ORD-501205,2025-12-17,SKU-1035,Monitor Stand,Standard,Office,Brightline Wholesale,Retail Store,Yogyakarta,Bank Transfer,1,61.43,0.0,61.43,61.43,33.7,27.73,2025-12,2025-12-15/2025-12-21,0.45140810678821425
ORD-501206,2025-01-31,SKU-1007,Power Bank,Standard,Electronics,Nova Supply Co.,Marketplace,Makassar,E-Wallet,2,127.25,0.05,254.5,241.77,163.68,78.09,2025-01,2025-01-27/2025-02-02,0.3229929271621789
ORD-501207,2025-12-17,SKU-1002,Bluetooth Speaker,Premium,Electronics,Nova Supply Co.,Marketplace,Makassar,Cash,1,110.05,0.05,110.05,104.55,87.34,17.21,2025-12,2025-12-15/2025-12-21,0.1646102343376375
ORD-501208,2025-01-23,SKU-1037,Desk Organizer,Standard,Office,Nova Supply Co.,Online,Jakarta,Bank Transfer,1,24.82,0.0,24.82,24.82,14.08,10.74,2025-01,2025-01-20/2025-01-26,0.43271555197421435
ORD-501209,2025-10-07,SKU-1006,Wireless Earbuds,Pro,Electronics,Aster Distribution,Online,Jakarta,E-Wallet,1,48.0,0.0,48.0,48.0,31.91,16.09,2025-10,2025-10-06/2025-10-12,0.33520833333333333
ORD-501210,2025-02-18,SKU-1035,Monitor Stand,Standard,Office,Brightline Wholesale,Online,Surabaya,E-Wallet,2,61.43,0.1,122.86,110.57,67.4,43.17,2025-02,2025-02-17/2025-02-23,0.39043140092249257
ORD-501211,2025-10-18,SKU-1027,Desk Lamp,Pro,Home & Kitchen,Brightline Wholesale,Online,Medan,Card,1,72.16,0.1,72.16,64.94,43.33,21.61,2025-10,2025-10-13/2025-10-19,0.3327687095780721
ORD-501212,2025-11-14,SKU-1035,Monitor Stand,Standard,Office,Brightline Wholesale,Online,Semarang,Card,1,61.43,0.1,61.43,55.29,33.7,21.59,2025-11,2025-11-10/2025-11-16,0.3904865255923313
ORD-501213,2025-08-23,SKU-1065,Dumbbell Set,Pro,Sports,Urban Source Ltd.,Online,Bandung,Card,1,18.33,0.0,18.33,18.33,10.76,7.57,2025-08,2025-08-18/2025-08-24,0.4129841789416258
ORD-501214,2025-11-17,SKU-1014,Mechanical Keyboard,Premium,Electronics,Nova Supply Co.,Retail Store,Medan,E-Wallet,2,106.42,0.0,212.84,212.84,148.48,64.36,2025-11,2025-11-17/2025-11-23,0.3023867694042473
ORD-501215,2025-08-21,SKU-1042,Face Cleanser,Premium,Beauty,Peak Imports,Marketplace,Medan,E-Wallet,1,31.12,0.0,31.12,31.12,25.16,5.96,2025-08,2025-08-18/2025-08-24,0.19151670951156813
ORD-501216,2025-08-28,SKU-1002,Bluetooth Speaker,Premium,Electronics,Nova Supply Co.,Retail Store,Bandung,Card,1,110.05,0.0,110.05,110.05,87.34,22.71,2025-08,2025-08-25/2025-08-31,0.20636074511585645
ORD-501217,2025-07-16,SKU-1039,Office Chair,Standard,Office,Nova Supply Co.,Online,Jakarta,E-Wallet,1,42.18,0.05,42.18,40.07,24.47,15.6,2025-07,2025-07-14/2025-07-20,0.38931869228849514
ORD-501218,2025-09-01,SKU-1002,Bluetooth Speaker,Premium,Electronics,Nova Supply Co.,Online,Surabaya,Card,1,110.05,0.05,110.05,104.55,87.34,17.21,2025-09,2025-09-01/2025-09-07,0.1646102343376375
ORD-501219,2025-10-20,SKU-1041,Face Cleanser,Standard,Beauty,Brightline Wholesale,Online,Jakarta,E-Wallet,1,40.88,0.0,40.88,40.88,26.08,14.8,2025-10,2025-10-20/2025-10-26,0.36203522504892366
ORD-501220,2025-07-19,SKU-1030,Storage Box,Pro,Home & Kitchen,Urban Source Ltd.,Online,Jakarta,Bank Transfer,1,61.88,0.1,61.88,55.69,47.95,7.74,2025-07,2025-07-14/2025-07-20,0.13898365954390376
ORD-501221,2025-03-23,SKU-1016,Air Fryer,Standard,Home & Kitchen,Aster Distribution,Marketplace,Yogyakarta,Bank Transfer,1,98.91,0.1,98.91,89.02,70.38,18.64,2025-03,2025-03-17/2025-03-23,0.20939114805661652
ORD-501222,2025-03-29,SKU-1002,Bluetooth Speaker,Premium,Electronics,Nova Supply Co.,Wholesale,Jakarta,E-Wallet,1,110.05,0.2,110.05,88.04,87.34,0.7,2025-03,2025-03-24/2025-03-30,0.007950931394820535
ORD-501223,2025-03-07,SKU-1051,Yoga Mat,Standard,Sports,Brightline Wholesale,Online,Yogyakarta,E-Wallet,1,71.8,0.0,71.8,71.8,40.86,30.94,2025-03,2025-03-03/2025-03-09,0.4309192200557103
ORD-501224,2025-12-20,SKU-1030,Storage Box,Pro,Home & Kitchen,Urban Source Ltd.,Marketplace,Yogyakarta,Bank Transfer,1,61.88,0.0,61.88,61.88,47.95,13.93,2025-12,2025-12-15/2025-12-21,0.22511312217194568
ORD-501225,2025-08-16,SKU-1002,Bluetooth Speaker,Premium,Electronics,Nova Supply Co.,Online,Yogyakarta,Cash,1,110.05,0.2,110.05,88.04,87.34,0.7,2025-08,2025-08-11/2025-08-17,0.007950931394820535
ORD-501226,2025-09-01,SKU-1006,Wireless Earbuds,Pro,Electronics,Aster Distribution,Online,Medan,Card,2,48.0,0.2,96.0,76.8,63.82,12.98,2025-09,2025-09-01/2025-09-07,0.1690104166666667
ORD-501227,2025-06-20,SKU-1023,Blender,Premium,Home & Kitchen,Urban Source Ltd.,Retail Store,Yogyakarta,E-Wallet,1,72.39,0.1,72.39,65.15,53.2,11.95,2025-06,2025-06-16/2025-06-22,0.18342287029930926
ORD-501228,2025-11-28,SKU-1056,Resistance Bands,Pro,Sports,Nova Supply Co.,Retail Store,Surabaya,Card,2,37.19,0.05,74.38,70.66,43.72,26.94,2025-11,2025-11-24/2025-11-30,0.38126238324370226
ORD-501229,2025-07-22,SKU-1030,Storage Box,Pro,Home & Kitchen,Urban Source Ltd.,Retail Store,Jakarta,E-Wallet,1,61.88,0.15,61.88,52.6,47.95,4.65,2025-07,2025-07-21/2025-07-27,0.08840304182509506
ORD-501230,2025-02-27,SKU-1057,Water Bottle,Standard,Sports,Nova Supply Co.,Wholesale,Jakarta,Cash,2,33.1,0.1,66.2,59.58,36.62,22.96,2025-02,2025-02-24/2025-03-02,0.38536421617992617
ORD-501231,2025-12-02,SKU-1007,Power Bank,Standard,Electronics,Nova Supply Co.,Marketplace,Jakarta,Card,2,127.25,0.1,254.5,229.05,163.68,65.37,2025-12,2025-12-01/2025-12-07,0.285396201702685
ORD-501232,2025-01-04,SKU-1061,Running Belt,Premium,Sports,Aster Distribution,Marketplace,Makassar,Bank Transfer,4,76.7,0.15,306.8,260.78,174.84,85.94,2025-01,2024-12-30/2025-01-05,0.3295498121021551
ORD-501233,2025-09-25,SKU-1056,Resistance Bands,Pro,Sports,Nova Supply Co.,Online,Jakarta,E-Wallet,2,37.19,0.0,74.38,74.38,43.72,30.66,2025-09,2025-09-22/2025-09-28,0.4122075826835171
ORD-501234,2025-02-18,SKU-1060,Running Belt,Standard,Sports,Nova Supply Co.,Marketplace,Yogyakarta,Bank Transfer,1,84.42,0.0,84.42,84.42,48.15,36.27,2025-02,2025-02-17/2025-02-23,0.42963752665245203
ORD-501235,2025-01-18,SKU-1002,Bluetooth Speaker,Premium,Electronics,Nova Supply Co.,Marketplace,Yogyakarta,Bank Transfer,4,110.05,0.15,440.2,374.17,349.36,24.81,2025-01,2025-01-13/2025-01-19,0.06630675895983108
ORD-501236,2025-06-16,SKU-1016,Air Fryer,Standard,Home & Kitchen,Aster Distribution,Online,Surabaya,E-Wallet,1,98.91,0.0,98.91,98.91,70.38,28.53,2025-06,2025-06-16/2025-06-22,0.28844404003639673
ORD-501237,2025-05-28,SKU-1053,Yoga Mat,Pro,Sports,Brightline Wholesale,Online,Jakarta,Bank Transfer,4,30.37,0.05,121.48,115.41,77.2,38.21,2025-05,2025-05-26/2025-06-01,0.331080495624296
ORD-501238,2025-06-15,SKU-1024,Blender,Pro,Home & Kitchen,Aster Distribution,Marketplace,Medan,Card,1,59.17,0.0,59.17,59.17,44.96,14.21,2025-06,2025-06-09/2025-06-15,0.24015548419807337
ORD-501239,2025-06-08,SKU-1034,Gel Pen Set,Premium,Office,Aster Distribution,Online,Bandung,E-Wallet,2,211.77,0.0,423.54,423.54,239.56,183.98,2025-06,2025-06-02/2025-06-08,0.4343863625631581
ORD-501240,2025-07-03,SKU-1002,Bluetooth Speaker,Premium,Electronics,Nova Supply Co.,Online,Jakarta,Bank Transfer,1,110.05,0.05,110.05,104.55,87.34,17.21,2025-07,2025-06-30/2025-07-06,0.1646102343376375
ORD-501241,2025-03-28,SKU-1037,Desk Organizer,Standard,Office,Nova Supply Co.,Marketplace,Semarang,E-Wallet,1,24.82,0.0,24.82,24.82,14.08,10.74,2025-03,2025-03-24/2025-03-30,0.43271555197421435
ORD-501242,2025-10-22,SKU-1019,Electric Kettle,Standard,Home & Kitchen,Nova Supply Co.,Retail Store,Medan,Bank Transfer,2,88.16,0.05,176.32,167.5,106.04,61.46,2025-10,2025-10-20/2025-10-26,0.3669253731343284
ORD-501243,2025-10-17,SKU-1008,Power Bank,Premium,Electronics,Peak Imports,Online,Yogyakarta,Card,3,64.8,0.0,194.4,194.4,106.56,87.84,2025-10,2025-10-13/2025-10-19,0.45185185185185184
ORD-501244,2025-03-24,SKU-1010,USB-C Hub,Standard,Electronics,Peak Imports,Retail Store,Bandung,Card,2,23.78,0.05,47.56,45.18,36.94,8.24,2025-03,2025-03-24/2025-03-30,0.18238158477202301
ORD-501245,2025-09-15,SKU-1004,Wireless Earbuds,Standard,Electronics,Aster Distribution,Retail Store,Surabaya,E-Wallet,2,77.45,0.0,154.9,154.9,110.94,43.96,2025-09,2025-09-15/2025-09-21,0.28379599741768885
ORD-501246,2025-08-17,SKU-1035,Monitor Stand,Standard,Office,Brightline Wholesale,Marketplace,Surabaya,E-Wallet,1,61.43,0.0,61.43,61.43,33.7,27.73,2025-08,2025-08-11/2025-08-17,0.45140810678821425
ORD-501247,2025-09-08,SKU-1012,USB-C Hub,Pro,Electronics,Nova Supply Co.,Online,Bandung,Bank Transfer,1,66.9,0.1,66.9,60.21,46.06,14.15,2025-09,2025-09-08/2025-09-14,0.23501079554891213
ORD-501248,2025-10-20,SKU-1007,Power Bank,Standard,Electronics,Nova Supply Co.,Marketplace,Yogyakarta,Card,1,127.25,0.05,127.25,120.89,81.84,39.05,2025-10,2025-10-20/2025-10-26,0.3230209281164695
ORD-501249,2025-03-06,SKU-1004,Wireless Earbuds,Standard,Electronics,Aster Distribution,Marketplace,Yogyakarta,Bank Transfer,1,77.45,0.05,77.45,73.58,55.47,18.11,2025-03,2025-03-03/2025-03-09,0.24612666485458004
ORD-501250,2025-12-21,SKU-1035,Monitor Stand,Standard,Office,Brightline Wholesale,Marketplace,Bandung,Cash,1,61.43,0.15,61.43,52.22,33.7,18.52,2025-12,2025-12-15/2025-12-21,0.35465338950593644
ORD-501251,2025-09-22,SKU-1064,Dumbbell Set,Premium,Sports,Brightline Wholesale,Marketplace,Medan,Card,1,28.95,0.0,28.95,28.95,16.15,12.8,2025-09,2025-09-22/2025-09-28,0.4421416234887738
ORD-501252,2025-06-06,SKU-1005,Wireless Earbuds,Premium,Electronics,Aster Distribution,Online,Medan,E-Wallet,1,102.99,0.0,102.99,102.99,60.73,42.26,2025-06,2025-06-02/2025-06-08,0.4103311001068065
ORD-501253,2025-03-15,SKU-1052,Yoga Mat,Premium,Sports,Peak Imports,Wholesale,Bandung,Bank Transfer,1,51.11,0.0,51.11,51.11,40.36,10.75,2025-03,2025-03-10/2025-03-16,0.21033065936216006
ORD-501254,2025-12-14,SKU-1001,Bluetooth Speaker,Standard,Electronics,Nova Supply Co.,Retail Store,Bandung,E-Wallet,1,120.16,0.1,120.16,108.14,83.77,24.37,2025-12,2025-12-08/2025-12-14,0.22535601997410765
ORD-501255,2025-03-06,SKU-1019,Electric Kettle,Standard,Home & Kitchen,Nova Supply Co.,Marketplace,Surabaya,Card,1,88.16,0.0,88.16,88.16,53.02,35.14,2025-03,2025-03-03/2025-03-09,0.3985934664246824
ORD-501256,2025-05-05,SKU-1007,Power Bank,Standard,Electronics,Nova Supply Co.,Online,Yogyakarta,Card,1,127.25,0.05,127.25,120.89,81.84,39.05,2025-05,2025-05-05/2025-05-11,0.3230209281164695
ORD-501257,2025-04-24,SKU-1019,Electric Kettle,Standard,Home & Kitchen,Nova Supply Co.,Online,Makassar,Bank Transfer,1,88.16,0.2,88.16,70.53,53.02,17.51,2025-04,2025-04-21/2025-04-27,0.24826315043244013
ORD-501258,2025-09-22,SKU-1010,USB-C Hub,Standard,Electronics,Peak Imports,Retail Store,Yogyakarta,Cash,1,23.78,0.0,23.78,23.78,18.47,5.31,2025-09,2025-09-22/2025-09-28,0.22329688814129517
ORD-501259,2025-10-02,SKU-1038,Desk Organizer,Premium,Office,Urban Source Ltd.,Marketplace,Medan,Card,1,47.71,0.1,47.71,42.94,35.03,7.91,2025-10,2025-09-29/2025-10-05,0.1842105263157895
ORD-501260,2025-02-27,SKU-1019,Electric Kettle,Standard,Home & Kitchen,Nova Supply Co.,Online,Jakarta,Bank Transfer,3,88.16,0.1,264.48,238.03,159.06,78.97,2025-02,2025-02-24/2025-03-02,0.3317649035835819
ORD-501261,2025-10-07,SKU-1022,Blender,Standard,Home & Kitchen,Peak Imports,Marketplace,Bandung,Card,1,94.62,0.0,94.62,94.62,60.77,33.85,2025-10,2025-10-06/2025-10-12,0.3577467765800042
ORD-501262,2025-10-21,SKU-1026,Desk Lamp,Premium,Home & Kitchen,Peak Imports,Marketplace,Jakarta,E-Wallet,1,42.39,0.0,42.39,42.39,31.28,11.11,2025-10,2025-10-20/2025-10-26,0.2620901155933003
ORD-501263,2025-04-21,SKU-1035,Monitor Stand,Standard,Office,Brightline Wholesale,Retail Store,Bandung,E-Wallet,1,61.43,0.05,61.43,58.36,33.7,24.66,2025-04,2025-04-21/2025-04-27,0.42254969156956823
ORD-501264,2025-12-06,SKU-1039,Office Chair,Standard,Office,Nova Supply Co.,Marketplace,Bandung,E-Wallet,1,42.18,0.0,42.18,42.18,24.47,17.71,2025-12,2025-12-01/2025-12-07,0.41986723565670936
ORD-501265,2025-01-04,SKU-1025,Desk Lamp,Standard,Home & Kitchen,Urban Source Ltd.,Marketplace,Bandung,Card,1,104.17,0.0,104.17,104.17,78.6,25.57,2025-01,2024-12-30/2025-01-05,0.2454641451473553
ORD-501266,2025-09-12,SKU-1065,Dumbbell Set,Pro,Sports,Urban Source Ltd.,Online,Jakarta,Card,2,18.33,0.0,36.66,36.66,21.52,15.14,2025-09,2025-09-08/2025-09-14,0.4129841789416258
ORD-501267,2025-12-21,SKU-1002,Bluetooth Speaker,Premium,Electronics,Nova Supply Co.,Online,Makassar,E-Wallet,1,110.05,0.1,110.05,99.04,87.34,11.7,2025-12,2025-12-15/2025-12-21,0.11813408723747978
ORD-501268,2025-05-16,SKU-1047,Hair Dryer,Standard,Beauty,Nova Supply Co.,Retail Store,Jakarta,Bank Transfer,2,52.4,0.0,104.8,104.8,83.5,21.3,2025-05,2025-05-12/2025-05-18,0.20324427480916032
ORD-501269,2025-09-16,SKU-1056,Resistance Bands,Pro,Sports,Nova Supply Co.,Retail Store,Surabaya,E-Wallet,1,37.19,0.0,37.19,37.19,21.86,15.33,2025-09,2025-09-15/2025-09-21,0.4122075826835171
ORD-501270,2025-08-16,SKU-1002,Bluetooth Speaker,Premium,Electronics,Nova Supply Co.,Online,Medan,Card,1,110.05,0.1,110.05,99.04,87.34,11.7,2025-08,2025-08-11/2025-08-17,0.11813408723747978
ORD-501271,2025-08-10,SKU-1065,Dumbbell Set,Pro,Sports,Urban Source Ltd.,Marketplace,Yogyakarta,Bank Transfer,1,18.33,0.05,18.33,17.41,10.76,6.65,2025-08,2025-08-04/2025-08-10,0.3819643882825962
ORD-501272,2025-02-24,SKU-1010,USB-C Hub,Standard,Electronics,Peak Imports,Online,Surabaya,Card,1,23.78,0.1,23.78,21.4,18.47,2.93,2025-02,2025-02-24/2025-03-02,0.1369158878504673
ORD-501273,2025-05-22,SKU-1002,Bluetooth Speaker,Premium,Electronics,Nova Supply Co.,Retail Store,Jakarta,Card,2,110.05,0.0,220.1,220.1,174.68,45.42,2025-05,2025-05-19/2025-05-25,0.20636074511585645
ORD-501274,2025-05-25,SKU-1024,Blender,Pro,Home & Kitchen,Aster Distribution,Online,Surabaya,Card,1,59.17,0.0,59.17,59.17,44.96,14.21,2025-05,2025-05-19/2025-05-25,0.24015548419807337
ORD-501275,2025-04-11,SKU-1042,Face Cleanser,Premium,Beauty,Peak Imports,Marketplace,Bandung,E-Wallet,1,31.12,0.05,31.12,29.56,25.16,4.4,2025-04,2025-04-07/2025-04-13,0.14884979702300408
ORD-501276,2025-02-26,SKU-1011,USB-C Hub,Premium,Electronics,Urban Source Ltd.,Retail Store,Medan,E-Wallet,1,116.31,0.0,116.31,116.31,63.87,52.44,2025-02,2025-02-24/2025-03-02,0.4508640701573381
ORD-501277,2025-07-26,SKU-1029,Storage Box,Premium,Home & Kitchen,Aster Distribution,Wholesale,Surabaya,Bank Transfer,1,14.45,0.05,14.45,13.73,11.48,2.25,2025-07,2025-07-21/2025-07-27,0.1638747268754552
ORD-501278,2025-07-06,SKU-1059,Water Bottle,Pro,Sports,Brightline Wholesale,Online,Jakarta,Bank Transfer,1,21.51,0.1,21.51,19.36,17.37,1.99,2025-07,2025-06-30/2025-07-06,0.10278925619834711
ORD-501279,2025-10-27,SKU-1005,Wireless Earbuds,Premium,Electronics,Aster Distribution,Marketplace,Bandung,E-Wallet,1,102.99,0.1,102.99,92.69,60.73,31.96,2025-10,2025-10-27/2025-11-02,0.34480526486136587
ORD-501280,2025-03-24,SKU-1035,Monitor Stand,Standard,Office,Brightline Wholesale,Marketplace,Bandung,E-Wallet,1,61.43,0.0,61.43,61.43,33.7,27.73,2025-03,2025-03-24/2025-03-30,0.45140810678821425
ORD-501281,2025-06-05,SKU-1009,Power Bank,Pro,Electronics,Nova Supply Co.,Marketplace,Yogyakarta,Bank Transfer,1,120.75,0.15,120.75,102.64,92.43,10.21,2025-06,2025-06-02/2025-06-08,0.0994738893219018
ORD-501282,2025-01-14,SKU-1036,Monitor Stand,Premium,Office,Nova Supply Co.,Marketplace,Jakarta,E-Wallet,1,158.85,0.15,158.85,135.02,110.27,24.75,2025-01,2025-01-13/2025-01-19,0.183306176862687
ORD-501283,2025-03-09,SKU-1021,Electric Kettle,Pro,Home & Kitchen,Aster Distribution,Online,Jakarta,Cash,3,84.19,0.15,252.57,214.68,173.79,40.89,2025-03,2025-03-03/2025-03-09,0.19046953605366126
ORD-501284,2025-03-16,SKU-1006,Wireless Earbuds,Pro,Electronics,Aster Distribution,Marketplace,Yogyakarta,Bank Transfer,1,48.0,0.0,48.0,48.0,31.91,16.09,2025-03,2025-03-10/2025-03-16,0.33520833333333333
ORD-501285,2025-02-04,SKU-1003,Bluetooth Speaker,Pro,Electronics,Brightline Wholesale,Marketplace,Bandung,Card,2,118.47,0.05,236.94,225.09,142.14,82.95,2025-02,2025-02-03/2025-02-09,0.36851925896308146
ORD-501286,2025-11-19,SKU-1005,Wireless Earbuds,Premium,Electronics,Aster Distribution,Marketplace,Jakarta,E-Wallet,3,102.99,0.0,308.97,308.97,182.19,126.78,2025-11,2025-11-17/2025-11-23,0.41033110010680646
ORD-501287,2025-10-25,SKU-1035,Monitor Stand,Standard,Office,Brightline Wholesale,Online,Jakarta,Cash,1,61.43,0.0,61.43,61.43,33.7,27.73,2025-10,2025-10-20/2025-10-26,0.45140810678821425
ORD-501288,2025-06-18,SKU-1011,USB-C Hub,Premium,Electronics,Urban Source Ltd.,Online,Surabaya,E-Wallet,1,116.31,0.1,116.31,104.68,63.87,40.81,2025-06,2025-06-16/2025-06-22,0.3898547955674436
ORD-501289,2025-06-04,SKU-1014,Mechanical Keyboard,Premium,Electronics,Nova Supply Co.,Online,Yogyakarta,E-Wallet,1,106.42,0.0,106.42,106.42,74.24,32.18,2025-06,2025-06-02/2025-06-08,0.3023867694042473
ORD-501290,2025-01-22,SKU-1035,Monitor Stand,Standard,Office,Brightline Wholesale,Marketplace,Surabaya,Bank Transfer,1,61.43,0.2,61.43,49.14,33.7,15.44,2025-01,2025-01-20/2025-01-26,0.3142043142043142
ORD-501291,2025-04-09,SKU-1046,Moisturizer,Premium,Beauty,Peak Imports,Retail Store,Jakarta,E-Wallet,3,8.32,0.15,24.96,21.22,13.77,7.45,2025-04,2025-04-07/2025-04-13,0.3510838831291235
ORD-501292,2025-05-03,SKU-1008,Power Bank,Premium,Electronics,Peak Imports,Online,Semarang,E-Wallet,2,64.8,0.1,129.6,116.64,71.04,45.6,2025-05,2025-04-28/2025-05-04,0.39094650205761317
ORD-501293,2025-12-08,SKU-1063,Dumbbell Set,Standard,Sports,Urban Source Ltd.,Marketplace,Yogyakarta,E-Wallet,1,37.4,0.05,37.4,35.53,29.68,5.85,2025-12,2025-12-08/2025-12-14,0.1646495918941739
ORD-501294,2025-08-24,SKU-1046,Moisturizer,Premium,Beauty,Peak Imports,Online,Yogyakarta,E-Wallet,1,8.32,0.1,8.32,7.49,4.59,2.9,2025-08,2025-08-18/2025-08-24,0.3871829105473965
ORD-501295,2025-06-13,SKU-1044,Sunscreen,Premium,Beauty,Nova Supply Co.,Online,Yogyakarta,E-Wallet,1,41.08,0.15,41.08,34.92,31.72,3.2,2025-06,2025-06-09/2025-06-15,0.09163802978235969
ORD-501296,2025-11-06,SKU-1009,Power Bank,Pro,Electronics,Nova Supply Co.,Marketplace,Medan,E-Wallet,2,120.75,0.05,241.5,229.42,184.86,44.56,2025-11,2025-11-03/2025-11-09,0.19422892511550868
ORD-501297,2025-05-08,SKU-1036,Monitor Stand,Premium,Office,Nova Supply Co.,Online,Jakarta,Card,1,158.85,0.0,158.85,158.85,110.27,48.58,2025-05,2025-05-05/2025-05-11,0.3058231035568146
ORD-501298,2025-09-15,SKU-1006,Wireless Earbuds,Pro,Electronics,Aster Distribution,Marketplace,Jakarta,Card,1,48.0,0.0,48.0,48.0,31.91,16.09,2025-09,2025-09-15/2025-09-21,0.33520833333333333
ORD-501299,2025-11-07,SKU-1024,Blender,Pro,Home & Kitchen,Aster Distribution,Online,Semarang,Card,1,59.17,0.2,59.17,47.34,44.96,2.38,2025-11,2025-11-03/2025-11-09,0.05027460920997042
ORD-501300,2025-11-05,SKU-1028,Storage Box,Standard,Home & Kitchen,Nova Supply Co.,Online,Yogyakarta,Bank Transfer,2,55.89,0.0,111.78,111.78,66.18,45.6,2025-11,2025-11-03/2025-11-09,0.4079441760601181
ORD-501301,2025-07-24,SKU-1045,Moisturizer,Standard,Beauty,Urban Source Ltd.,Marketplace,Surabaya,Card,2,40.7,0.15,81.4,69.19,58.84,10.35,2025-07,2025-07-21/2025-07-27,0.14958809076456137
ORD-501302,2025-05-03,SKU-1026,Desk Lamp,Premium,Home & Kitchen,Peak Imports,Online,Yogyakarta,Card,1,42.39,0.05,42.39,40.27,31.28,8.99,2025-05,2025-04-28/2025-05-04,0.22324310901415445
ORD-501303,2025-12-19,SKU-1030,Storage Box,Pro,Home & Kitchen,Urban Source Ltd.,Online,Medan,Card,2,61.88,0.15,123.76,105.2,95.9,9.3,2025-12,2025-12-15/2025-12-21,0.08840304182509506
ORD-501304,2025-12-15,SKU-1026,Desk Lamp,Premium,Home & Kitchen,Peak Imports,Marketplace,Jakarta,E-Wallet,1,42.39,0.0,42.39,42.39,31.28,11.11,2025-12,2025-12-15/2025-12-21,0.2620901155933003
ORD-501305,2025-06-03,SKU-1028,Storage Box,Standard,Home & Kitchen,Nova Supply Co.,Online,Jakarta,Card,1,55.89,0.05,55.89,53.1,33.09,20.01,2025-06,2025-06-02/2025-06-08,0.37683615819209043
ORD-501306,2025-12-11,SKU-1007,Power Bank,Standard,Electronics,Nova Supply Co.,Wholesale,Medan,E-Wallet,2,127.25,0.05,254.5,241.77,163.68,78.09,2025-12,2025-12-08/2025-12-14,0.3229929271621789
ORD-501307,2025-03-27,SKU-1043,Sunscreen,Standard,Beauty,Brightline Wholesale,Online,Semarang,E-Wallet,2,26.13,0.0,52.26,52.26,40.74,11.52,2025-03,2025-03-24/2025-03-30,0.22043628013777267
ORD-501308,2025-03-17,SKU-1044,Sunscreen,Premium,Beauty,Nova Supply Co.,Online,Jakarta,E-Wallet,1,41.08,0.0,41.08,41.08,31.72,9.36,2025-03,2025-03-17/2025-03-23,0.22784810126582278
ORD-501309,2025-05-13,SKU-1016,Air Fryer,Standard,Home & Kitchen,Aster Distribution,Wholesale,Yogyakarta,Card,1,98.91,0.1,98.91,89.02,70.38,18.64,2025-05,2025-05-12/2025-05-18,0.20939114805661652
ORD-501310,2025-04-19,SKU-1040,Office Chair,Premium,Office,Brightline Wholesale,Retail Store,Medan,Bank Transfer,2,159.4,0.0,318.8,318.8,222.84,95.96,2025-04,2025-04-14/2025-04-20,0.30100376411543284
ORD-501311,2025-03-10,SKU-1007,Power Bank,Standard,Electronics,Nova Supply Co.,Retail Store,Jakarta,E-Wallet,4,127.25,0.0,509.0,509.0,327.36,181.64,2025-03,2025-03-10/2025-03-16,0.35685658153241645
ORD-501312,2025-11-17,SKU-1036,Monitor Stand,Premium,Office,Nova Supply Co.,Online,Semarang,E-Wallet,2,158.85,0.05,317.7,301.82,220.54,81.28,2025-11,2025-11-17/2025-11-23,0.26929958253263536
ORD-501313,2025-01-25,SKU-1009,Power Bank,Pro,Electronics,Nova Supply Co.,Online,Medan,Card,1,120.75,0.1,120.75,108.68,92.43,16.25,2025-01,2025-01-20/2025-01-26,0.14952153110047847
ORD-501314,2025-10-05,SKU-1011,USB-C Hub,Premium,Electronics,Urban Source Ltd.,Online,Jakarta,Card,1,116.31,0.05,116.31,110.49,63.87,46.62,2025-10,2025-09-29/2025-10-05,0.42193863698072226
ORD-501315,2025-02-25,SKU-1063,Dumbbell Set,Standard,Sports,Urban Source Ltd.,Retail Store,Surabaya,E-Wallet,1,37.4,0.05,37.4,35.53,29.68,5.85,2025-02,2025-02-24/2025-03-02,0.1646495918941739
ORD-501316,2025-03-13,SKU-1002,Bluetooth Speaker,Premium,Electronics,Nova Supply Co.,Online,Jakarta,E-Wallet,2,110.05,0.05,220.1,209.1,174.68,34.42,2025-03,2025-03-10/2025-03-16,0.1646102343376375
ORD-501317,2025-06-28,SKU-1009,Power Bank,Pro,Electronics,Nova Supply Co.,Marketplace,Jakarta,Bank Transfer,1,120.75,0.0,120.75,120.75,92.43,28.32,2025-06,2025-06-23/2025-06-29,0.23453416149068324
ORD-501318,2025-12-12,SKU-1042,Face Cleanser,Premium,Beauty,Peak Imports,Marketplace,Jakarta,E-Wallet,1,31.12,0.1,31.12,28.01,25.16,2.85,2025-12,2025-12-08/2025-12-14,0.1017493752231346
ORD-501319,2025-05-31,SKU-1002,Bluetooth Speaker,Premium,Electronics,Nova Supply Co.,Online,Medan,Bank Transfer,1,110.05,0.0,110.05,110.05,87.34,22.71,2025-05,2025-05-26/2025-06-01,0.20636074511585645
ORD-501320,2025-10-13,SKU-1008,Power Bank,Premium,Electronics,Peak Imports,Retail Store,Makassar,E-Wallet,1,64.8,0.05,64.8,61.56,35.52,26.04,2025-10,2025-10-13/2025-10-19,0.42300194931773877
ORD-501321,2025-04-26,SKU-1035,Monitor Stand,Standard,Office,Brightline Wholesale,Marketplace,Bandung,Card,1,61.43,0.05,61.43,58.36,33.7,24.66,2025-04,2025-04-21/2025-04-27,0.42254969156956823
ORD-501322,2025-02-09,SKU-1057,Water Bottle,Standard,Sports,Nova Supply Co.,Marketplace,Jakarta,Bank Transfer,1,33.1,0.05,33.1,31.44,18.31,13.13,2025-02,2025-02-03/2025-02-09,0.4176208651399491
ORD-501323,2025-09-13,SKU-1056,Resistance Bands,Pro,Sports,Nova Supply Co.,Retail Store,Bandung,E-Wallet,1,37.19,0.0,37.19,37.19,21.86,15.33,2025-09,2025-09-08/2025-09-14,0.4122075826835171
ORD-501324,2025-11-29,SKU-1028,Storage Box,Standard,Home & Kitchen,Nova Supply Co.,Retail Store,Makassar,Bank Transfer,2,55.89,0.0,111.78,111.78,66.18,45.6,2025-11,2025-11-24/2025-11-30,0.4079441760601181
ORD-501325,2025-01-20,SKU-1015,Mechanical Keyboard,Pro,Electronics,Aster Distribution,Online,Jakarta,E-Wallet,1,110.43,0.1,110.43,99.39,80.89,18.5,2025-01,2025-01-20/2025-01-26,0.18613542609920514
ORD-501326,2025-04-14,SKU-1047,Hair Dryer,Standard,Beauty,Nova Supply Co.,Online,Yogyakarta,Card,1,52.4,0.1,52.4,47.16,41.75,5.41,2025-04,2025-04-14/2025-04-20,0.11471586089906702
ORD-501327,2025-12-03,SKU-1046,Moisturizer,Premium,Beauty,Peak Imports,Retail Store,Bandung,Card,1,8.32,0.15,8.32,7.07,4.59,2.48,2025-12,2025-12-01/2025-12-07,0.3507779349363508
ORD-501328,2025-03-24,SKU-1048,Hair Dryer,Premium,Beauty,Urban Source Ltd.,Marketplace,Makassar,E-Wallet,3,35.46,0.15,106.38,90.42,59.31,31.11,2025-03,2025-03-24/2025-03-30,0.3440610484406105
ORD-501329,2025-10-19,SKU-1065,Dumbbell Set,Pro,Sports,Urban Source Ltd.,Online,Jakarta,E-Wallet,1,18.33,0.0,18.33,18.33,10.76,7.57,2025-10,2025-10-13/2025-10-19,0.4129841789416258
ORD-501330,2025-05-27,SKU-1053,Yoga Mat,Pro,Sports,Brightline Wholesale,Marketplace,Bandung,E-Wallet,1,30.37,0.0,30.37,30.37,19.3,11.07,2025-05,2025-05-26/2025-06-01,0.3645044451761607
ORD-501331,2025-06-04,SKU-1027,Desk Lamp,Pro,Home & Kitchen,Brightline Wholesale,Online,Semarang,Card,2,72.16,0.1,144.32,129.89,86.66,43.23,2025-06,2025-06-02/2025-06-08,0.33282007852798523
ORD-501332,2025-05-07,SKU-1057,Water Bottle,Standard,Sports,Nova Supply Co.,Retail Store,Surabaya,E-Wallet,1,33.1,0.1,33.1,29.79,18.31,11.48,2025-05,2025-05-05/2025-05-11,0.38536421617992617
ORD-501333,2025-06-17,SKU-1014,Mechanical Keyboard,Premium,Electronics,Nova Supply Co.,Online,Semarang,Bank Transfer,1,106.42,0.15,106.42,90.46,74.24,16.22,2025-06,2025-06-16/2025-06-22,0.17930577050630112
ORD-501334,2025-01-08,SKU-1057,Water Bottle,Standard,Sports,Nova Supply Co.,Online,Makassar,E-Wallet,1,33.1,0.05,33.1,31.44,18.31,13.13,2025-01,2025-01-06/2025-01-12,0.4176208651399491
ORD-501335,2025-04-03,SKU-1035,Monitor Stand,Standard,Office,Brightline Wholesale,Online,Medan,Card,3,61.43,0.0,184.29,184.29,101.1,83.19,2025-04,2025-03-31/2025-04-06,0.45140810678821425
ORD-501336,2025-06-22,SKU-1057,Water Bottle,Standard,Sports,Nova Supply Co.,Online,Bandung,Bank Transfer,2,33.1,0.0,66.2,66.2,36.62,29.58,2025-06,2025-06-16/2025-06-22,0.4468277945619335
ORD-501337,2025-11-25,SKU-1035,Monitor Stand,Standard,Office,Brightline Wholesale,Marketplace,Yogyakarta,E-Wallet,1,61.43,0.0,61.43,61.43,33.7,27.73,2025-11,2025-11-24/2025-11-30,0.45140810678821425
ORD-501338,2025-12-11,SKU-1050,Makeup Brush Set,Premium,Beauty,Peak Imports,Retail Store,Surabaya,Bank Transfer,1,37.2,0.1,37.2,33.48,25.93,7.55,2025-12,2025-12-08/2025-12-14,0.22550776583034648
ORD-501339,2025-11-27,SKU-1018,Air Fryer,Pro,Home & Kitchen,Peak Imports,Online,Jakarta,E-Wallet,3,12.8,0.0,38.4,38.4,23.04,15.36,2025-11,2025-11-24/2025-11-30,0.4
ORD-501340,2025-08-26,SKU-1020,Electric Kettle,Premium,Home & Kitchen,Peak Imports,Online,Medan,Bank Transfer,4,73.42,0.0,293.68,293.68,229.32,64.36,2025-08,2025-08-25/2025-08-31,0.2191500953418687
ORD-501341,2025-04-09,SKU-1005,Wireless Earbuds,Premium,Electronics,Aster Distribution,Marketplace,Jakarta,Cash,1,102.99,0.2,102.99,82.39,60.73,21.66,2025-04,2025-04-07/2025-04-13,0.26289598252215074
ORD-501342,2025-01-10,SKU-1002,Bluetooth Speaker,Premium,Electronics,Nova Supply Co.,Online,Jakarta,Card,1,110.05,0.0,110.05,110.05,87.34,22.71,2025-01,2025-01-06/2025-01-12,0.20636074511585645
ORD-501343,2025-06-19,SKU-1030,Storage Box,Pro,Home & Kitchen,Urban Source Ltd.,Retail Store,Surabaya,Card,2,61.88,0.15,123.76,105.2,95.9,9.3,2025-06,2025-06-16/2025-06-22,0.08840304182509506
ORD-501344,2025-02-14,SKU-1060,Running Belt,Standard,Sports,Nova Supply Co.,Online,Jakarta,Card,1,84.42,0.0,84.42,84.42,48.15,36.27,2025-02,2025-02-10/2025-02-16,0.42963752665245203
ORD-501345,2025-01-26,SKU-1035,Monitor Stand,Standard,Office,Brightline Wholesale,Online,Yogyakarta,E-Wallet,2,61.43,0.0,122.86,122.86,67.4,55.46,2025-01,2025-01-20/2025-01-26,0.45140810678821425
ORD-501346,2025-11-05,SKU-1012,USB-C Hub,Pro,Electronics,Nova Supply Co.,Marketplace,Semarang,E-Wallet,3,66.9,0.0,200.7,200.7,138.18,62.52,2025-11,2025-11-03/2025-11-09,0.31150971599402094
ORD-501347,2025-02-20,SKU-1008,Power Bank,Premium,Electronics,Peak Imports,Wholesale,Yogyakarta,E-Wallet,2,64.8,0.0,129.6,129.6,71.04,58.56,2025-02,2025-02-17/2025-02-23,0.4518518518518519
ORD-501348,2025-05-20,SKU-1021,Electric Kettle,Pro,Home & Kitchen,Aster Distribution,Online,Jakarta,E-Wallet,1,84.19,0.15,84.19,71.56,57.93,13.63,2025-05,2025-05-19/2025-05-25,0.19046953605366126
ORD-501349,2025-08-07,SKU-1035,Monitor Stand,Standard,Office,Brightline Wholesale,Retail Store,Bandung,Card,1,61.43,0.05,61.43,58.36,33.7,24.66,2025-08,2025-08-04/2025-08-10,0.42254969156956823
ORD-501350,2025-06-09,SKU-1043,Sunscreen,Standard,Beauty,Brightline Wholesale,Marketplace,Surabaya,Card,1,26.13,0.05,26.13,24.82,20.37,4.45,2025-06,2025-06-09/2025-06-15,0.17929089443996776
ORD-501351,2025-04-08,SKU-1036,Monitor Stand,Premium,Office,Nova Supply Co.,Online,Jakarta,Card,1,158.85,0.1,158.85,142.96,110.27,32.69,2025-04,2025-04-07/2025-04-13,0.22866536094012307
ORD-501352,2025-08-10,SKU-1063,Dumbbell Set,Standard,Sports,Urban Source Ltd.,Online,Jakarta,Cash,2,37.4,0.05,74.8,71.06,59.36,11.7,2025-08,2025-08-04/2025-08-10,0.1646495918941739
ORD-501353,2025-08-11,SKU-1029,Storage Box,Premium,Home & Kitchen,Aster Distribution,Retail Store,Bandung,E-Wallet,1,14.45,0.0,14.45,14.45,11.48,2.97,2025-08,2025-08-11/2025-08-17,0.2055363321799308
ORD-501354,2025-10-01,SKU-1057,Water Bottle,Standard,Sports,Nova Supply Co.,Marketplace,Surabaya,Bank Transfer,1,33.1,0.0,33.1,33.1,18.31,14.79,2025-10,2025-09-29/2025-10-05,0.4468277945619335
ORD-501355,2025-09-29,SKU-1054,Resistance Bands,Standard,Sports,Peak Imports,Online,Jakarta,Card,4,67.42,0.0,269.68,269.68,213.0,56.68,2025-09,2025-09-29/2025-10-05,0.21017502224859091
ORD-501356,2025-09-10,SKU-1014,Mechanical Keyboard,Premium,Electronics,Nova Supply Co.,Retail Store,Yogyakarta,E-Wallet,1,106.42,0.0,106.42,106.42,74.24,32.18,2025-09,2025-09-08/2025-09-14,0.3023867694042473
ORD-501357,2025-07-20,SKU-1014,Mechanical Keyboard,Premium,Electronics,Nova Supply Co.,Wholesale,Bandung,E-Wallet,1,106.42,0.1,106.42,95.78,74.24,21.54,2025-07,2025-07-14/2025-07-20,0.22489037377323032
ORD-501358,2025-01-07,SKU-1057,Water Bottle,Standard,Sports,Nova Supply Co.,Online,Yogyakarta,E-Wallet,1,33.1,0.0,33.1,33.1,18.31,14.79,2025-01,2025-01-06/2025-01-12,0.4468277945619335
ORD-501359,2025-04-22,SKU-1014,Mechanical Keyboard,Premium,Electronics,Nova Supply Co.,Online,Bandung,Card,1,106.42,0.0,106.42,106.42,74.24,32.18,2025-04,2025-04-21/2025-04-27,0.3023867694042473
ORD-501360,2025-01-04,SKU-1007,Power Bank,Standard,Electronics,Nova Supply Co.,Online,Bandung,Cash,1,127.25,0.15,127.25,108.16,81.84,26.32,2025-01,2024-12-30/2025-01-05,0.2433431952662722
ORD-501361,2025-12-10,SKU-1055,Resistance Bands,Premium,Sports,Aster Distribution,Retail Store,Yogyakarta,Bank Transfer,2,26.5,0.0,53.0,53.0,42.9,10.1,2025-12,2025-12-08/2025-12-14,0.19056603773584904
ORD-501362,2025-03-31,SKU-1059,Water Bottle,Pro,Sports,Brightline Wholesale,Retail Store,Medan,Bank Transfer,1,21.51,0.05,21.51,20.43,17.37,3.06,2025-03,2025-03-31/2025-04-06,0.14977973568281938
ORD-501363,2025-05-16,SKU-1042,Face Cleanser,Premium,Beauty,Peak Imports,Wholesale,Medan,Bank Transfer,1,31.12,0.15,31.12,26.45,25.16,1.29,2025-05,2025-05-12/2025-05-18,0.048771266540642726
ORD-501364,2025-03-15,SKU-1053,Yoga Mat,Pro,Sports,Brightline Wholesale,Retail Store,Yogyakarta,E-Wallet,1,30.37,0.0,30.37,30.37,19.3,11.07,2025-03,2025-03-10/2025-03-16,0.3645044451761607
ORD-501365,2025-12-05,SKU-1024,Blender,Pro,Home & Kitchen,Aster Distribution,Marketplace,Medan,Card,1,59.17,0.0,59.17,59.17,44.96,14.21,2025-12,2025-12-01/2025-12-07,0.24015548419807337
ORD-501366,2025-09-14,SKU-1036,Monitor Stand,Premium,Office,Nova Supply Co.,Online,Jakarta,E-Wallet,1,158.85,0.0,158.85,158.85,110.27,48.58,2025-09,2025-09-08/2025-09-14,0.3058231035568146
ORD-501367,2025-04-20,SKU-1018,Air Fryer,Pro,Home & Kitchen,Peak Imports,Wholesale,Semarang,Card,1,12.8,0.2,12.8,10.24,7.68,2.56,2025-04,2025-04-14/2025-04-20,0.25
ORD-501368,2025-01-10,SKU-1032,Notebook,Premium,Office,Brightline Wholesale,Online,Yogyakarta,E-Wallet,1,86.3,0.0,86.3,86.3,63.48,22.82,2025-01,2025-01-06/2025-01-12,0.2644264194669757
ORD-501369,2025-02-18,SKU-1053,Yoga Mat,Pro,Sports,Brightline Wholesale,Online,Yogyakarta,Card,1,30.37,0.0,30.37,30.37,19.3,11.07,2025-02,2025-02-17/2025-02-23,0.3645044451761607
ORD-501370,2025-08-07,SKU-1008,Power Bank,Premium,Electronics,Peak Imports,Online,Semarang,Bank Transfer,2,64.8,0.0,129.6,129.6,71.04,58.56,2025-08,2025-08-04/2025-08-10,0.4518518518518519
ORD-501371,2025-09-20,SKU-1028,Storage Box,Standard,Home & Kitchen,Nova Supply Co.,Online,Yogyakarta,E-Wallet,1,55.89,0.15,55.89,47.51,33.09,14.42,2025-09,2025-09-15/2025-09-21,0.3035150494632709
ORD-501372,2025-09-19,SKU-1019,Electric Kettle,Standard,Home & Kitchen,Nova Supply Co.,Online,Yogyakarta,Card,1,88.16,0.05,88.16,83.75,53.02,30.73,2025-09,2025-09-15/2025-09-21,0.3669253731343284
ORD-501373,2025-08-23,SKU-1026,Desk Lamp,Premium,Home & Kitchen,Peak Imports,Wholesale,Semarang,Cash,2,42.39,0.0,84.78,84.78,62.56,22.22,2025-08,2025-08-18/2025-08-24,0.2620901155933003
ORD-501374,2025-09-07,SKU-1040,Office Chair,Premium,Office,Brightline Wholesale,Marketplace,Jakarta,Bank Transfer,2,159.4,0.05,318.8,302.86,222.84,80.02,2025-09,2025-09-01/2025-09-07,0.2642144885425609
ORD-501375,2025-01-15,SKU-1021,Electric Kettle,Pro,Home & Kitchen,Aster Distribution,Retail Store,Jakarta,Card,3,84.19,0.15,252.57,214.68,173.79,40.89,2025-01,2025-01-13/2025-01-19,0.19046953605366126
ORD-501376,2025-10-28,SKU-1028,Storage Box,Standard,Home & Kitchen,Nova Supply Co.,Online,Medan,Card,1,55.89,0.0,55.89,55.89,33.09,22.8,2025-10,2025-10-27/2025-11-02,0.4079441760601181
ORD-501377,2025-03-12,SKU-1027,Desk Lamp,Pro,Home & Kitchen,Brightline Wholesale,Online,Yogyakarta,Bank Transfer,1,72.16,0.0,72.16,72.16,43.33,28.83,2025-03,2025-03-10/2025-03-16,0.3995288248337029
ORD-501378,2025-11-22,SKU-1046,Moisturizer,Premium,Beauty,Peak Imports,Marketplace,Medan,Bank Transfer,2,8.32,0.05,16.64,15.81,9.18,6.63,2025-11,2025-11-17/2025-11-23,0.4193548387096774
ORD-501379,2025-06-25,SKU-1027,Desk Lamp,Pro,Home & Kitchen,Brightline Wholesale,Marketplace,Jakarta,E-Wallet,1,72.16,0.0,72.16,72.16,43.33,28.83,2025-06,2025-06-23/2025-06-29,0.3995288248337029
ORD-501380,2025-12-24,SKU-1036,Monitor Stand,Premium,Office,Nova Supply Co.,Marketplace,Surabaya,Cash,2,158.85,0.15,317.7,270.04,220.54,49.5,2025-12,2025-12-22/2025-12-28,0.183306176862687
ORD-501381,2025-11-19,SKU-1036,Monitor Stand,Premium,Office,Nova Supply Co.,Retail Store,Yogyakarta,E-Wallet,2,158.85,0.15,317.7,270.04,220.54,49.5,2025-11,2025-11-17/2025-11-23,0.183306176862687
ORD-501382,2025-04-24,SKU-1026,Desk Lamp,Premium,Home & Kitchen,Peak Imports,Wholesale,Yogyakarta,Card,1,42.39,0.0,42.39,42.39,31.28,11.11,2025-04,2025-04-21/2025-04-27,0.2620901155933003
ORD-501383,2025-05-24,SKU-1025,Desk Lamp,Standard,Home & Kitchen,Urban Source Ltd.,Online,Medan,Card,1,104.17,0.0,104.17,104.17,78.6,25.57,2025-05,2025-05-19/2025-05-25,0.2454641451473553
ORD-501384,2025-06-02,SKU-1050,Makeup Brush Set,Premium,Beauty,Peak Imports,Retail Store,Surabaya,E-Wallet,1,37.2,0.1,37.2,33.48,25.93,7.55,2025-06,2025-06-02/2025-06-08,0.22550776583034648
ORD-501385,2025-07-19,SKU-1053,Yoga Mat,Pro,Sports,Brightline Wholesale,Marketplace,Bandung,Bank Transfer,1,30.37,0.2,30.37,24.3,19.3,5.0,2025-07,2025-07-14/2025-07-20,0.205761316872428
ORD-501386,2025-07-18,SKU-1035,Monitor Stand,Standard,Office,Brightline Wholesale,Online,Yogyakarta,Bank Transfer,2,61.43,0.0,122.86,122.86,67.4,55.46,2025-07,2025-07-14/2025-07-20,0.45140810678821425
ORD-501387,2025-04-16,SKU-1003,Bluetooth Speaker,Pro,Electronics,Brightline Wholesale,Marketplace,Semarang,Card,1,118.47,0.0,118.47,118.47,71.07,47.4,2025-04,2025-04-14/2025-04-20,0.40010129146619394
ORD-501388,2025-08-07,SKU-1036,Monitor Stand,Premium,Office,Nova Supply Co.,Online,Medan,E-Wallet,1,158.85,0.05,158.85,150.91,110.27,40.64,2025-08,2025-08-04/2025-08-10,0.26929958253263536
ORD-501389,2025-02-11,SKU-1014,Mechanical Keyboard,Premium,Electronics,Nova Supply Co.,Marketplace,Jakarta,E-Wallet,2,106.42,0.15,212.84,180.91,148.48,32.43,2025-02,2025-02-10/2025-02-16,0.1792604057266044
ORD-501390,2025-09-10,SKU-1005,Wireless Earbuds,Premium,Electronics,Aster Distribution,Online,Surabaya,E-Wallet,2,102.99,0.15,205.98,175.08,121.46,53.62,2025-09,2025-09-08/2025-09-14,0.30625999543066024
ORD-501391,2025-04-14,SKU-1002,Bluetooth Speaker,Premium,Electronics,Nova Supply Co.,Online,Surabaya,Card,1,110.05,0.15,110.05,93.54,87.34,6.2,2025-04,2025-04-14/2025-04-20,0.06628180457558264
ORD-501392,2025-05-31,SKU-1019,Electric Kettle,Standard,Home & Kitchen,Nova Supply Co.,Marketplace,Bandung,Bank Transfer,1,88.16,0.15,88.16,74.94,53.02,21.92,2025-05,2025-05-26/2025-06-01,0.29250066720042706
ORD-501393,2025-05-12,SKU-1024,Blender,Pro,Home & Kitchen,Aster Distribution,Online,Jakarta,Card,1,59.17,0.05,59.17,56.21,44.96,11.25,2025-05,2025-05-12/2025-05-18,0.20014232342999466
ORD-501394,2025-06-23,SKU-1064,Dumbbell Set,Premium,Sports,Brightline Wholesale,Marketplace,Jakarta,Card,1,28.95,0.0,28.95,28.95,16.15,12.8,2025-06,2025-06-23/2025-06-29,0.4421416234887738
ORD-501395,2025-10-31,SKU-1021,Electric Kettle,Pro,Home & Kitchen,Aster Distribution,Online,Jakarta,E-Wallet,2,84.19,0.0,168.38,168.38,115.86,52.52,2025-10,2025-10-27/2025-11-02,0.31191352892267493
ORD-501396,2025-05-25,SKU-1036,Monitor Stand,Premium,Office,Nova Supply Co.,Online,Jakarta,Cash,1,158.85,0.1,158.85,142.96,110.27,32.69,2025-05,2025-05-19/2025-05-25,0.22866536094012307
ORD-501397,2025-02-01,SKU-1046,Moisturizer,Premium,Beauty,Peak Imports,Online,Makassar,Card,2,8.32,0.15,16.64,14.14,9.18,4.96,2025-02,2025-01-27/2025-02-02,0.3507779349363508
ORD-501398,2025-07-04,SKU-1019,Electric Kettle,Standard,Home & Kitchen,Nova Supply Co.,Marketplace,Yogyakarta,Bank Transfer,2,88.16,0.05,176.32,167.5,106.04,61.46,2025-07,2025-06-30/2025-07-06,0.3669253731343284
ORD-501399,2025-02-22,SKU-1053,Yoga Mat,Pro,Sports,Brightline Wholesale,Marketplace,Semarang,Bank Transfer,1,30.37,0.05,30.37,28.85,19.3,9.55,2025-02,2025-02-17/2025-02-23,0.3310225303292894
ORD-501400,2025-08-19,SKU-1025,Desk Lamp,Standard,Home & Kitchen,Urban Source Ltd.,Online,Medan,E-Wallet,1,104.17,0.05,104.17,98.96,78.6,20.36,2025-08,2025-08-18/2025-08-24,0.20573969280517382
ORD-501401,2025-11-05,SKU-1053,Yoga Mat,Pro,Sports,Brightline Wholesale,Online,Semarang,Card,1,30.37,0.0,30.37,30.37,19.3,11.07,2025-11,2025-11-03/2025-11-09,0.3645044451761607
ORD-501402,2025-05-19,SKU-1009,Power Bank,Pro,Electronics,Nova Supply Co.,Retail Store,Surabaya,E-Wallet,1,120.75,0.0,120.75,120.75,92.43,28.32,2025-05,2025-05-19/2025-05-25,0.23453416149068324
ORD-501403,2025-02-07,SKU-1010,USB-C Hub,Standard,Electronics,Peak Imports,Online,Bandung,E-Wallet,1,23.78,0.0,23.78,23.78,18.47,5.31,2025-02,2025-02-03/2025-02-09,0.22329688814129517
ORD-501404,2025-02-08,SKU-1064,Dumbbell Set,Premium,Sports,Brightline Wholesale,Marketplace,Yogyakarta,Card,1,28.95,0.15,28.95,24.61,16.15,8.46,2025-02,2025-02-03/2025-02-09,0.34376269809020726
ORD-501405,2025-04-28,SKU-1035,Monitor Stand,Standard,Office,Brightline Wholesale,Online,Jakarta,Bank Transfer,1,61.43,0.0,61.43,61.43,33.7,27.73,2025-04,2025-04-28/2025-05-04,0.45140810678821425
ORD-501406,2025-06-28,SKU-1036,Monitor Stand,Premium,Office,Nova Supply Co.,Wholesale,Jakarta,E-Wallet,2,158.85,0.05,317.7,301.82,220.54,81.28,2025-06,2025-06-23/2025-06-29,0.26929958253263536
ORD-501407,2025-08-01,SKU-1064,Dumbbell Set,Premium,Sports,Brightline Wholesale,Marketplace,Jakarta,Bank Transfer,1,28.95,0.0,28.95,28.95,16.15,12.8,2025-08,2025-07-28/2025-08-03,0.4421416234887738
ORD-501408,2025-08-14,SKU-1037,Desk Organizer,Standard,Office,Nova Supply Co.,Online,Semarang,E-Wallet,4,24.82,0.15,99.28,84.39,56.32,28.07,2025-08,2025-08-11/2025-08-17,0.3326223486195047
ORD-501409,2025-09-23,SKU-1046,Moisturizer,Premium,Beauty,Peak Imports,Marketplace,Yogyakarta,E-Wallet,1,8.32,0.05,8.32,7.9,4.59,3.31,2025-09,2025-09-22/2025-09-28,0.4189873417721519
ORD-501410,2025-09-14,SKU-1011,USB-C Hub,Premium,Electronics,Urban Source Ltd.,Online,Medan,Card,1,116.31,0.0,116.31,116.31,63.87,52.44,2025-09,2025-09-08/2025-09-14,0.4508640701573381
ORD-501411,2025-05-23,SKU-1023,Blender,Premium,Home & Kitchen,Urban Source Ltd.,Online,Makassar,E-Wallet,2,72.39,0.0,144.78,144.78,106.4,38.38,2025-05,2025-05-19/2025-05-25,0.2650918635170604
ORD-501412,2025-12-15,SKU-1020,Electric Kettle,Premium,Home & Kitchen,Peak Imports,Marketplace,Medan,Bank Transfer,1,73.42,0.0,73.42,73.42,57.33,16.09,2025-12,2025-12-15/2025-12-21,0.2191500953418687
ORD-501413,2025-03-22,SKU-1059,Water Bottle,Pro,Sports,Brightline Wholesale,Online,Jakarta,Card,1,21.51,0.0,21.51,21.51,17.37,4.14,2025-03,2025-03-17/2025-03-23,0.1924686192468619
ORD-501414,2025-02-11,SKU-1021,Electric Kettle,Pro,Home & Kitchen,Aster Distribution,Online,Bandung,Card,1,84.19,0.0,84.19,84.19,57.93,26.26,2025-02,2025-02-10/2025-02-16,0.31191352892267493
ORD-501415,2025-06-24,SKU-1042,Face Cleanser,Premium,Beauty,Peak Imports,Marketplace,Bandung,E-Wallet,1,31.12,0.05,31.12,29.56,25.16,4.4,2025-06,2025-06-23/2025-06-29,0.14884979702300408
ORD-501416,2025-08-25,SKU-1012,USB-C Hub,Pro,Electronics,Nova Supply Co.,Retail Store,Bandung,E-Wallet,1,66.9,0.0,66.9,66.9,46.06,20.84,2025-08,2025-08-25/2025-08-31,0.3115097159940209
ORD-501417,2025-11-24,SKU-1006,Wireless Earbuds,Pro,Electronics,Aster Distribution,Wholesale,Surabaya,Card,1,48.0,0.0,48.0,48.0,31.91,16.09,2025-11,2025-11-24/2025-11-30,0.33520833333333333
ORD-501418,2025-04-30,SKU-1061,Running Belt,Premium,Sports,Aster Distribution,Online,Semarang,E-Wallet,3,76.7,0.0,230.1,230.1,131.13,98.97,2025-04,2025-04-28/2025-05-04,0.4301173402868318
ORD-501419,2025-09-14,SKU-1036,Monitor Stand,Premium,Office,Nova Supply Co.,Wholesale,Semarang,Card,1,158.85,0.0,158.85,158.85,110.27,48.58,2025-09,2025-09-08/2025-09-14,0.3058231035568146
ORD-501420,2025-04-07,SKU-1011,USB-C Hub,Premium,Electronics,Urban Source Ltd.,Online,Jakarta,Card,1,116.31,0.0,116.31,116.31,63.87,52.44,2025-04,2025-04-07/2025-04-13,0.4508640701573381
ORD-501421,2025-10-31,SKU-1036,Monitor Stand,Premium,Office,Nova Supply Co.,Retail Store,Medan,Card,3,158.85,0.0,476.55,476.55,330.81,145.74,2025-10,2025-10-27/2025-11-02,0.30582310355681463
ORD-501422,2025-12-05,SKU-1042,Face Cleanser,Premium,Beauty,Peak Imports,Online,Makassar,Card,1,31.12,0.1,31.12,28.01,25.16,2.85,2025-12,2025-12-01/2025-12-07,0.1017493752231346
ORD-501423,2025-04-08,SKU-1065,Dumbbell Set,Pro,Sports,Urban Source Ltd.,Online,Jakarta,E-Wallet,1,18.33,0.1,18.33,16.5,10.76,5.74,2025-04,2025-04-07/2025-04-13,0.3478787878787879
ORD-501424,2025-09-30,SKU-1041,Face Cleanser,Standard,Beauty,Brightline Wholesale,Retail Store,Bandung,Card,2,40.88,0.1,81.76,73.58,52.16,21.42,2025-09,2025-09-29/2025-10-05,0.29111171513998374
ORD-501425,2025-10-24,SKU-1039,Office Chair,Standard,Office,Nova Supply Co.,Online,Medan,Card,1,42.18,0.05,42.18,40.07,24.47,15.6,2025-10,2025-10-20/2025-10-26,0.38931869228849514
ORD-501426,2025-11-20,SKU-1053,Yoga Mat,Pro,Sports,Brightline Wholesale,Retail Store,Jakarta,E-Wallet,1,30.37,0.0,30.37,30.37,19.3,11.07,2025-11,2025-11-17/2025-11-23,0.3645044451761607
ORD-501427,2025-03-23,SKU-1060,Running Belt,Standard,Sports,Nova Supply Co.,Retail Store,Bandung,E-Wallet,1,84.42,0.2,84.42,67.54,48.15,19.39,2025-03,2025-03-17/2025-03-23,0.2870891323660053
ORD-501428,2025-03-03,SKU-1046,Moisturizer,Premium,Beauty,Peak Imports,Wholesale,Medan,Card,1,8.32,0.1,8.32,7.49,4.59,2.9,2025-03,2025-03-03/2025-03-09,0.3871829105473965
ORD-501429,2025-09-08,SKU-1059,Water Bottle,Pro,Sports,Brightline Wholesale,Online,Yogyakarta,Bank Transfer,1,21.51,0.0,21.51,21.51,17.37,4.14,2025-09,2025-09-08/2025-09-14,0.1924686192468619
ORD-501430,2025-08-24,SKU-1044,Sunscreen,Premium,Beauty,Nova Supply Co.,Online,Medan,E-Wallet,1,41.08,0.05,41.08,39.03,31.72,7.31,2025-08,2025-08-18/2025-08-24,0.1872918267998975
ORD-501431,2025-04-17,SKU-1053,Yoga Mat,Pro,Sports,Brightline Wholesale,Marketplace,Medan,E-Wallet,2,30.37,0.1,60.74,54.67,38.6,16.07,2025-04,2025-04-14/2025-04-20,0.2939454911285897
ORD-501432,2025-08-06,SKU-1057,Water Bottle,Standard,Sports,Nova Supply Co.,Marketplace,Bandung,E-Wallet,1,33.1,0.2,33.1,26.48,18.31,8.17,2025-08,2025-08-04/2025-08-10,0.3085347432024169
ORD-501433,2025-05-19,SKU-1046,Moisturizer,Premium,Beauty,Peak Imports,Marketplace,Makassar,E-Wallet,1,8.32,0.0,8.32,8.32,4.59,3.73,2025-05,2025-05-19/2025-05-25,0.44831730769230765
ORD-501434,2025-02-13,SKU-1022,Blender,Standard,Home & Kitchen,Peak Imports,Online,Jakarta,Card,3,94.62,0.0,283.86,283.86,182.31,101.55,2025-02,2025-02-10/2025-02-16,0.3577467765800042
ORD-501435,2025-05-02,SKU-1024,Blender,Pro,Home & Kitchen,Aster Distribution,Online,Yogyakarta,Bank Transfer,1,59.17,0.05,59.17,56.21,44.96,11.25,2025-05,2025-04-28/2025-05-04,0.20014232342999466
ORD-501436,2025-03-06,SKU-1010,USB-C Hub,Standard,Electronics,Peak Imports,Online,Surabaya,Card,1,23.78,0.05,23.78,22.59,18.47,4.12,2025-03,2025-03-03/2025-03-09,0.18238158477202301
ORD-501437,2025-09-26,SKU-1012,USB-C Hub,Pro,Electronics,Nova Supply Co.,Retail Store,Yogyakarta,E-Wallet,3,66.9,0.05,200.7,190.66,138.18,52.48,2025-09,2025-09-22/2025-09-28,0.2752543795237596
ORD-501438,2025-10-10,SKU-1056,Resistance Bands,Pro,Sports,Nova Supply Co.,Online,Surabaya,Card,1,37.19,0.1,37.19,33.47,21.86,11.61,2025-10,2025-10-06/2025-10-12,0.3468778010158351
ORD-501439,2025-01-02,SKU-1063,Dumbbell Set,Standard,Sports,Urban Source Ltd.,Online,Jakarta,E-Wallet,1,37.4,0.1,37.4,33.66,29.68,3.98,2025-01,2024-12-30/2025-01-05,0.11824123588829473
ORD-501440,2025-09-15,SKU-1036,Monitor Stand,Premium,Office,Nova Supply Co.,Online,Medan,E-Wallet,1,158.85,0.0,158.85,158.85,110.27,48.58,2025-09,2025-09-15/2025-09-21,0.3058231035568146
ORD-501441,2025-01-29,SKU-1007,Power Bank,Standard,Electronics,Nova Supply Co.,Online,Makassar,E-Wallet,1,127.25,0.15,127.25,108.16,81.84,26.32,2025-01,2025-01-27/2025-02-02,0.2433431952662722
ORD-501442,2025-01-02,SKU-1053,Yoga Mat,Pro,Sports,Brightline Wholesale,Online,Jakarta,E-Wallet,2,30.37,0.1,60.74,54.67,38.6,16.07,2025-01,2024-12-30/2025-01-05,0.2939454911285897
ORD-501443,2025-07-12,SKU-1049,Makeup Brush Set,Standard,Beauty,Nova Supply Co.,Online,Makassar,Cash,2,34.46,0.15,68.92,58.58,51.36,7.22,2025-07,2025-07-07/2025-07-13,0.12325025606008877
ORD-501444,2025-05-23,SKU-1033,Gel Pen Set,Standard,Office,Aster Distribution,Retail Store,Semarang,Card,2,82.15,0.05,164.3,156.08,130.7,25.38,2025-05,2025-05-19/2025-05-25,0.16260891850333162
ORD-501445,2025-11-02,SKU-1001,Bluetooth Speaker,Standard,Electronics,Nova Supply Co.,Retail Store,Makassar,E-Wallet,2,120.16,0.2,240.32,192.26,167.54,24.72,2025-11,2025-10-27/2025-11-02,0.12857588681993135
ORD-501446,2025-10-24,SKU-1046,Moisturizer,Premium,Beauty,Peak Imports,Retail Store,Jakarta,Card,1,8.32,0.2,8.32,6.66,4.59,2.07,2025-10,2025-10-20/2025-10-26,0.3108108108108108
ORD-501447,2025-07-05,SKU-1002,Bluetooth Speaker,Premium,Electronics,Nova Supply Co.,Marketplace,Medan,Card,1,110.05,0.2,110.05,88.04,87.34,0.7,2025-07,2025-06-30/2025-07-06,0.007950931394820535
ORD-501448,2025-05-20,SKU-1020,Electric Kettle,Premium,Home & Kitchen,Peak Imports,Marketplace,Jakarta,Card,1,73.42,0.0,73.42,73.42,57.33,16.09,2025-05,2025-05-19/2025-05-25,0.2191500953418687
ORD-501449,2025-03-19,SKU-1013,Mechanical Keyboard,Standard,Electronics,Nova Supply Co.,Online,Surabaya,Card,1,35.15,0.15,35.15,29.88,24.14,5.74,2025-03,2025-03-17/2025-03-23,0.19210174029451138
ORD-501450,2025-07-10,SKU-1012,USB-C Hub,Pro,Electronics,Nova Supply Co.,Online,Jakarta,Bank Transfer,1,66.9,0.0,66.9,66.9,46.06,20.84,2025-07,2025-07-07/2025-07-13,0.3115097159940209
ORD-501451,2025-07-14,SKU-1006,Wireless Earbuds,Pro,Electronics,Aster Distribution,Marketplace,Jakarta,Card,2,48.0,0.15,96.0,81.6,63.82,17.78,2025-07,2025-07-14/2025-07-20,0.21789215686274513
ORD-501452,2025-03-02,SKU-1040,Office Chair,Premium,Office,Brightline Wholesale,Marketplace,Bandung,Card,1,159.4,0.0,159.4,159.4,111.42,47.98,2025-03,2025-02-24/2025-03-02,0.30100376411543284
ORD-501453,2025-06-16,SKU-1063,Dumbbell Set,Standard,Sports,Urban Source Ltd.,Retail Store,Yogyakarta,E-Wallet,1,37.4,0.0,37.4,37.4,29.68,7.72,2025-06,2025-06-16/2025-06-22,0.20641711229946524
ORD-501454,2025-03-26,SKU-1016,Air Fryer,Standard,Home & Kitchen,Aster Distribution,Retail Store,Bandung,Bank Transfer,4,98.91,0.0,395.64,395.64,281.52,114.12,2025-03,2025-03-24/2025-03-30,0.28844404003639673
ORD-501455,2025-07-14,SKU-1007,Power Bank,Standard,Electronics,Nova Supply Co.,Wholesale,Jakarta,Bank Transfer,1,127.25,0.15,127.25,108.16,81.84,26.32,2025-07,2025-07-14/2025-07-20,0.2433431952662722
ORD-501456,2025-05-15,SKU-1035,Monitor Stand,Standard,Office,Brightline Wholesale,Online,Surabaya,Card,1,61.43,0.0,61.43,61.43,33.7,27.73,2025-05,2025-05-12/2025-05-18,0.45140810678821425
ORD-501457,2025-11-13,SKU-1003,Bluetooth Speaker,Pro,Electronics,Brightline Wholesale,Retail Store,Yogyakarta,Bank Transfer,1,118.47,0.1,118.47,106.62,71.07,35.55,2025-11,2025-11-10/2025-11-16,0.33342712436691047
ORD-501458,2025-01-05,SKU-1026,Desk Lamp,Premium,Home & Kitchen,Peak Imports,Online,Makassar,Card,2,42.39,0.1,84.78,76.3,62.56,13.74,2025-01,2024-12-30/2025-01-05,0.1800786369593709
ORD-501459,2025-10-13,SKU-1033,Gel Pen Set,Standard,Office,Aster Distribution,Retail Store,Surabaya,Bank Transfer,2,82.15,0.05,164.3,156.08,130.7,25.38,2025-10,2025-10-13/2025-10-19,0.16260891850333162
ORD-501460,2025-03-21,SKU-1065,Dumbbell Set,Pro,Sports,Urban Source Ltd.,Online,Surabaya,Bank Transfer,1,18.33,0.2,18.33,14.66,10.76,3.9,2025-03,2025-03-17/2025-03-23,0.2660300136425648
ORD-501461,2025-10-05,SKU-1053,Yoga Mat,Pro,Sports,Brightline Wholesale,Marketplace,Yogyakarta,E-Wallet,1,30.37,0.05,30.37,28.85,19.3,9.55,2025-10,2025-09-29/2025-10-05,0.3310225303292894
ORD-501462,2025-10-23,SKU-1050,Makeup Brush Set,Premium,Beauty,Peak Imports,Marketplace,Bandung,E-Wallet,1,37.2,0.0,37.2,37.2,25.93,11.27,2025-10,2025-10-20/2025-10-26,0.3029569892473118
ORD-501463,2025-12-24,SKU-1035,Monitor Stand,Standard,Office,Brightline Wholesale,Marketplace,Jakarta,Cash,2,61.43,0.1,122.86,110.57,67.4,43.17,2025-12,2025-12-22/2025-12-28,0.39043140092249257
ORD-501464,2025-04-30,SKU-1029,Storage Box,Premium,Home & Kitchen,Aster Distribution,Marketplace,Jakarta,E-Wallet,1,14.45,0.0,14.45,14.45,11.48,2.97,2025-04,2025-04-28/2025-05-04,0.2055363321799308
ORD-501465,2025-10-13,SKU-1014,Mechanical Keyboard,Premium,Electronics,Nova Supply Co.,Online,Yogyakarta,Bank Transfer,1,106.42,0.0,106.42,106.42,74.24,32.18,2025-10,2025-10-13/2025-10-19,0.3023867694042473
ORD-501466,2025-01-04,SKU-1002,Bluetooth Speaker,Premium,Electronics,Nova Supply Co.,Online,Jakarta,E-Wallet,1,110.05,0.05,110.05,104.55,87.34,17.21,2025-01,2024-12-30/2025-01-05,0.1646102343376375
ORD-501467,2025-02-27,SKU-1062,Running Belt,Pro,Sports,Nova Supply Co.,Online,Jakarta,Card,1,33.01,0.1,33.01,29.71,19.93,9.78,2025-02,2025-02-24/2025-03-02,0.3291820935711881
ORD-501468,2025-05-04,SKU-1055,Resistance Bands,Premium,Sports,Aster Distribution,Online,Makassar,Card,2,26.5,0.0,53.0,53.0,42.9,10.1,2025-05,2025-04-28/2025-05-04,0.19056603773584904
ORD-501469,2025-06-11,SKU-1039,Office Chair,Standard,Office,Nova Supply Co.,Online,Makassar,E-Wallet,1,42.18,0.0,42.18,42.18,24.47,17.71,2025-06,2025-06-09/2025-06-15,0.41986723565670936
ORD-501470,2025-09-09,SKU-1057,Water Bottle,Standard,Sports,Nova Supply Co.,Marketplace,Bandung,Card,1,33.1,0.2,33.1,26.48,18.31,8.17,2025-09,2025-09-08/2025-09-14,0.3085347432024169
ORD-501471,2025-11-17,SKU-1057,Water Bottle,Standard,Sports,Nova Supply Co.,Online,Jakarta,E-Wallet,1,33.1,0.1,33.1,29.79,18.31,11.48,2025-11,2025-11-17/2025-11-23,0.38536421617992617
ORD-501472,2025-04-26,SKU-1025,Desk Lamp,Standard,Home & Kitchen,Urban Source Ltd.,Retail Store,Yogyakarta,E-Wallet,1,104.17,0.1,104.17,93.75,78.6,15.15,2025-04,2025-04-21/2025-04-27,0.1616
ORD-501473,2025-07-26,SKU-1045,Moisturizer,Standard,Beauty,Urban Source Ltd.,Online,Semarang,Bank Transfer,1,40.7,0.0,40.7,40.7,29.42,11.28,2025-07,2025-07-21/2025-07-27,0.2771498771498771
ORD-501474,2025-02-19,SKU-1053,Yoga Mat,Pro,Sports,Brightline Wholesale,Retail Store,Jakarta,Card,1,30.37,0.15,30.37,25.81,19.3,6.51,2025-02,2025-02-17/2025-02-23,0.2522278186749322
ORD-501475,2025-07-25,SKU-1053,Yoga Mat,Pro,Sports,Brightline Wholesale,Wholesale,Makassar,Bank Transfer,2,30.37,0.05,60.74,57.7,38.6,19.1,2025-07,2025-07-21/2025-07-27,0.3310225303292894
ORD-501476,2025-09-22,SKU-1048,Hair Dryer,Premium,Beauty,Urban Source Ltd.,Retail Store,Surabaya,Card,4,35.46,0.05,141.84,134.75,79.08,55.67,2025-09,2025-09-22/2025-09-28,0.41313543599257885
ORD-501477,2025-11-28,SKU-1057,Water Bottle,Standard,Sports,Nova Supply Co.,Marketplace,Bandung,Card,4,33.1,0.0,132.4,132.4,73.24,59.16,2025-11,2025-11-24/2025-11-30,0.4468277945619335
ORD-501478,2025-10-23,SKU-1026,Desk Lamp,Premium,Home & Kitchen,Peak Imports,Retail Store,Surabaya,E-Wallet,1,42.39,0.1,42.39,38.15,31.28,6.87,2025-10,2025-10-20/2025-10-26,0.1800786369593709
ORD-501479,2025-01-08,SKU-1046,Moisturizer,Premium,Beauty,Peak Imports,Online,Semarang,Card,1,8.32,0.05,8.32,7.9,4.59,3.31,2025-01,2025-01-06/2025-01-12,0.4189873417721519
ORD-501480,2025-12-07,SKU-1030,Storage Box,Pro,Home & Kitchen,Urban Source Ltd.,Online,Bandung,Bank Transfer,1,61.88,0.05,61.88,58.79,47.95,10.84,2025-12,2025-12-01/2025-12-07,0.18438509950671883
ORD-501481,2025-11-02,SKU-1007,Power Bank,Standard,Electronics,Nova Supply Co.,Online,Yogyakarta,Cash,4,127.25,0.0,509.0,509.0,327.36,181.64,2025-11,2025-10-27/2025-11-02,0.35685658153241645
ORD-501482,2025-05-11,SKU-1026,Desk Lamp,Premium,Home & Kitchen,Peak Imports,Marketplace,Jakarta,Card,2,42.39,0.0,84.78,84.78,62.56,22.22,2025-05,2025-05-05/2025-05-11,0.2620901155933003
ORD-501483,2025-03-24,SKU-1014,Mechanical Keyboard,Premium,Electronics,Nova Supply Co.,Online,Jakarta,E-Wallet,1,106.42,0.0,106.42,106.42,74.24,32.18,2025-03,2025-03-24/2025-03-30,0.3023867694042473
ORD-501484,2025-01-25,SKU-1032,Notebook,Premium,Office,Brightline Wholesale,Online,Medan,E-Wallet,1,86.3,0.05,86.3,81.98,63.48,18.5,2025-01,2025-01-20/2025-01-26,0.22566479629177846
ORD-501485,2025-01-25,SKU-1062,Running Belt,Pro,Sports,Nova Supply Co.,Online,Jakarta,Bank Transfer,1,33.01,0.15,33.01,28.06,19.93,8.13,2025-01,2025-01-20/2025-01-26,0.289736279401283
ORD-501486,2025-06-29,SKU-1042,Face Cleanser,Premium,Beauty,Peak Imports,Retail Store,Jakarta,Bank Transfer,1,31.12,0.0,31.12,31.12,25.16,5.96,2025-06,2025-06-23/2025-06-29,0.19151670951156813
ORD-501487,2025-11-17,SKU-1036,Monitor Stand,Premium,Office,Nova Supply Co.,Marketplace,Surabaya,E-Wallet,1,158.85,0.0,158.85,158.85,110.27,48.58,2025-11,2025-11-17/2025-11-23,0.3058231035568146
ORD-501488,2025-01-03,SKU-1036,Monitor Stand,Premium,Office,Nova Supply Co.,Marketplace,Surabaya,E-Wallet,1,158.85,0.1,158.85,142.96,110.27,32.69,2025-01,2024-12-30/2025-01-05,0.22866536094012307
ORD-501489,2025-12-10,SKU-1056,Resistance Bands,Pro,Sports,Nova Supply Co.,Marketplace,Bandung,E-Wallet,1,37.19,0.1,37.19,33.47,21.86,11.61,2025-12,2025-12-08/2025-12-14,0.3468778010158351
ORD-501490,2025-08-29,SKU-1010,USB-C Hub,Standard,Electronics,Peak Imports,Online,Surabaya,Card,1,23.78,0.0,23.78,23.78,18.47,5.31,2025-08,2025-08-25/2025-08-31,0.22329688814129517
ORD-501491,2025-02-27,SKU-1040,Office Chair,Premium,Office,Brightline Wholesale,Retail Store,Jakarta,Bank Transfer,1,159.4,0.0,159.4,159.4,111.42,47.98,2025-02,2025-02-24/2025-03-02,0.30100376411543284
ORD-501492,2025-07-11,SKU-1010,USB-C Hub,Standard,Electronics,Peak Imports,Online,Surabaya,Card,4,23.78,0.0,95.12,95.12,73.88,21.24,2025-07,2025-07-07/2025-07-13,0.22329688814129517
ORD-501493,2025-02-04,SKU-1023,Blender,Premium,Home & Kitchen,Urban Source Ltd.,Marketplace,Yogyakarta,E-Wallet,1,72.39,0.1,72.39,65.15,53.2,11.95,2025-02,2025-02-03/2025-02-09,0.18342287029930926
ORD-501494,2025-03-23,SKU-1036,Monitor Stand,Premium,Office,Nova Supply Co.,Marketplace,Semarang,Card,1,158.85,0.15,158.85,135.02,110.27,24.75,2025-03,2025-03-17/2025-03-23,0.183306176862687
ORD-501495,2025-12-14,SKU-1044,Sunscreen,Premium,Beauty,Nova Supply Co.,Online,Medan,Card,2,41.08,0.2,82.16,65.73,63.44,2.29,2025-12,2025-12-08/2025-12-14,0.034839494903392665
ORD-501496,2025-07-27,SKU-1010,USB-C Hub,Standard,Electronics,Peak Imports,Retail Store,Jakarta,E-Wallet,2,23.78,0.05,47.56,45.18,36.94,8.24,2025-07,2025-07-21/2025-07-27,0.18238158477202301
ORD-501497,2025-08-13,SKU-1057,Water Bottle,Standard,Sports,Nova Supply Co.,Retail Store,Jakarta,Bank Transfer,1,33.1,0.05,33.1,31.44,18.31,13.13,2025-08,2025-08-11/2025-08-17,0.4176208651399491
ORD-501498,2025-07-15,SKU-1026,Desk Lamp,Premium,Home & Kitchen,Peak Imports,Online,Medan,Cash,3,42.39,0.1,127.17,114.45,93.84,20.61,2025-07,2025-07-14/2025-07-20,0.1800786369593709
ORD-501499,2025-05-09,SKU-1056,Resistance Bands,Pro,Sports,Nova Supply Co.,Online,Bandung,Bank Transfer,1,37.19,0.0,37.19,37.19,21.86,15.33,2025-05,2025-05-05/2025-05-11,0.4122075826835171
ORD-501500,2025-01-19,SKU-1003,Bluetooth Speaker,Pro,Electronics,Brightline Wholesale,Retail Store,Jakarta,Card,1,118.47,0.05,118.47,112.55,71.07,41.48,2025-01,2025-01-13/2025-01-19,0.3685473123056419
ORD-501501,2025-05-14,SKU-1057,Water Bottle,Standard,Sports,Nova Supply Co.,Online,Bandung,Cash,3,33.1,0.0,99.3,99.3,54.93,44.37,2025-05,2025-05-12/2025-05-18,0.4468277945619335
ORD-501502,2025-11-30,SKU-1044,Sunscreen,Premium,Beauty,Nova Supply Co.,Wholesale,Jakarta,Bank Transfer,2,41.08,0.1,82.16,73.94,63.44,10.5,2025-11,2025-11-24/2025-11-30,0.14200703272923992
ORD-501503,2025-07-15,SKU-1046,Moisturizer,Premium,Beauty,Peak Imports,Marketplace,Jakarta,E-Wallet,1,8.32,0.0,8.32,8.32,4.59,3.73,2025-07,2025-07-14/2025-07-20,0.44831730769230765
ORD-501504,2025-08-12,SKU-1061,Running Belt,Premium,Sports,Aster Distribution,Online,Medan,Card,3,76.7,0.1,230.1,207.09,131.13,75.96,2025-08,2025-08-11/2025-08-17,0.3667970447631464
ORD-501505,2025-12-09,SKU-1010,USB-C Hub,Standard,Electronics,Peak Imports,Retail Store,Surabaya,Card,2,23.78,0.1,47.56,42.8,36.94,5.86,2025-12,2025-12-08/2025-12-14,0.1369158878504673
ORD-501506,2025-02-12,SKU-1038,Desk Organizer,Premium,Office,Urban Source Ltd.,Marketplace,Bandung,E-Wallet,4,47.71,0.1,190.84,171.76,140.12,31.64,2025-02,2025-02-10/2025-02-16,0.1842105263157895
ORD-501507,2025-01-12,SKU-1038,Desk Organizer,Premium,Office,Urban Source Ltd.,Marketplace,Yogyakarta,Card,1,47.71,0.1,47.71,42.94,35.03,7.91,2025-01,2025-01-06/2025-01-12,0.1842105263157895
ORD-501508,2025-01-29,SKU-1028,Storage Box,Standard,Home & Kitchen,Nova Supply Co.,Online,Bandung,E-Wallet,1,55.89,0.05,55.89,53.1,33.09,20.01,2025-01,2025-01-27/2025-02-02,0.37683615819209043
ORD-501509,2025-01-11,SKU-1007,Power Bank,Standard,Electronics,Nova Supply Co.,Online,Yogyakarta,E-Wallet,1,127.25,0.0,127.25,127.25,81.84,45.41,2025-01,2025-01-06/2025-01-12,0.35685658153241645
ORD-501510,2025-01-27,SKU-1024,Blender,Pro,Home & Kitchen,Aster Distribution,Online,Bandung,Cash,1,59.17,0.0,59.17,59.17,44.96,14.21,2025-01,2025-01-27/2025-02-02,0.24015548419807337
ORD-501511,2025-08-02,SKU-1064,Dumbbell Set,Premium,Sports,Brightline Wholesale,Online,Bandung,Bank Transfer,1,28.95,0.0,28.95,28.95,16.15,12.8,2025-08,2025-07-28/2025-08-03,0.4421416234887738
ORD-501512,2025-03-04,SKU-1002,Bluetooth Speaker,Premium,Electronics,Nova Supply Co.,Online,Semarang,E-Wallet,1,110.05,0.15,110.05,93.54,87.34,6.2,2025-03,2025-03-03/2025-03-09,0.06628180457558264
ORD-501513,2025-10-26,SKU-1063,Dumbbell Set,Standard,Sports,Urban Source Ltd.,Marketplace,Jakarta,Bank Transfer,1,37.4,0.0,37.4,37.4,29.68,7.72,2025-10,2025-10-20/2025-10-26,0.20641711229946524
ORD-501514,2025-09-24,SKU-1011,USB-C Hub,Premium,Electronics,Urban Source Ltd.,Retail Store,Jakarta,Cash,2,116.31,0.0,232.62,232.62,127.74,104.88,2025-09,2025-09-22/2025-09-28,0.4508640701573381
ORD-501515,2025-04-15,SKU-1059,Water Bottle,Pro,Sports,Brightline Wholesale,Online,Bandung,Bank Transfer,1,21.51,0.05,21.51,20.43,17.37,3.06,2025-04,2025-04-14/2025-04-20,0.14977973568281938
ORD-501516,2025-08-29,SKU-1059,Water Bottle,Pro,Sports,Brightline Wholesale,Wholesale,Medan,E-Wallet,1,21.51,0.0,21.51,21.51,17.37,4.14,2025-08,2025-08-25/2025-08-31,0.1924686192468619
ORD-501517,2025-08-19,SKU-1019,Electric Kettle,Standard,Home & Kitchen,Nova Supply Co.,Wholesale,Bandung,Card,1,88.16,0.0,88.16,88.16,53.02,35.14,2025-08,2025-08-18/2025-08-24,0.3985934664246824
ORD-501518,2025-11-17,SKU-1014,Mechanical Keyboard,Premium,Electronics,Nova Supply Co.,Online,Yogyakarta,Card,2,106.42,0.0,212.84,212.84,148.48,64.36,2025-11,2025-11-17/2025-11-23,0.3023867694042473
ORD-501519,2025-07-29,SKU-1029,Storage Box,Premium,Home & Kitchen,Aster Distribution,Retail Store,Semarang,Card,1,14.45,0.1,14.45,13.0,11.48,1.52,2025-07,2025-07-28/2025-08-03,0.11692307692307692
ORD-501520,2025-12-14,SKU-1015,Mechanical Keyboard,Pro,Electronics,Aster Distribution,Marketplace,Medan,Cash,1,110.43,0.1,110.43,99.39,80.89,18.5,2025-12,2025-12-08/2025-12-14,0.18613542609920514
ORD-501521,2025-09-18,SKU-1010,USB-C Hub,Standard,Electronics,Peak Imports,Online,Jakarta,E-Wallet,1,23.78,0.0,23.78,23.78,18.47,5.31,2025-09,2025-09-15/2025-09-21,0.22329688814129517
ORD-501522,2025-11-24,SKU-1060,Running Belt,Standard,Sports,Nova Supply Co.,Online,Bandung,E-Wallet,4,84.42,0.15,337.68,287.03,192.6,94.43,2025-11,2025-11-24/2025-11-30,0.32899000104518694
ORD-501523,2025-11-15,SKU-1034,Gel Pen Set,Premium,Office,Aster Distribution,Online,Yogyakarta,Card,2,211.77,0.2,423.54,338.83,239.56,99.27,2025-11,2025-11-10/2025-11-16,0.2929787799191335
ORD-501524,2025-07-15,SKU-1021,Electric Kettle,Pro,Home & Kitchen,Aster Distribution,Online,Yogyakarta,Bank Transfer,1,84.19,0.0,84.19,84.19,57.93,26.26,2025-07,2025-07-14/2025-07-20,0.31191352892267493
ORD-501525,2025-08-18,SKU-1007,Power Bank,Standard,Electronics,Nova Supply Co.,Marketplace,Makassar,Card,2,127.25,0.05,254.5,241.77,163.68,78.09,2025-08,2025-08-18/2025-08-24,0.3229929271621789
ORD-501526,2025-12-11,SKU-1002,Bluetooth Speaker,Premium,Electronics,Nova Supply Co.,Retail Store,Semarang,E-Wallet,2,110.05,0.0,220.1,220.1,174.68,45.42,2025-12,2025-12-08/2025-12-14,0.20636074511585645
ORD-501527,2025-02-18,SKU-1057,Water Bottle,Standard,Sports,Nova Supply Co.,Retail Store,Medan,Card,2,33.1,0.0,66.2,66.2,36.62,29.58,2025-02,2025-02-17/2025-02-23,0.4468277945619335
ORD-501528,2025-03-20,SKU-1065,Dumbbell Set,Pro,Sports,Urban Source Ltd.,Marketplace,Medan,Card,2,18.33,0.05,36.66,34.83,21.52,13.31,2025-03,2025-03-17/2025-03-23,0.3821418317542349
ORD-501529,2025-05-10,SKU-1031,Notebook,Standard,Office,Brightline Wholesale,Online,Makassar,E-Wallet,1,36.9,0.0,36.9,36.9,23.06,13.84,2025-05,2025-05-05/2025-05-11,0.3750677506775068
ORD-501530,2025-04-03,SKU-1035,Monitor Stand,Standard,Office,Brightline Wholesale,Retail Store,Surabaya,Bank Transfer,1,61.43,0.0,61.43,61.43,33.7,27.73,2025-04,2025-03-31/2025-04-06,0.45140810678821425
ORD-501531,2025-10-23,SKU-1005,Wireless Earbuds,Premium,Electronics,Aster Distribution,Retail Store,Jakarta,E-Wallet,1,102.99,0.1,102.99,92.69,60.73,31.96,2025-10,2025-10-20/2025-10-26,0.34480526486136587
ORD-501532,2025-10-07,SKU-1010,USB-C Hub,Standard,Electronics,Peak Imports,Marketplace,Jakarta,Bank Transfer,2,23.78,0.05,47.56,45.18,36.94,8.24,2025-10,2025-10-06/2025-10-12,0.18238158477202301
ORD-501533,2025-03-18,SKU-1010,USB-C Hub,Standard,Electronics,Peak Imports,Online,Bandung,Card,1,23.78,0.05,23.78,22.59,18.47,4.12,2025-03,2025-03-17/2025-03-23,0.18238158477202301
ORD-501534,2025-02-05,SKU-1010,USB-C Hub,Standard,Electronics,Peak Imports,Marketplace,Jakarta,E-Wallet,4,23.78,0.0,95.12,95.12,73.88,21.24,2025-02,2025-02-03/2025-02-09,0.22329688814129517
ORD-501535,2025-04-23,SKU-1056,Resistance Bands,Pro,Sports,Nova Supply Co.,Online,Jakarta,Bank Transfer,1,37.19,0.1,37.19,33.47,21.86,11.61,2025-04,2025-04-21/2025-04-27,0.3468778010158351
ORD-501536,2025-08-07,SKU-1001,Bluetooth Speaker,Standard,Electronics,Nova Supply Co.,Online,Surabaya,E-Wallet,1,120.16,0.0,120.16,120.16,83.77,36.39,2025-08,2025-08-04/2025-08-10,0.3028462050599201
ORD-501537,2025-06-23,SKU-1060,Running Belt,Standard,Sports,Nova Supply Co.,Marketplace,Jakarta,Card,2,84.42,0.1,168.84,151.96,96.3,55.66,2025-06,2025-06-23/2025-06-29,0.36628060015793623
ORD-501538,2025-05-11,SKU-1009,Power Bank,Pro,Electronics,Nova Supply Co.,Online,Jakarta,Card,1,120.75,0.1,120.75,108.68,92.43,16.25,2025-05,2025-05-05/2025-05-11,0.14952153110047847
ORD-501539,2025-10-04,SKU-1028,Storage Box,Standard,Home & Kitchen,Nova Supply Co.,Marketplace,Jakarta,E-Wallet,1,55.89,0.0,55.89,55.89,33.09,22.8,2025-10,2025-09-29/2025-10-05,0.4079441760601181
ORD-501540,2025-08-23,SKU-1025,Desk Lamp,Standard,Home & Kitchen,Urban Source Ltd.,Online,Surabaya,Bank Transfer,1,104.17,0.2,104.17,83.34,78.6,4.74,2025-08,2025-08-18/2025-08-24,0.05687544996400288
ORD-501541,2025-04-14,SKU-1055,Resistance Bands,Premium,Sports,Aster Distribution,Online,Jakarta,E-Wallet,1,26.5,0.1,26.5,23.85,21.45,2.4,2025-04,2025-04-14/2025-04-20,0.10062893081761005
ORD-501542,2025-07-16,SKU-1035,Monitor Stand,Standard,Office,Brightline Wholesale,Marketplace,Semarang,Card,1,61.43,0.15,61.43,52.22,33.7,18.52,2025-07,2025-07-14/2025-07-20,0.35465338950593644
ORD-501543,2025-07-29,SKU-1011,USB-C Hub,Premium,Electronics,Urban Source Ltd.,Marketplace,Makassar,Card,1,116.31,0.1,116.31,104.68,63.87,40.81,2025-07,2025-07-28/2025-08-03,0.3898547955674436
ORD-501544,2025-12-14,SKU-1010,USB-C Hub,Standard,Electronics,Peak Imports,Online,Makassar,E-Wallet,2,23.78,0.05,47.56,45.18,36.94,8.24,2025-12,2025-12-08/2025-12-14,0.18238158477202301
ORD-501545,2025-05-18,SKU-1029,Storage Box,Premium,Home & Kitchen,Aster Distribution,Retail Store,Jakarta,Bank Transfer,1,14.45,0.0,14.45,14.45,11.48,2.97,2025-05,2025-05-12/2025-05-18,0.2055363321799308
ORD-501546,2025-05-22,SKU-1030,Storage Box,Pro,Home & Kitchen,Urban Source Ltd.,Online,Bandung,E-Wallet,3,61.88,0.05,185.64,176.36,143.85,32.51,2025-05,2025-05-19/2025-05-25,0.18433885234747105
ORD-501547,2025-03-03,SKU-1053,Yoga Mat,Pro,Sports,Brightline Wholesale,Marketplace,Jakarta,Card,1,30.37,0.0,30.37,30.37,19.3,11.07,2025-03,2025-03-03/2025-03-09,0.3645044451761607
ORD-501548,2025-10-08,SKU-1002,Bluetooth Speaker,Premium,Electronics,Nova Supply Co.,Wholesale,Medan,Cash,3,110.05,0.2,330.15,264.12,262.02,2.1,2025-10,2025-10-06/2025-10-12,0.007950931394820537
ORD-501549,2025-04-08,SKU-1058,Water Bottle,Premium,Sports,Aster Distribution,Online,Jakarta,Card,2,48.14,0.0,96.28,96.28,72.04,24.24,2025-04,2025-04-07/2025-04-13,0.25176568342334854
ORD-501550,2025-10-06,SKU-1040,Office Chair,Premium,Office,Brightline Wholesale,Retail Store,Jakarta,E-Wallet,1,159.4,0.05,159.4,151.43,111.42,40.01,2025-10,2025-10-06/2025-10-12,0.2642144885425609
ORD-501551,2025-07-28,SKU-1026,Desk Lamp,Premium,Home & Kitchen,Peak Imports,Retail Store,Yogyakarta,Card,1,42.39,0.1,42.39,38.15,31.28,6.87,2025-07,2025-07-28/2025-08-03,0.1800786369593709
ORD-501552,2025-09-25,SKU-1057,Water Bottle,Standard,Sports,Nova Supply Co.,Online,Yogyakarta,Cash,1,33.1,0.05,33.1,31.44,18.31,13.13,2025-09,2025-09-22/2025-09-28,0.4176208651399491
ORD-501553,2025-02-17,SKU-1003,Bluetooth Speaker,Pro,Electronics,Brightline Wholesale,Retail Store,Yogyakarta,Card,2,118.47,0.1,236.94,213.25,142.14,71.11,2025-02,2025-02-17/2025-02-23,0.33345838218053925
ORD-501554,2025-08-09,SKU-1057,Water Bottle,Standard,Sports,Nova Supply Co.,Marketplace,Jakarta,E-Wallet,1,33.1,0.0,33.1,33.1,18.31,14.79,2025-08,2025-08-04/2025-08-10,0.4468277945619335
ORD-501555,2025-08-16,SKU-1021,Electric Kettle,Pro,Home & Kitchen,Aster Distribution,Online,Jakarta,E-Wallet,1,84.19,0.0,84.19,84.19,57.93,26.26,2025-08,2025-08-11/2025-08-17,0.31191352892267493
ORD-501556,2025-01-08,SKU-1012,USB-C Hub,Pro,Electronics,Nova Supply Co.,Online,Surabaya,Card,2,66.9,0.1,133.8,120.42,92.12,28.3,2025-01,2025-01-06/2025-01-12,0.23501079554891213
ORD-501557,2025-09-19,SKU-1006,Wireless Earbuds,Pro,Electronics,Aster Distribution,Marketplace,Semarang,Card,1,48.0,0.0,48.0,48.0,31.91,16.09,2025-09,2025-09-15/2025-09-21,0.33520833333333333
ORD-501558,2025-05-20,SKU-1019,Electric Kettle,Standard,Home & Kitchen,Nova Supply Co.,Marketplace,Jakarta,E-Wallet,3,88.16,0.05,264.48,251.26,159.06,92.2,2025-05,2025-05-19/2025-05-25,0.36695056913157686
ORD-501559,2025-05-03,SKU-1014,Mechanical Keyboard,Premium,Electronics,Nova Supply Co.,Marketplace,Jakarta,Card,3,106.42,0.0,319.26,319.26,222.72,96.54,2025-05,2025-04-28/2025-05-04,0.30238676940424736
ORD-501560,2025-10-28,SKU-1064,Dumbbell Set,Premium,Sports,Brightline Wholesale,Online,Makassar,E-Wallet,1,28.95,0.0,28.95,28.95,16.15,12.8,2025-10,2025-10-27/2025-11-02,0.4421416234887738
ORD-501561,2025-06-22,SKU-1006,Wireless Earbuds,Pro,Electronics,Aster Distribution,Online,Semarang,Card,1,48.0,0.15,48.0,40.8,31.91,8.89,2025-06,2025-06-16/2025-06-22,0.21789215686274513
ORD-501562,2025-07-14,SKU-1017,Air Fryer,Premium,Home & Kitchen,Peak Imports,Online,Bandung,Bank Transfer,1,85.71,0.1,85.71,77.14,66.93,10.21,2025-07,2025-07-14/2025-07-20,0.13235675395385016
ORD-501563,2025-11-16,SKU-1019,Electric Kettle,Standard,Home & Kitchen,Nova Supply Co.,Marketplace,Yogyakarta,Card,2,88.16,0.15,176.32,149.87,106.04,43.83,2025-11,2025-11-10/2025-11-16,0.292453459665043
ORD-501564,2025-12-02,SKU-1007,Power Bank,Standard,Electronics,Nova Supply Co.,Retail Store,Semarang,Card,2,127.25,0.15,254.5,216.32,163.68,52.64,2025-12,2025-12-01/2025-12-07,0.2433431952662722
ORD-501565,2025-12-09,SKU-1059,Water Bottle,Pro,Sports,Brightline Wholesale,Online,Yogyakarta,Card,4,21.51,0.15,86.04,73.13,69.48,3.65,2025-12,2025-12-08/2025-12-14,0.049911117188568305
ORD-501566,2025-01-14,SKU-1022,Blender,Standard,Home & Kitchen,Peak Imports,Online,Yogyakarta,E-Wallet,1,94.62,0.2,94.62,75.7,60.77,14.93,2025-01,2025-01-13/2025-01-19,0.197225891677675
ORD-501567,2025-07-15,SKU-1002,Bluetooth Speaker,Premium,Electronics,Nova Supply Co.,Online,Surabaya,E-Wallet,1,110.05,0.0,110.05,110.05,87.34,22.71,2025-07,2025-07-14/2025-07-20,0.20636074511585645
ORD-501568,2025-11-26,SKU-1009,Power Bank,Pro,Electronics,Nova Supply Co.,Retail Store,Jakarta,Card,2,120.75,0.0,241.5,241.5,184.86,56.64,2025-11,2025-11-24/2025-11-30,0.23453416149068324
ORD-501569,2025-01-10,SKU-1036,Monitor Stand,Premium,Office,Nova Supply Co.,Marketplace,Bandung,E-Wallet,1,158.85,0.0,158.85,158.85,110.27,48.58,2025-01,2025-01-06/2025-01-12,0.3058231035568146
ORD-501570,2025-02-23,SKU-1056,Resistance Bands,Pro,Sports,Nova Supply Co.,Online,Bandung,E-Wallet,2,37.19,0.05,74.38,70.66,43.72,26.94,2025-02,2025-02-17/2025-02-23,0.38126238324370226
ORD-501571,2025-12-12,SKU-1044,Sunscreen,Premium,Beauty,Nova Supply Co.,Marketplace,Jakarta,Cash,1,41.08,0.2,41.08,32.86,31.72,1.14,2025-12,2025-12-08/2025-12-14,0.03469263542300669
ORD-501572,2025-11-21,SKU-1031,Notebook,Standard,Office,Brightline Wholesale,Marketplace,Yogyakarta,E-Wallet,1,36.9,0.2,36.9,29.52,23.06,6.46,2025-11,2025-11-17/2025-11-23,0.21883468834688347
ORD-501573,2025-09-09,SKU-1019,Electric Kettle,Standard,Home & Kitchen,Nova Supply Co.,Retail Store,Yogyakarta,Bank Transfer,2,88.16,0.1,176.32,158.69,106.04,52.65,2025-09,2025-09-08/2025-09-14,0.33177894007183817
ORD-501574,2025-10-12,SKU-1041,Face Cleanser,Standard,Beauty,Brightline Wholesale,Online,Medan,Card,1,40.88,0.0,40.88,40.88,26.08,14.8,2025-10,2025-10-06/2025-10-12,0.36203522504892366
ORD-501575,2025-11-16,SKU-1042,Face Cleanser,Premium,Beauty,Peak Imports,Online,Yogyakarta,E-Wallet,2,31.12,0.0,62.24,62.24,50.32,11.92,2025-11,2025-11-10/2025-11-16,0.19151670951156813
ORD-501576,2025-10-23,SKU-1006,Wireless Earbuds,Pro,Electronics,Aster Distribution,Online,Bandung,Cash,1,48.0,0.0,48.0,48.0,31.91,16.09,2025-10,2025-10-20/2025-10-26,0.33520833333333333
ORD-501577,2025-05-05,SKU-1059,Water Bottle,Pro,Sports,Brightline Wholesale,Marketplace,Medan,Card,1,21.51,0.15,21.51,18.28,17.37,0.91,2025-05,2025-05-05/2025-05-11,0.049781181619256015
ORD-501578,2025-01-21,SKU-1043,Sunscreen,Standard,Beauty,Brightline Wholesale,Online,Jakarta,Cash,2,26.13,0.05,52.26,49.65,40.74,8.91,2025-01,2025-01-20/2025-01-26,0.17945619335347432
ORD-501579,2025-05-12,SKU-1030,Storage Box,Pro,Home & Kitchen,Urban Source Ltd.,Retail Store,Bandung,E-Wallet,3,61.88,0.05,185.64,176.36,143.85,32.51,2025-05,2025-05-12/2025-05-18,0.18433885234747105
ORD-501580,2025-02-12,SKU-1002,Bluetooth Speaker,Premium,Electronics,Nova Supply Co.,Online,Jakarta,E-Wallet,3,110.05,0.0,330.15,330.15,262.02,68.13,2025-02,2025-02-10/2025-02-16,0.20636074511585642
ORD-501581,2025-08-10,SKU-1013,Mechanical Keyboard,Standard,Electronics,Nova Supply Co.,Retail Store,Yogyakarta,Card,1,35.15,0.0,35.15,35.15,24.14,11.01,2025-08,2025-08-04/2025-08-10,0.3132290184921764
ORD-501582,2025-09-15,SKU-1043,Sunscreen,Standard,Beauty,Brightline Wholesale,Marketplace,Surabaya,Card,2,26.13,0.0,52.26,52.26,40.74,11.52,2025-09,2025-09-15/2025-09-21,0.22043628013777267
ORD-501583,2025-06-03,SKU-1011,USB-C Hub,Premium,Electronics,Urban Source Ltd.,Wholesale,Yogyakarta,Card,2,116.31,0.1,232.62,209.36,127.74,81.62,2025-06,2025-06-02/2025-06-08,0.3898547955674436
ORD-501584,2025-07-12,SKU-1008,Power Bank,Premium,Electronics,Peak Imports,Retail Store,Yogyakarta,Card,1,64.8,0.0,64.8,64.8,35.52,29.28,2025-07,2025-07-07/2025-07-13,0.4518518518518519
ORD-501585,2025-03-02,SKU-1061,Running Belt,Premium,Sports,Aster Distribution,Marketplace,Yogyakarta,Card,1,76.7,0.05,76.7,72.86,43.71,29.15,2025-03,2025-02-24/2025-03-02,0.400082349711776
ORD-501586,2025-12-28,SKU-1022,Blender,Standard,Home & Kitchen,Peak Imports,Online,Yogyakarta,Bank Transfer,1,94.62,0.2,94.62,75.7,60.77,14.93,2025-12,2025-12-22/2025-12-28,0.197225891677675
ORD-501587,2025-04-03,SKU-1024,Blender,Pro,Home & Kitchen,Aster Distribution,Retail Store,Yogyakarta,E-Wallet,1,59.17,0.05,59.17,56.21,44.96,11.25,2025-04,2025-03-31/2025-04-06,0.20014232342999466
ORD-501588,2025-03-05,SKU-1063,Dumbbell Set,Standard,Sports,Urban Source Ltd.,Online,Surabaya,Cash,3,37.4,0.2,112.2,89.76,89.04,0.72,2025-03,2025-03-03/2025-03-09,0.00802139037433155
ORD-501589,2025-05-20,SKU-1026,Desk Lamp,Premium,Home & Kitchen,Peak Imports,Retail Store,Yogyakarta,Card,2,42.39,0.0,84.78,84.78,62.56,22.22,2025-05,2025-05-19/2025-05-25,0.2620901155933003
ORD-501590,2025-12-30,SKU-1030,Storage Box,Pro,Home & Kitchen,Urban Source Ltd.,Retail Store,Jakarta,Card,1,61.88,0.0,61.88,61.88,47.95,13.93,2025-12,2025-12-29/2026-01-04,0.22511312217194568
ORD-501591,2025-01-17,SKU-1025,Desk Lamp,Standard,Home & Kitchen,Urban Source Ltd.,Retail Store,Medan,Card,1,104.17,0.0,104.17,104.17,78.6,25.57,2025-01,2025-01-13/2025-01-19,0.2454641451473553
ORD-501592,2025-01-12,SKU-1019,Electric Kettle,Standard,Home & Kitchen,Nova Supply Co.,Marketplace,Jakarta,Card,2,88.16,0.0,176.32,176.32,106.04,70.28,2025-01,2025-01-06/2025-01-12,0.3985934664246824
ORD-501593,2025-03-29,SKU-1033,Gel Pen Set,Standard,Office,Aster Distribution,Marketplace,Bandung,Bank Transfer,1,82.15,0.05,82.15,78.04,65.35,12.69,2025-03,2025-03-24/2025-03-30,0.16260891850333162
ORD-501594,2025-07-30,SKU-1031,Notebook,Standard,Office,Brightline Wholesale,Marketplace,Surabaya,E-Wallet,1,36.9,0.05,36.9,35.06,23.06,12.0,2025-07,2025-07-28/2025-08-03,0.34227039361095263
ORD-501595,2025-07-29,SKU-1026,Desk Lamp,Premium,Home & Kitchen,Peak Imports,Marketplace,Bandung,Bank Transfer,2,42.39,0.0,84.78,84.78,62.56,22.22,2025-07,2025-07-28/2025-08-03,0.2620901155933003
ORD-501596,2025-05-17,SKU-1015,Mechanical Keyboard,Pro,Electronics,Aster Distribution,Marketplace,Jakarta,Card,1,110.43,0.05,110.43,104.91,80.89,24.02,2025-05,2025-05-12/2025-05-18,0.22895815460871224
ORD-501597,2025-03-23,SKU-1026,Desk Lamp,Premium,Home & Kitchen,Peak Imports,Online,Makassar,Card,1,42.39,0.15,42.39,36.03,31.28,4.75,2025-03,2025-03-17/2025-03-23,0.131834582292534
ORD-501598,2025-10-31,SKU-1024,Blender,Pro,Home & Kitchen,Aster Distribution,Online,Surabaya,Bank Transfer,2,59.17,0.0,118.34,118.34,89.92,28.42,2025-10,2025-10-27/2025-11-02,0.24015548419807337
ORD-501599,2025-11-26,SKU-1036,Monitor Stand,Premium,Office,Nova Supply Co.,Wholesale,Makassar,Card,1,158.85,0.05,158.85,150.91,110.27,40.64,2025-11,2025-11-24/2025-11-30,0.26929958253263536
ORD-501600,2025-02-13,SKU-1012,USB-C Hub,Pro,Electronics,Nova Supply Co.,Retail Store,Yogyakarta,Bank Transfer,2,66.9,0.0,133.8,133.8,92.12,41.68,2025-02,2025-02-10/2025-02-16,0.3115097159940209
ORD-501601,2025-07-21,SKU-1005,Wireless Earbuds,Premium,Electronics,Aster Distribution,Marketplace,Bandung,E-Wallet,1,102.99,0.05,102.99,97.84,60.73,37.11,2025-07,2025-07-21/2025-07-27,0.3792927228127555
ORD-501602,2025-09-27,SKU-1056,Resistance Bands,Pro,Sports,Nova Supply Co.,Online,Bandung,Card,3,37.19,0.1,111.57,100.41,65.58,34.83,2025-09,2025-09-22/2025-09-28,0.3468778010158351
ORD-501603,2025-09-12,SKU-1038,Desk Organizer,Premium,Office,Urban Source Ltd.,Marketplace,Bandung,Card,1,47.71,0.1,47.71,42.94,35.03,7.91,2025-09,2025-09-08/2025-09-14,0.1842105263157895
ORD-501604,2025-08-01,SKU-1014,Mechanical Keyboard,Premium,Electronics,Nova Supply Co.,Marketplace,Makassar,E-Wallet,3,106.42,0.15,319.26,271.37,222.72,48.65,2025-08,2025-07-28/2025-08-03,0.1792755278770682
ORD-501605,2025-12-03,SKU-1007,Power Bank,Standard,Electronics,Nova Supply Co.,Marketplace,Yogyakarta,Bank Transfer,1,127.25,0.05,127.25,120.89,81.84,39.05,2025-12,2025-12-01/2025-12-07,0.3230209281164695
ORD-501606,2025-06-04,SKU-1061,Running Belt,Premium,Sports,Aster Distribution,Marketplace,Surabaya,Bank Transfer,1,76.7,0.0,76.7,76.7,43.71,32.99,2025-06,2025-06-02/2025-06-08,0.4301173402868318
ORD-501607,2025-06-24,SKU-1047,Hair Dryer,Standard,Beauty,Nova Supply Co.,Online,Yogyakarta,E-Wallet,1,52.4,0.2,52.4,41.92,41.75,0.17,2025-06,2025-06-23/2025-06-29,0.0040553435114503815
ORD-501608,2025-08-20,SKU-1002,Bluetooth Speaker,Premium,Electronics,Nova Supply Co.,Online,Makassar,E-Wallet,1,110.05,0.0,110.05,110.05,87.34,22.71,2025-08,2025-08-18/2025-08-24,0.20636074511585645
ORD-501609,2025-09-05,SKU-1026,Desk Lamp,Premium,Home & Kitchen,Peak Imports,Marketplace,Medan,Card,1,42.39,0.15,42.39,36.03,31.28,4.75,2025-09,2025-09-01/2025-09-07,0.131834582292534
ORD-501610,2025-12-14,SKU-1044,Sunscreen,Premium,Beauty,Nova Supply Co.,Online,Bandung,Card,3,41.08,0.05,123.24,117.08,95.16,21.92,2025-12,2025-12-08/2025-12-14,0.18722241202596518
ORD-501611,2025-12-01,SKU-1063,Dumbbell Set,Standard,Sports,Urban Source Ltd.,Retail Store,Surabaya,E-Wallet,2,37.4,0.05,74.8,71.06,59.36,11.7,2025-12,2025-12-01/2025-12-07,0.1646495918941739
ORD-501612,2025-03-23,SKU-1045,Moisturizer,Standard,Beauty,Urban Source Ltd.,Marketplace,Jakarta,E-Wallet,1,40.7,0.0,40.7,40.7,29.42,11.28,2025-03,2025-03-17/2025-03-23,0.2771498771498771
ORD-501613,2025-10-21,SKU-1048,Hair Dryer,Premium,Beauty,Urban Source Ltd.,Online,Yogyakarta,E-Wallet,1,35.46,0.15,35.46,30.14,19.77,10.37,2025-10,2025-10-20/2025-10-26,0.3440610484406105
ORD-501614,2025-05-31,SKU-1014,Mechanical Keyboard,Premium,Electronics,Nova Supply Co.,Marketplace,Jakarta,Bank Transfer,1,106.42,0.1,106.42,95.78,74.24,21.54,2025-05,2025-05-26/2025-06-01,0.22489037377323032
ORD-501615,2025-11-18,SKU-1011,USB-C Hub,Premium,Electronics,Urban Source Ltd.,Retail Store,Semarang,Card,2,116.31,0.0,232.62,232.62,127.74,104.88,2025-11,2025-11-17/2025-11-23,0.4508640701573381
ORD-501616,2025-05-10,SKU-1002,Bluetooth Speaker,Premium,Electronics,Nova Supply Co.,Online,Surabaya,Card,1,110.05,0.05,110.05,104.55,87.34,17.21,2025-05,2025-05-05/2025-05-11,0.1646102343376375
ORD-501617,2025-09-09,SKU-1035,Monitor Stand,Standard,Office,Brightline Wholesale,Marketplace,Semarang,Card,1,61.43,0.05,61.43,58.36,33.7,24.66,2025-09,2025-09-08/2025-09-14,0.42254969156956823
ORD-501618,2025-09-14,SKU-1064,Dumbbell Set,Premium,Sports,Brightline Wholesale,Online,Jakarta,Bank Transfer,1,28.95,0.05,28.95,27.5,16.15,11.35,2025-09,2025-09-08/2025-09-14,0.4127272727272727
ORD-501619,2025-08-15,SKU-1013,Mechanical Keyboard,Standard,Electronics,Nova Supply Co.,Retail Store,Makassar,Bank Transfer,4,35.15,0.0,140.6,140.6,96.56,44.04,2025-08,2025-08-11/2025-08-17,0.3132290184921764
ORD-501620,2025-07-30,SKU-1008,Power Bank,Premium,Electronics,Peak Imports,Online,Jakarta,E-Wallet,2,64.8,0.0,129.6,129.6,71.04,58.56,2025-07,2025-07-28/2025-08-03,0.4518518518518519
ORD-501621,2025-02-27,SKU-1005,Wireless Earbuds,Premium,Electronics,Aster Distribution,Online,Surabaya,E-Wallet,2,102.99,0.05,205.98,195.68,121.46,74.22,2025-02,2025-02-24/2025-03-02,0.3792927228127555
ORD-501622,2025-12-20,SKU-1014,Mechanical Keyboard,Premium,Electronics,Nova Supply Co.,Retail Store,Surabaya,Cash,2,106.42,0.0,212.84,212.84,148.48,64.36,2025-12,2025-12-15/2025-12-21,0.3023867694042473
ORD-501623,2025-12-04,SKU-1004,Wireless Earbuds,Standard,Electronics,Aster Distribution,Online,Bandung,Bank Transfer,2,77.45,0.0,154.9,154.9,110.94,43.96,2025-12,2025-12-01/2025-12-07,0.28379599741768885
ORD-501624,2025-11-16,SKU-1016,Air Fryer,Standard,Home & Kitchen,Aster Distribution,Retail Store,Medan,E-Wallet,1,98.91,0.05,98.91,93.96,70.38,23.58,2025-11,2025-11-10/2025-11-16,0.2509578544061303
ORD-501625,2025-09-07,SKU-1029,Storage Box,Premium,Home & Kitchen,Aster Distribution,Online,Yogyakarta,Card,1,14.45,0.1,14.45,13.0,11.48,1.52,2025-09,2025-09-01/2025-09-07,0.11692307692307692
ORD-501626,2025-11-03,SKU-1012,USB-C Hub,Pro,Electronics,Nova Supply Co.,Marketplace,Surabaya,Card,2,66.9,0.05,133.8,127.11,92.12,34.99,2025-11,2025-11-03/2025-11-09,0.2752733852568641
ORD-501627,2025-11-15,SKU-1030,Storage Box,Pro,Home & Kitchen,Urban Source Ltd.,Retail Store,Surabaya,E-Wallet,2,61.88,0.0,123.76,123.76,95.9,27.86,2025-11,2025-11-10/2025-11-16,0.22511312217194568
ORD-501628,2025-01-15,SKU-1035,Monitor Stand,Standard,Office,Brightline Wholesale,Online,Jakarta,Card,2,61.43,0.0,122.86,122.86,67.4,55.46,2025-01,2025-01-13/2025-01-19,0.45140810678821425
ORD-501629,2025-12-28,SKU-1005,Wireless Earbuds,Premium,Electronics,Aster Distribution,Marketplace,Jakarta,E-Wallet,2,102.99,0.05,205.98,195.68,121.46,74.22,2025-12,2025-12-22/2025-12-28,0.3792927228127555
ORD-501630,2025-01-16,SKU-1064,Dumbbell Set,Premium,Sports,Brightline Wholesale,Retail Store,Medan,Card,3,28.95,0.0,86.85,86.85,48.45,38.4,2025-01,2025-01-13/2025-01-19,0.4421416234887738
ORD-501631,2025-06-16,SKU-1044,Sunscreen,Premium,Beauty,Nova Supply Co.,Retail Store,Jakarta,E-Wallet,1,41.08,0.0,41.08,41.08,31.72,9.36,2025-06,2025-06-16/2025-06-22,0.22784810126582278
ORD-501632,2025-01-11,SKU-1011,USB-C Hub,Premium,Electronics,Urban Source Ltd.,Marketplace,Surabaya,Card,2,116.31,0.1,232.62,209.36,127.74,81.62,2025-01,2025-01-06/2025-01-12,0.3898547955674436
ORD-501633,2025-01-29,SKU-1006,Wireless Earbuds,Pro,Electronics,Aster Distribution,Marketplace,Jakarta,E-Wallet,1,48.0,0.0,48.0,48.0,31.91,16.09,2025-01,2025-01-27/2025-02-02,0.33520833333333333
ORD-501634,2025-07-15,SKU-1035,Monitor Stand,Standard,Office,Brightline Wholesale,Marketplace,Medan,Bank Transfer,1,61.43,0.2,61.43,49.14,33.7,15.44,2025-07,2025-07-14/2025-07-20,0.3142043142043142
ORD-501635,2025-11-11,SKU-1036,Monitor Stand,Premium,Office,Nova Supply Co.,Online,Jakarta,E-Wallet,3,158.85,0.2,476.55,381.24,330.81,50.43,2025-11,2025-11-10/2025-11-16,0.13227887944601827
ORD-501636,2025-04-22,SKU-1036,Monitor Stand,Premium,Office,Nova Supply Co.,Online,Yogyakarta,E-Wallet,2,158.85,0.05,317.7,301.82,220.54,81.28,2025-04,2025-04-21/2025-04-27,0.26929958253263536
ORD-501637,2025-02-28,SKU-1008,Power Bank,Premium,Electronics,Peak Imports,Retail Store,Bandung,Cash,1,64.8,0.15,64.8,55.08,35.52,19.56,2025-02,2025-02-24/2025-03-02,0.355119825708061
ORD-501638,2025-05-13,SKU-1064,Dumbbell Set,Premium,Sports,Brightline Wholesale,Online,Surabaya,Card,2,28.95,0.0,57.9,57.9,32.3,25.6,2025-05,2025-05-12/2025-05-18,0.4421416234887738
ORD-501639,2025-10-26,SKU-1039,Office Chair,Standard,Office,Nova Supply Co.,Marketplace,Medan,Bank Transfer,1,42.18,0.1,42.18,37.96,24.47,13.49,2025-10,2025-10-20/2025-10-26,0.3553740779768177
ORD-501640,2025-12-06,SKU-1057,Water Bottle,Standard,Sports,Nova Supply Co.,Marketplace,Makassar,Card,2,33.1,0.05,66.2,62.89,36.62,26.27,2025-12,2025-12-01/2025-12-07,0.41771346795993003
ORD-501641,2025-03-22,SKU-1017,Air Fryer,Premium,Home & Kitchen,Peak Imports,Online,Medan,Cash,1,85.71,0.0,85.71,85.71,66.93,18.78,2025-03,2025-03-17/2025-03-23,0.21911095554777743
ORD-501642,2025-01-02,SKU-1036,Monitor Stand,Premium,Office,Nova Supply Co.,Online,Bandung,E-Wallet,1,158.85,0.0,158.85,158.85,110.27,48.58,2025-01,2024-12-30/2025-01-05,0.3058231035568146
ORD-501643,2025-10-10,SKU-1036,Monitor Stand,Premium,Office,Nova Supply Co.,Online,Jakarta,E-Wallet,1,158.85,0.0,158.85,158.85,110.27,48.58,2025-10,2025-10-06/2025-10-12,0.3058231035568146
ORD-501644,2025-03-25,SKU-1031,Notebook,Standard,Office,Brightline Wholesale,Marketplace,Bandung,Card,1,36.9,0.0,36.9,36.9,23.06,13.84,2025-03,2025-03-24/2025-03-30,0.3750677506775068
ORD-501645,2025-09-27,SKU-1016,Air Fryer,Standard,Home & Kitchen,Aster Distribution,Marketplace,Bandung,E-Wallet,3,98.91,0.1,296.73,267.06,211.14,55.92,2025-09,2025-09-22/2025-09-28,0.2093911480566165
ORD-501646,2025-12-07,SKU-1057,Water Bottle,Standard,Sports,Nova Supply Co.,Marketplace,Semarang,E-Wallet,1,33.1,0.1,33.1,29.79,18.31,11.48,2025-12,2025-12-01/2025-12-07,0.38536421617992617
ORD-501647,2025-05-18,SKU-1006,Wireless Earbuds,Pro,Electronics,Aster Distribution,Online,Semarang,E-Wallet,3,48.0,0.0,144.0,144.0,95.73,48.27,2025-05,2025-05-12/2025-05-18,0.33520833333333333
ORD-501648,2025-05-12,SKU-1042,Face Cleanser,Premium,Beauty,Peak Imports,Wholesale,Surabaya,Bank Transfer,2,31.12,0.0,62.24,62.24,50.32,11.92,2025-05,2025-05-12/2025-05-18,0.19151670951156813
ORD-501649,2025-02-22,SKU-1057,Water Bottle,Standard,Sports,Nova Supply Co.,Retail Store,Yogyakarta,Card,1,33.1,0.0,33.1,33.1,18.31,14.79,2025-02,2025-02-17/2025-02-23,0.4468277945619335
ORD-501650,2025-10-25,SKU-1009,Power Bank,Pro,Electronics,Nova Supply Co.,Marketplace,Bandung,E-Wallet,1,120.75,0.0,120.75,120.75,92.43,28.32,2025-10,2025-10-20/2025-10-26,0.23453416149068324
ORD-501651,2025-04-01,SKU-1056,Resistance Bands,Pro,Sports,Nova Supply Co.,Wholesale,Bandung,Card,3,37.19,0.15,111.57,94.83,65.58,29.25,2025-04,2025-03-31/2025-04-06,0.3084466940841506
ORD-501652,2025-10-12,SKU-1024,Blender,Pro,Home & Kitchen,Aster Distribution,Marketplace,Surabaya,E-Wallet,2,59.17,0.15,118.34,100.59,89.92,10.67,2025-10,2025-10-06/2025-10-12,0.1060741624415946
ORD-501653,2025-05-26,SKU-1010,USB-C Hub,Standard,Electronics,Peak Imports,Marketplace,Jakarta,E-Wallet,3,23.78,0.15,71.34,60.64,55.41,5.23,2025-05,2025-05-26/2025-06-01,0.0862467018469657
ORD-501654,2025-12-22,SKU-1057,Water Bottle,Standard,Sports,Nova Supply Co.,Marketplace,Yogyakarta,Card,1,33.1,0.0,33.1,33.1,18.31,14.79,2025-12,2025-12-22/2025-12-28,0.4468277945619335
ORD-501655,2025-05-02,SKU-1020,Electric Kettle,Premium,Home & Kitchen,Peak Imports,Online,Medan,Card,1,73.42,0.05,73.42,69.75,57.33,12.42,2025-05,2025-04-28/2025-05-04,0.17806451612903226
ORD-501656,2025-11-12,SKU-1061,Running Belt,Premium,Sports,Aster Distribution,Retail Store,Makassar,Cash,1,76.7,0.0,76.7,76.7,43.71,32.99,2025-11,2025-11-10/2025-11-16,0.4301173402868318
ORD-501657,2025-05-27,SKU-1043,Sunscreen,Standard,Beauty,Brightline Wholesale,Online,Bandung,E-Wallet,1,26.13,0.1,26.13,23.52,20.37,3.15,2025-05,2025-05-26/2025-06-01,0.13392857142857142
ORD-501658,2025-01-10,SKU-1035,Monitor Stand,Standard,Office,Brightline Wholesale,Marketplace,Jakarta,Card,3,61.43,0.1,184.29,165.86,101.1,64.76,2025-01,2025-01-06/2025-01-12,0.3904497769202942
ORD-501659,2025-02-01,SKU-1001,Bluetooth Speaker,Standard,Electronics,Nova Supply Co.,Online,Makassar,Card,1,120.16,0.1,120.16,108.14,83.77,24.37,2025-02,2025-01-27/2025-02-02,0.22535601997410765
ORD-501660,2025-09-05,SKU-1019,Electric Kettle,Standard,Home & Kitchen,Nova Supply Co.,Marketplace,Bandung,Card,1,88.16,0.0,88.16,88.16,53.02,35.14,2025-09,2025-09-01/2025-09-07,0.3985934664246824
ORD-501661,2025-07-31,SKU-1025,Desk Lamp,Standard,Home & Kitchen,Urban Source Ltd.,Marketplace,Bandung,Bank Transfer,1,104.17,0.05,104.17,98.96,78.6,20.36,2025-07,2025-07-28/2025-08-03,0.20573969280517382
ORD-501662,2025-04-07,SKU-1048,Hair Dryer,Premium,Beauty,Urban Source Ltd.,Marketplace,Jakarta,Card,3,35.46,0.05,106.38,101.06,59.31,41.75,2025-04,2025-04-07/2025-04-13,0.4131209182663764
ORD-501663,2025-01-07,SKU-1035,Monitor Stand,Standard,Office,Brightline Wholesale,Online,Bandung,Bank Transfer,1,61.43,0.0,61.43,61.43,33.7,27.73,2025-01,2025-01-06/2025-01-12,0.45140810678821425
ORD-501664,2025-08-04,SKU-1026,Desk Lamp,Premium,Home & Kitchen,Peak Imports,Retail Store,Makassar,E-Wallet,1,42.39,0.0,42.39,42.39,31.28,11.11,2025-08,2025-08-04/2025-08-10,0.2620901155933003
ORD-501665,2025-03-20,SKU-1025,Desk Lamp,Standard,Home & Kitchen,Urban Source Ltd.,Marketplace,Medan,Bank Transfer,2,104.17,0.05,208.34,197.92,157.2,40.72,2025-03,2025-03-17/2025-03-23,0.20573969280517382
ORD-501666,2025-11-02,SKU-1011,USB-C Hub,Premium,Electronics,Urban Source Ltd.,Marketplace,Bandung,Bank Transfer,2,116.31,0.05,232.62,220.99,127.74,93.25,2025-11,2025-10-27/2025-11-02,0.4219647947870944
ORD-501667,2025-06-30,SKU-1050,Makeup Brush Set,Premium,Beauty,Peak Imports,Online,Makassar,Bank Transfer,3,37.2,0.1,111.6,100.44,77.79,22.65,2025-06,2025-06-30/2025-07-06,0.22550776583034646
ORD-501668,2025-09-10,SKU-1035,Monitor Stand,Standard,Office,Brightline Wholesale,Online,Semarang,Card,1,61.43,0.0,61.43,61.43,33.7,27.73,2025-09,2025-09-08/2025-09-14,0.45140810678821425
ORD-501669,2025-11-22,SKU-1038,Desk Organizer,Premium,Office,Urban Source Ltd.,Marketplace,Jakarta,Bank Transfer,1,47.71,0.1,47.71,42.94,35.03,7.91,2025-11,2025-11-17/2025-11-23,0.1842105263157895
ORD-501670,2025-09-17,SKU-1009,Power Bank,Pro,Electronics,Nova Supply Co.,Retail Store,Yogyakarta,E-Wallet,1,120.75,0.0,120.75,120.75,92.43,28.32,2025-09,2025-09-15/2025-09-21,0.23453416149068324
ORD-501671,2025-11-08,SKU-1025,Desk Lamp,Standard,Home & Kitchen,Urban Source Ltd.,Wholesale,Bandung,Card,2,104.17,0.05,208.34,197.92,157.2,40.72,2025-11,2025-11-03/2025-11-09,0.20573969280517382
ORD-501672,2025-02-15,SKU-1029,Storage Box,Premium,Home & Kitchen,Aster Distribution,Wholesale,Medan,Bank Transfer,1,14.45,0.0,14.45,14.45,11.48,2.97,2025-02,2025-02-10/2025-02-16,0.2055363321799308
ORD-501673,2025-07-09,SKU-1011,USB-C Hub,Premium,Electronics,Urban Source Ltd.,Marketplace,Bandung,E-Wallet,1,116.31,0.0,116.31,116.31,63.87,52.44,2025-07,2025-07-07/2025-07-13,0.4508640701573381
ORD-501674,2025-12-24,SKU-1007,Power Bank,Standard,Electronics,Nova Supply Co.,Retail Store,Makassar,Bank Transfer,2,127.25,0.0,254.5,254.5,163.68,90.82,2025-12,2025-12-22/2025-12-28,0.35685658153241645
ORD-501675,2025-07-30,SKU-1020,Electric Kettle,Premium,Home & Kitchen,Peak Imports,Online,Jakarta,E-Wallet,1,73.42,0.0,73.42,73.42,57.33,16.09,2025-07,2025-07-28/2025-08-03,0.2191500953418687
ORD-501676,2025-06-18,SKU-1002,Bluetooth Speaker,Premium,Electronics,Nova Supply Co.,Marketplace,Jakarta,E-Wallet,2,110.05,0.0,220.1,220.1,174.68,45.42,2025-06,2025-06-16/2025-06-22,0.20636074511585645
ORD-501677,2025-11-01,SKU-1061,Running Belt,Premium,Sports,Aster Distribution,Wholesale,Jakarta,Card,2,76.7,0.1,153.4,138.06,87.42,50.64,2025-11,2025-10-27/2025-11-02,0.36679704476314645
ORD-501678,2025-07-13,SKU-1043,Sunscreen,Standard,Beauty,Brightline Wholesale,Online,Makassar,Bank Transfer,1,26.13,0.0,26.13,26.13,20.37,5.76,2025-07,2025-07-07/2025-07-13,0.22043628013777267
ORD-501679,2025-12-14,SKU-1036,Monitor Stand,Premium,Office,Nova Supply Co.,Retail Store,Surabaya,Card,2,158.85,0.15,317.7,270.04,220.54,49.5,2025-12,2025-12-08/2025-12-14,0.183306176862687
ORD-501680,2025-11-03,SKU-1007,Power Bank,Standard,Electronics,Nova Supply Co.,Marketplace,Surabaya,Card,3,127.25,0.0,381.75,381.75,245.52,136.23,2025-11,2025-11-03/2025-11-09,0.35685658153241645
ORD-501681,2025-03-28,SKU-1023,Blender,Premium,Home & Kitchen,Urban Source Ltd.,Retail Store,Makassar,E-Wallet,1,72.39,0.1,72.39,65.15,53.2,11.95,2025-03,2025-03-24/2025-03-30,0.18342287029930926
ORD-501682,2025-05-25,SKU-1061,Running Belt,Premium,Sports,Aster Distribution,Retail Store,Jakarta,Bank Transfer,1,76.7,0.0,76.7,76.7,43.71,32.99,2025-05,2025-05-19/2025-05-25,0.4301173402868318
ORD-501683,2025-10-12,SKU-1026,Desk Lamp,Premium,Home & Kitchen,Peak Imports,Retail Store,Yogyakarta,Bank Transfer,1,42.39,0.15,42.39,36.03,31.28,4.75,2025-10,2025-10-06/2025-10-12,0.131834582292534
ORD-501684,2025-09-12,SKU-1056,Resistance Bands,Pro,Sports,Nova Supply Co.,Online,Semarang,E-Wallet,1,37.19,0.0,37.19,37.19,21.86,15.33,2025-09,2025-09-08/2025-09-14,0.4122075826835171
ORD-501685,2025-04-21,SKU-1053,Yoga Mat,Pro,Sports,Brightline Wholesale,Marketplace,Surabaya,Card,1,30.37,0.0,30.37,30.37,19.3,11.07,2025-04,2025-04-21/2025-04-27,0.3645044451761607
ORD-501686,2025-07-22,SKU-1015,Mechanical Keyboard,Pro,Electronics,Aster Distribution,Retail Store,Semarang,E-Wallet,1,110.43,0.05,110.43,104.91,80.89,24.02,2025-07,2025-07-21/2025-07-27,0.22895815460871224
ORD-501687,2025-08-22,SKU-1010,USB-C Hub,Standard,Electronics,Peak Imports,Online,Surabaya,Card,2,23.78,0.0,47.56,47.56,36.94,10.62,2025-08,2025-08-18/2025-08-24,0.22329688814129517
ORD-501688,2025-08-02,SKU-1032,Notebook,Premium,Office,Brightline Wholesale,Marketplace,Semarang,Card,1,86.3,0.15,86.3,73.35,63.48,9.87,2025-08,2025-07-28/2025-08-03,0.134560327198364
ORD-501689,2025-03-24,SKU-1057,Water Bottle,Standard,Sports,Nova Supply Co.,Marketplace,Bandung,Bank Transfer,1,33.1,0.0,33.1,33.1,18.31,14.79,2025-03,2025-03-24/2025-03-30,0.4468277945619335
ORD-501690,2025-08-16,SKU-1024,Blender,Pro,Home & Kitchen,Aster Distribution,Online,Jakarta,Card,1,59.17,0.0,59.17,59.17,44.96,14.21,2025-08,2025-08-11/2025-08-17,0.24015548419807337
ORD-501691,2025-04-22,SKU-1041,Face Cleanser,Standard,Beauty,Brightline Wholesale,Online,Surabaya,Card,2,40.88,0.2,81.76,65.41,52.16,13.25,2025-04,2025-04-21/2025-04-27,0.20256841461550223
ORD-501692,2025-03-23,SKU-1024,Blender,Pro,Home & Kitchen,Aster Distribution,Online,Bandung,Card,3,59.17,0.1,177.51,159.76,134.88,24.88,2025-03,2025-03-17/2025-03-23,0.1557336004006009
ORD-501693,2025-03-27,SKU-1005,Wireless Earbuds,Premium,Electronics,Aster Distribution,Marketplace,Surabaya,Card,2,102.99,0.05,205.98,195.68,121.46,74.22,2025-03,2025-03-24/2025-03-30,0.3792927228127555
ORD-501694,2025-08-05,SKU-1034,Gel Pen Set,Premium,Office,Aster Distribution,Online,Bandung,Card,1,211.77,0.0,211.77,211.77,119.78,91.99,2025-08,2025-08-04/2025-08-10,0.4343863625631581
ORD-501695,2025-12-17,SKU-1002,Bluetooth Speaker,Premium,Electronics,Nova Supply Co.,Marketplace,Bandung,Card,1,110.05,0.0,110.05,110.05,87.34,22.71,2025-12,2025-12-15/2025-12-21,0.20636074511585645
ORD-501696,2025-10-03,SKU-1036,Monitor Stand,Premium,Office,Nova Supply Co.,Online,Medan,E-Wallet,2,158.85,0.1,317.7,285.93,220.54,65.39,2025-10,2025-09-29/2025-10-05,0.22869233728534955
ORD-501697,2025-12-25,SKU-1061,Running Belt,Premium,Sports,Aster Distribution,Online,Jakarta,E-Wallet,3,76.7,0.05,230.1,218.59,131.13,87.46,2025-12,2025-12-22/2025-12-28,0.40010979459261625
ORD-501698,2025-11-07,SKU-1026,Desk Lamp,Premium,Home & Kitchen,Peak Imports,Marketplace,Jakarta,Card,2,42.39,0.2,84.78,67.82,62.56,5.26,2025-11,2025-11-03/2025-11-09,0.07755824240636981
ORD-501699,2025-11-06,SKU-1017,Air Fryer,Premium,Home & Kitchen,Peak Imports,Online,Jakarta,E-Wallet,1,85.71,0.0,85.71,85.71,66.93,18.78,2025-11,2025-11-03/2025-11-09,0.21911095554777743
ORD-501700,2025-04-05,SKU-1063,Dumbbell Set,Standard,Sports,Urban Source Ltd.,Marketplace,Yogyakarta,Bank Transfer,1,37.4,0.2,37.4,29.92,29.68,0.24,2025-04,2025-03-31/2025-04-06,0.00802139037433155
ORD-501701,2025-10-03,SKU-1012,USB-C Hub,Pro,Electronics,Nova Supply Co.,Marketplace,Bandung,Bank Transfer,1,66.9,0.15,66.9,56.86,46.06,10.8,2025-10,2025-09-29/2025-10-05,0.18994020400984876
ORD-501702,2025-09-01,SKU-1025,Desk Lamp,Standard,Home & Kitchen,Urban Source Ltd.,Marketplace,Semarang,E-Wallet,2,104.17,0.0,208.34,208.34,157.2,51.14,2025-09,2025-09-01/2025-09-07,0.2454641451473553
ORD-501703,2025-12-13,SKU-1060,Running Belt,Standard,Sports,Nova Supply Co.,Wholesale,Makassar,E-Wallet,2,84.42,0.1,168.84,151.96,96.3,55.66,2025-12,2025-12-08/2025-12-14,0.36628060015793623
ORD-501704,2025-10-14,SKU-1061,Running Belt,Premium,Sports,Aster Distribution,Online,Yogyakarta,Cash,1,76.7,0.0,76.7,76.7,43.71,32.99,2025-10,2025-10-13/2025-10-19,0.4301173402868318
ORD-501705,2025-07-17,SKU-1036,Monitor Stand,Premium,Office,Nova Supply Co.,Marketplace,Surabaya,Bank Transfer,2,158.85,0.0,317.7,317.7,220.54,97.16,2025-07,2025-07-14/2025-07-20,0.3058231035568146
ORD-501706,2025-03-18,SKU-1031,Notebook,Standard,Office,Brightline Wholesale,Marketplace,Surabaya,Card,1,36.9,0.0,36.9,36.9,23.06,13.84,2025-03,2025-03-17/2025-03-23,0.3750677506775068
ORD-501707,2025-11-21,SKU-1065,Dumbbell Set,Pro,Sports,Urban Source Ltd.,Online,Yogyakarta,E-Wallet,1,18.33,0.0,18.33,18.33,10.76,7.57,2025-11,2025-11-17/2025-11-23,0.4129841789416258
ORD-501708,2025-01-22,SKU-1004,Wireless Earbuds,Standard,Electronics,Aster Distribution,Retail Store,Bandung,Bank Transfer,1,77.45,0.0,77.45,77.45,55.47,21.98,2025-01,2025-01-20/2025-01-26,0.28379599741768885
ORD-501709,2025-07-09,SKU-1048,Hair Dryer,Premium,Beauty,Urban Source Ltd.,Marketplace,Makassar,Bank Transfer,2,35.46,0.1,70.92,63.83,39.54,24.29,2025-07,2025-07-07/2025-07-13,0.3805420648597838
ORD-501710,2025-05-25,SKU-1053,Yoga Mat,Pro,Sports,Brightline Wholesale,Online,Jakarta,E-Wallet,1,30.37,0.1,30.37,27.33,19.3,8.03,2025-05,2025-05-19/2025-05-25,0.2938163190633004
ORD-501711,2025-01-04,SKU-1005,Wireless Earbuds,Premium,Electronics,Aster Distribution,Online,Surabaya,Card,2,102.99,0.15,205.98,175.08,121.46,53.62,2025-01,2024-12-30/2025-01-05,0.30625999543066024
ORD-501712,2025-07-27,SKU-1063,Dumbbell Set,Standard,Sports,Urban Source Ltd.,Retail Store,Medan,Card,3,37.4,0.0,112.2,112.2,89.04,23.16,2025-07,2025-07-21/2025-07-27,0.20641711229946524
ORD-501713,2025-08-30,SKU-1029,Storage Box,Premium,Home & Kitchen,Aster Distribution,Online,Yogyakarta,Bank Transfer,1,14.45,0.2,14.45,11.56,11.48,0.08,2025-08,2025-08-25/2025-08-31,0.006920415224913495
ORD-501714,2025-09-24,SKU-1014,Mechanical Keyboard,Premium,Electronics,Nova Supply Co.,Online,Semarang,Bank Transfer,1,106.42,0.0,106.42,106.42,74.24,32.18,2025-09,2025-09-22/2025-09-28,0.3023867694042473
ORD-501715,2025-11-09,SKU-1019,Electric Kettle,Standard,Home & Kitchen,Nova Supply Co.,Marketplace,Bandung,E-Wallet,1,88.16,0.0,88.16,88.16,53.02,35.14,2025-11,2025-11-03/2025-11-09,0.3985934664246824
ORD-501716,2025-09-30,SKU-1006,Wireless Earbuds,Pro,Electronics,Aster Distribution,Marketplace,Medan,Cash,1,48.0,0.0,48.0,48.0,31.91,16.09,2025-09,2025-09-29/2025-10-05,0.33520833333333333
ORD-501717,2025-05-23,SKU-1012,USB-C Hub,Pro,Electronics,Nova Supply Co.,Online,Bandung,Bank Transfer,2,66.9,0.15,133.8,113.73,92.12,21.61,2025-05,2025-05-19/2025-05-25,0.19001143058120107
ORD-501718,2025-11-30,SKU-1001,Bluetooth Speaker,Standard,Electronics,Nova Supply Co.,Marketplace,Makassar,E-Wallet,2,120.16,0.1,240.32,216.29,167.54,48.75,2025-11,2025-11-24/2025-11-30,0.22539183503629387
ORD-501719,2025-01-17,SKU-1021,Electric Kettle,Pro,Home & Kitchen,Aster Distribution,Retail Store,Medan,Card,2,84.19,0.0,168.38,168.38,115.86,52.52,2025-01,2025-01-13/2025-01-19,0.31191352892267493
ORD-501720,2025-04-12,SKU-1027,Desk Lamp,Pro,Home & Kitchen,Brightline Wholesale,Marketplace,Jakarta,Cash,2,72.16,0.0,144.32,144.32,86.66,57.66,2025-04,2025-04-07/2025-04-13,0.3995288248337029
ORD-501721,2025-06-15,SKU-1023,Blender,Premium,Home & Kitchen,Urban Source Ltd.,Marketplace,Surabaya,E-Wallet,4,72.39,0.15,289.56,246.13,212.8,33.33,2025-06,2025-06-09/2025-06-15,0.13541624344858408
ORD-501722,2025-09-10,SKU-1002,Bluetooth Speaker,Premium,Electronics,Nova Supply Co.,Marketplace,Medan,Bank Transfer,1,110.05,0.0,110.05,110.05,87.34,22.71,2025-09,2025-09-08/2025-09-14,0.20636074511585645
ORD-501723,2025-07-05,SKU-1057,Water Bottle,Standard,Sports,Nova Supply Co.,Online,Yogyakarta,Card,1,33.1,0.0,33.1,33.1,18.31,14.79,2025-07,2025-06-30/2025-07-06,0.4468277945619335
ORD-501724,2025-07-19,SKU-1034,Gel Pen Set,Premium,Office,Aster Distribution,Online,Yogyakarta,Bank Transfer,1,211.77,0.15,211.77,180.0,119.78,60.22,2025-07,2025-07-14/2025-07-20,0.33455555555555555
ORD-501725,2025-06-27,SKU-1043,Sunscreen,Standard,Beauty,Brightline Wholesale,Online,Surabaya,E-Wallet,1,26.13,0.1,26.13,23.52,20.37,3.15,2025-06,2025-06-23/2025-06-29,0.13392857142857142
ORD-501726,2025-11-13,SKU-1010,USB-C Hub,Standard,Electronics,Peak Imports,Online,Yogyakarta,Bank Transfer,2,23.78,0.05,47.56,45.18,36.94,8.24,2025-11,2025-11-10/2025-11-16,0.18238158477202301
ORD-501727,2025-03-04,SKU-1056,Resistance Bands,Pro,Sports,Nova Supply Co.,Retail Store,Medan,Card,1,37.19,0.0,37.19,37.19,21.86,15.33,2025-03,2025-03-03/2025-03-09,0.4122075826835171
ORD-501728,2025-03-19,SKU-1009,Power Bank,Pro,Electronics,Nova Supply Co.,Online,Jakarta,E-Wallet,1,120.75,0.1,120.75,108.68,92.43,16.25,2025-03,2025-03-17/2025-03-23,0.14952153110047847
ORD-501729,2025-12-03,SKU-1031,Notebook,Standard,Office,Brightline Wholesale,Online,Medan,Card,2,36.9,0.0,73.8,73.8,46.12,27.68,2025-12,2025-12-01/2025-12-07,0.3750677506775068
ORD-501730,2025-05-10,SKU-1059,Water Bottle,Pro,Sports,Brightline Wholesale,Marketplace,Bandung,E-Wallet,2,21.51,0.1,43.02,38.72,34.74,3.98,2025-05,2025-05-05/2025-05-11,0.10278925619834711
ORD-501731,2025-09-28,SKU-1053,Yoga Mat,Pro,Sports,Brightline Wholesale,Retail Store,Bandung,Cash,1,30.37,0.0,30.37,30.37,19.3,11.07,2025-09,2025-09-22/2025-09-28,0.3645044451761607
ORD-501732,2025-03-14,SKU-1009,Power Bank,Pro,Electronics,Nova Supply Co.,Online,Yogyakarta,E-Wallet,1,120.75,0.15,120.75,102.64,92.43,10.21,2025-03,2025-03-10/2025-03-16,0.0994738893219018
ORD-501733,2025-07-01,SKU-1035,Monitor Stand,Standard,Office,Brightline Wholesale,Online,Jakarta,Cash,4,61.43,0.0,245.72,245.72,134.8,110.92,2025-07,2025-06-30/2025-07-06,0.45140810678821425
ORD-501734,2025-06-26,SKU-1019,Electric Kettle,Standard,Home & Kitchen,Nova Supply Co.,Online,Jakarta,Card,1,88.16,0.0,88.16,88.16,53.02,35.14,2025-06,2025-06-23/2025-06-29,0.3985934664246824
ORD-501735,2025-06-01,SKU-1024,Blender,Pro,Home & Kitchen,Aster Distribution,Online,Medan,Card,1,59.17,0.05,59.17,56.21,44.96,11.25,2025-06,2025-05-26/2025-06-01,0.20014232342999466
ORD-501736,2025-07-20,SKU-1056,Resistance Bands,Pro,Sports,Nova Supply Co.,Marketplace,Yogyakarta,E-Wallet,1,37.19,0.0,37.19,37.19,21.86,15.33,2025-07,2025-07-14/2025-07-20,0.4122075826835171
ORD-501737,2025-08-31,SKU-1006,Wireless Earbuds,Pro,Electronics,Aster Distribution,Retail Store,Yogyakarta,Card,1,48.0,0.0,48.0,48.0,31.91,16.09,2025-08,2025-08-25/2025-08-31,0.33520833333333333
ORD-501738,2025-07-01,SKU-1064,Dumbbell Set,Premium,Sports,Brightline Wholesale,Marketplace,Bandung,Card,1,28.95,0.0,28.95,28.95,16.15,12.8,2025-07,2025-06-30/2025-07-06,0.4421416234887738
ORD-501739,2025-08-02,SKU-1026,Desk Lamp,Premium,Home & Kitchen,Peak Imports,Online,Bandung,E-Wallet,1,42.39,0.1,42.39,38.15,31.28,6.87,2025-08,2025-07-28/2025-08-03,0.1800786369593709
ORD-501740,2025-07-26,SKU-1034,Gel Pen Set,Premium,Office,Aster Distribution,Marketplace,Surabaya,Card,1,211.77,0.1,211.77,190.59,119.78,70.81,2025-07,2025-07-21/2025-07-27,0.37153051051996433
ORD-501741,2025-11-15,SKU-1030,Storage Box,Pro,Home & Kitchen,Urban Source Ltd.,Online,Yogyakarta,Bank Transfer,1,61.88,0.15,61.88,52.6,47.95,4.65,2025-11,2025-11-10/2025-11-16,0.08840304182509506
ORD-501742,2025-12-25,SKU-1056,Resistance Bands,Pro,Sports,Nova Supply Co.,Online,Yogyakarta,Bank Transfer,1,37.19,0.15,37.19,31.61,21.86,9.75,2025-12,2025-12-22/2025-12-28,0.3084466940841506
ORD-501743,2025-09-07,SKU-1030,Storage Box,Pro,Home & Kitchen,Urban Source Ltd.,Online,Jakarta,Card,1,61.88,0.0,61.88,61.88,47.95,13.93,2025-09,2025-09-01/2025-09-07,0.22511312217194568
ORD-501744,2025-09-06,SKU-1056,Resistance Bands,Pro,Sports,Nova Supply Co.,Marketplace,Surabaya,E-Wallet,3,37.19,0.15,111.57,94.83,65.58,29.25,2025-09,2025-09-01/2025-09-07,0.3084466940841506
ORD-501745,2025-03-07,SKU-1015,Mechanical Keyboard,Pro,Electronics,Aster Distribution,Wholesale,Jakarta,E-Wallet,2,110.43,0.1,220.86,198.77,161.78,36.99,2025-03,2025-03-03/2025-03-09,0.18609448105850984
ORD-501746,2025-05-02,SKU-1020,Electric Kettle,Premium,Home & Kitchen,Peak Imports,Online,Surabaya,Bank Transfer,1,73.42,0.1,73.42,66.08,57.33,8.75,2025-05,2025-04-28/2025-05-04,0.13241525423728814
ORD-501747,2025-07-24,SKU-1035,Monitor Stand,Standard,Office,Brightline Wholesale,Marketplace,Surabaya,Card,1,61.43,0.0,61.43,61.43,33.7,27.73,2025-07,2025-07-21/2025-07-27,0.45140810678821425
ORD-501748,2025-03-27,SKU-1038,Desk Organizer,Premium,Office,Urban Source Ltd.,Marketplace,Medan,E-Wallet,2,47.71,0.1,95.42,85.88,70.06,15.82,2025-03,2025-03-24/2025-03-30,0.1842105263157895
ORD-501749,2025-04-13,SKU-1061,Running Belt,Premium,Sports,Aster Distribution,Online,Jakarta,E-Wallet,1,76.7,0.1,76.7,69.03,43.71,25.32,2025-04,2025-04-07/2025-04-13,0.36679704476314645
ORD-501750,2025-06-03,SKU-1019,Electric Kettle,Standard,Home & Kitchen,Nova Supply Co.,Marketplace,Yogyakarta,Card,1,88.16,0.15,88.16,74.94,53.02,21.92,2025-06,2025-06-02/2025-06-08,0.29250066720042706
ORD-501751,2025-10-10,SKU-1042,Face Cleanser,Premium,Beauty,Peak Imports,Marketplace,Surabaya,E-Wallet,1,31.12,0.1,31.12,28.01,25.16,2.85,2025-10,2025-10-06/2025-10-12,0.1017493752231346
ORD-501752,2025-01-09,SKU-1005,Wireless Earbuds,Premium,Electronics,Aster Distribution,Online,Yogyakarta,E-Wallet,1,102.99,0.2,102.99,82.39,60.73,21.66,2025-01,2025-01-06/2025-01-12,0.26289598252215074
ORD-501753,2025-07-03,SKU-1061,Running Belt,Premium,Sports,Aster Distribution,Marketplace,Jakarta,E-Wallet,2,76.7,0.1,153.4,138.06,87.42,50.64,2025-07,2025-06-30/2025-07-06,0.36679704476314645
ORD-501754,2025-03-14,SKU-1060,Running Belt,Standard,Sports,Nova Supply Co.,Marketplace,Jakarta,Bank Transfer,1,84.42,0.1,84.42,75.98,48.15,27.83,2025-03,2025-03-10/2025-03-16,0.36628060015793623
ORD-501755,2025-05-10,SKU-1030,Storage Box,Pro,Home & Kitchen,Urban Source Ltd.,Wholesale,Yogyakarta,Bank Transfer,1,61.88,0.05,61.88,58.79,47.95,10.84,2025-05,2025-05-05/2025-05-11,0.18438509950671883
ORD-501756,2025-11-04,SKU-1022,Blender,Standard,Home & Kitchen,Peak Imports,Marketplace,Jakarta,Bank Transfer,1,94.62,0.0,94.62,94.62,60.77,33.85,2025-11,2025-11-03/2025-11-09,0.3577467765800042
ORD-501757,2025-10-17,SKU-1012,USB-C Hub,Pro,Electronics,Nova Supply Co.,Online,Surabaya,Bank Transfer,2,66.9,0.05,133.8,127.11,92.12,34.99,2025-10,2025-10-13/2025-10-19,0.2752733852568641
ORD-501758,2025-01-10,SKU-1056,Resistance Bands,Pro,Sports,Nova Supply Co.,Wholesale,Jakarta,E-Wallet,1,37.19,0.0,37.19,37.19,21.86,15.33,2025-01,2025-01-06/2025-01-12,0.4122075826835171
ORD-501759,2025-07-29,SKU-1053,Yoga Mat,Pro,Sports,Brightline Wholesale,Retail Store,Bandung,Card,2,30.37,0.15,60.74,51.63,38.6,13.03,2025-07,2025-07-28/2025-08-03,0.252372651559171
ORD-501760,2025-10-29,SKU-1054,Resistance Bands,Standard,Sports,Peak Imports,Online,Makassar,E-Wallet,2,67.42,0.0,134.84,134.84,106.5,28.34,2025-10,2025-10-27/2025-11-02,0.21017502224859091
ORD-501761,2025-07-17,SKU-1057,Water Bottle,Standard,Sports,Nova Supply Co.,Marketplace,Surabaya,Bank Transfer,1,33.1,0.05,33.1,31.44,18.31,13.13,2025-07,2025-07-14/2025-07-20,0.4176208651399491
ORD-501762,2025-12-07,SKU-1060,Running Belt,Standard,Sports,Nova Supply Co.,Online,Yogyakarta,Bank Transfer,2,84.42,0.0,168.84,168.84,96.3,72.54,2025-12,2025-12-01/2025-12-07,0.42963752665245203
ORD-501763,2025-11-09,SKU-1035,Monitor Stand,Standard,Office,Brightline Wholesale,Online,Jakarta,Cash,3,61.43,0.05,184.29,175.08,101.1,73.98,2025-11,2025-11-03/2025-11-09,0.4225496915695682
ORD-501764,2025-10-11,SKU-1061,Running Belt,Premium,Sports,Aster Distribution,Retail Store,Semarang,E-Wallet,2,76.7,0.0,153.4,153.4,87.42,65.98,2025-10,2025-10-06/2025-10-12,0.4301173402868318
ORD-501765,2025-04-14,SKU-1063,Dumbbell Set,Standard,Sports,Urban Source Ltd.,Online,Surabaya,Card,1,37.4,0.05,37.4,35.53,29.68,5.85,2025-04,2025-04-14/2025-04-20,0.1646495918941739
ORD-501766,2025-07-13,SKU-1009,Power Bank,Pro,Electronics,Nova Supply Co.,Online,Yogyakarta,Bank Transfer,1,120.75,0.0,120.75,120.75,92.43,28.32,2025-07,2025-07-07/2025-07-13,0.23453416149068324
ORD-501767,2025-06-23,SKU-1063,Dumbbell Set,Standard,Sports,Urban Source Ltd.,Marketplace,Bandung,Card,1,37.4,0.0,37.4,37.4,29.68,7.72,2025-06,2025-06-23/2025-06-29,0.20641711229946524
ORD-501768,2025-08-14,SKU-1056,Resistance Bands,Pro,Sports,Nova Supply Co.,Marketplace,Yogyakarta,Card,2,37.19,0.1,74.38,66.94,43.72,23.22,2025-08,2025-08-11/2025-08-17,0.3468778010158351
ORD-501769,2025-09-24,SKU-1002,Bluetooth Speaker,Premium,Electronics,Nova Supply Co.,Online,Bandung,Bank Transfer,1,110.05,0.15,110.05,93.54,87.34,6.2,2025-09,2025-09-22/2025-09-28,0.06628180457558264
ORD-501770,2025-04-07,SKU-1012,USB-C Hub,Pro,Electronics,Nova Supply Co.,Online,Jakarta,Card,1,66.9,0.15,66.9,56.86,46.06,10.8,2025-04,2025-04-07/2025-04-13,0.18994020400984876
ORD-501771,2025-09-29,SKU-1010,USB-C Hub,Standard,Electronics,Peak Imports,Marketplace,Jakarta,E-Wallet,1,23.78,0.0,23.78,23.78,18.47,5.31,2025-09,2025-09-29/2025-10-05,0.22329688814129517
ORD-501772,2025-02-10,SKU-1020,Electric Kettle,Premium,Home & Kitchen,Peak Imports,Retail Store,Jakarta,Bank Transfer,1,73.42,0.1,73.42,66.08,57.33,8.75,2025-02,2025-02-10/2025-02-16,0.13241525423728814
ORD-501773,2025-11-27,SKU-1040,Office Chair,Premium,Office,Brightline Wholesale,Marketplace,Makassar,Bank Transfer,1,159.4,0.1,159.4,143.46,111.42,32.04,2025-11,2025-11-24/2025-11-30,0.2233375156838143
ORD-501774,2025-07-21,SKU-1053,Yoga Mat,Pro,Sports,Brightline Wholesale,Online,Jakarta,Card,1,30.37,0.1,30.37,27.33,19.3,8.03,2025-07,2025-07-21/2025-07-27,0.2938163190633004
ORD-501775,2025-11-15,SKU-1057,Water Bottle,Standard,Sports,Nova Supply Co.,Retail Store,Jakarta,E-Wallet,2,33.1,0.15,66.2,56.27,36.62,19.65,2025-11,2025-11-10/2025-11-16,0.34920917007286295
ORD-501776,2025-09-27,SKU-1025,Desk Lamp,Standard,Home & Kitchen,Urban Source Ltd.,Wholesale,Makassar,Card,1,104.17,0.15,104.17,88.54,78.6,9.94,2025-09,2025-09-22/2025-09-28,0.112265642647391
ORD-501777,2025-12-01,SKU-1053,Yoga Mat,Pro,Sports,Brightline Wholesale,Online,Medan,Card,1,30.37,0.1,30.37,27.33,19.3,8.03,2025-12,2025-12-01/2025-12-07,0.2938163190633004
ORD-501778,2025-06-16,SKU-1061,Running Belt,Premium,Sports,Aster Distribution,Marketplace,Bandung,E-Wallet,1,76.7,0.0,76.7,76.7,43.71,32.99,2025-06,2025-06-16/2025-06-22,0.4301173402868318
ORD-501779,2025-08-20,SKU-1009,Power Bank,Pro,Electronics,Nova Supply Co.,Retail Store,Jakarta,Card,1,120.75,0.0,120.75,120.75,92.43,28.32,2025-08,2025-08-18/2025-08-24,0.23453416149068324
ORD-501780,2025-04-05,SKU-1001,Bluetooth Speaker,Standard,Electronics,Nova Supply Co.,Online,Bandung,Bank Transfer,2,120.16,0.0,240.32,240.32,167.54,72.78,2025-04,2025-03-31/2025-04-06,0.3028462050599201
ORD-501781,2025-06-26,SKU-1029,Storage Box,Premium,Home & Kitchen,Aster Distribution,Retail Store,Surabaya,E-Wallet,1,14.45,0.05,14.45,13.73,11.48,2.25,2025-06,2025-06-23/2025-06-29,0.1638747268754552
ORD-501782,2025-02-21,SKU-1057,Water Bottle,Standard,Sports,Nova Supply Co.,Marketplace,Surabaya,Card,1,33.1,0.0,33.1,33.1,18.31,14.79,2025-02,2025-02-17/2025-02-23,0.4468277945619335
ORD-501783,2025-04-27,SKU-1038,Desk Organizer,Premium,Office,Urban Source Ltd.,Retail Store,Jakarta,Cash,1,47.71,0.0,47.71,47.71,35.03,12.68,2025-04,2025-04-21/2025-04-27,0.26577237476420035
ORD-501784,2025-10-10,SKU-1002,Bluetooth Speaker,Premium,Electronics,Nova Supply Co.,Online,Semarang,Cash,1,110.05,0.2,110.05,88.04,87.34,0.7,2025-10,2025-10-06/2025-10-12,0.007950931394820535
ORD-501785,2025-06-18,SKU-1011,USB-C Hub,Premium,Electronics,Urban Source Ltd.,Marketplace,Jakarta,Cash,2,116.31,0.0,232.62,232.62,127.74,104.88,2025-06,2025-06-16/2025-06-22,0.4508640701573381
ORD-501786,2025-08-30,SKU-1009,Power Bank,Pro,Electronics,Nova Supply Co.,Marketplace,Yogyakarta,E-Wallet,2,120.75,0.05,241.5,229.42,184.86,44.56,2025-08,2025-08-25/2025-08-31,0.19422892511550868
ORD-501787,2025-11-11,SKU-1037,Desk Organizer,Standard,Office,Nova Supply Co.,Retail Store,Yogyakarta,E-Wallet,1,24.82,0.0,24.82,24.82,14.08,10.74,2025-11,2025-11-10/2025-11-16,0.43271555197421435
ORD-501788,2025-01-26,SKU-1061,Running Belt,Premium,Sports,Aster Distribution,Online,Jakarta,E-Wallet,1,76.7,0.0,76.7,76.7,43.71,32.99,2025-01,2025-01-20/2025-01-26,0.4301173402868318
ORD-501789,2025-08-23,SKU-1002,Bluetooth Speaker,Premium,Electronics,Nova Supply Co.,Online,Makassar,Bank Transfer,1,110.05,0.15,110.05,93.54,87.34,6.2,2025-08,2025-08-18/2025-08-24,0.06628180457558264
ORD-501790,2025-09-06,SKU-1057,Water Bottle,Standard,Sports,Nova Supply Co.,Marketplace,Medan,Card,1,33.1,0.05,33.1,31.44,18.31,13.13,2025-09,2025-09-01/2025-09-07,0.4176208651399491
ORD-501791,2025-05-19,SKU-1006,Wireless Earbuds,Pro,Electronics,Aster Distribution,Online,Semarang,Card,1,48.0,0.0,48.0,48.0,31.91,16.09,2025-05,2025-05-19/2025-05-25,0.33520833333333333
ORD-501792,2025-01-02,SKU-1033,Gel Pen Set,Standard,Office,Aster Distribution,Marketplace,Semarang,Bank Transfer,1,82.15,0.0,82.15,82.15,65.35,16.8,2025-01,2024-12-30/2025-01-05,0.20450395617772368
ORD-501793,2025-07-07,SKU-1019,Electric Kettle,Standard,Home & Kitchen,Nova Supply Co.,Online,Jakarta,Card,1,88.16,0.0,88.16,88.16,53.02,35.14,2025-07,2025-07-07/2025-07-13,0.3985934664246824
ORD-501794,2025-12-28,SKU-1012,USB-C Hub,Pro,Electronics,Nova Supply Co.,Online,Jakarta,Card,1,66.9,0.0,66.9,66.9,46.06,20.84,2025-12,2025-12-22/2025-12-28,0.3115097159940209
ORD-501795,2025-08-09,SKU-1007,Power Bank,Standard,Electronics,Nova Supply Co.,Online,Jakarta,Card,1,127.25,0.0,127.25,127.25,81.84,45.41,2025-08,2025-08-04/2025-08-10,0.35685658153241645
ORD-501796,2025-12-13,SKU-1029,Storage Box,Premium,Home & Kitchen,Aster Distribution,Retail Store,Semarang,Bank Transfer,1,14.45,0.0,14.45,14.45,11.48,2.97,2025-12,2025-12-08/2025-12-14,0.2055363321799308
ORD-501797,2025-05-19,SKU-1060,Running Belt,Standard,Sports,Nova Supply Co.,Wholesale,Medan,Bank Transfer,1,84.42,0.1,84.42,75.98,48.15,27.83,2025-05,2025-05-19/2025-05-25,0.36628060015793623
ORD-501798,2025-04-12,SKU-1042,Face Cleanser,Premium,Beauty,Peak Imports,Online,Yogyakarta,Card,1,31.12,0.15,31.12,26.45,25.16,1.29,2025-04,2025-04-07/2025-04-13,0.048771266540642726
ORD-501799,2025-01-31,SKU-1064,Dumbbell Set,Premium,Sports,Brightline Wholesale,Marketplace,Yogyakarta,E-Wallet,1,28.95,0.0,28.95,28.95,16.15,12.8,2025-01,2025-01-27/2025-02-02,0.4421416234887738
ORD-501800,2025-01-25,SKU-1053,Yoga Mat,Pro,Sports,Brightline Wholesale,Wholesale,Yogyakarta,Bank Transfer,1,30.37,0.1,30.37,27.33,19.3,8.03,2025-01,2025-01-20/2025-01-26,0.2938163190633004
ORD-501801,2025-09-02,SKU-1036,Monitor Stand,Premium,Office,Nova Supply Co.,Online,Surabaya,Cash,2,158.85,0.15,317.7,270.04,220.54,49.5,2025-09,2025-09-01/2025-09-07,0.183306176862687
ORD-501802,2025-09-11,SKU-1007,Power Bank,Standard,Electronics,Nova Supply Co.,Marketplace,Yogyakarta,Card,2,127.25,0.0,254.5,254.5,163.68,90.82,2025-09,2025-09-08/2025-09-14,0.35685658153241645
ORD-501803,2025-03-02,SKU-1030,Storage Box,Pro,Home & Kitchen,Urban Source Ltd.,Online,Yogyakarta,Bank Transfer,1,61.88,0.0,61.88,61.88,47.95,13.93,2025-03,2025-02-24/2025-03-02,0.22511312217194568
ORD-501804,2025-01-12,SKU-1053,Yoga Mat,Pro,Sports,Brightline Wholesale,Online,Jakarta,Card,1,30.37,0.0,30.37,30.37,19.3,11.07,2025-01,2025-01-06/2025-01-12,0.3645044451761607
ORD-501805,2025-06-20,SKU-1006,Wireless Earbuds,Pro,Electronics,Aster Distribution,Retail Store,Bandung,E-Wallet,1,48.0,0.05,48.0,45.6,31.91,13.69,2025-06,2025-06-16/2025-06-22,0.300219298245614
ORD-501806,2025-05-11,SKU-1021,Electric Kettle,Pro,Home & Kitchen,Aster Distribution,Online,Yogyakarta,Card,1,84.19,0.0,84.19,84.19,57.93,26.26,2025-05,2025-05-05/2025-05-11,0.31191352892267493
ORD-501807,2025-08-01,SKU-1002,Bluetooth Speaker,Premium,Electronics,Nova Supply Co.,Online,Surabaya,Cash,1,110.05,0.1,110.05,99.04,87.34,11.7,2025-08,2025-07-28/2025-08-03,0.11813408723747978
ORD-501808,2025-02-16,SKU-1053,Yoga Mat,Pro,Sports,Brightline Wholesale,Marketplace,Jakarta,E-Wallet,2,30.37,0.0,60.74,60.74,38.6,22.14,2025-02,2025-02-10/2025-02-16,0.3645044451761607
ORD-501809,2025-09-11,SKU-1003,Bluetooth Speaker,Pro,Electronics,Brightline Wholesale,Online,Makassar,Card,1,118.47,0.0,118.47,118.47,71.07,47.4,2025-09,2025-09-08/2025-09-14,0.40010129146619394
ORD-501810,2025-01-10,SKU-1030,Storage Box,Pro,Home & Kitchen,Urban Source Ltd.,Marketplace,Yogyakarta,Bank Transfer,2,61.88,0.1,123.76,111.38,95.9,15.48,2025-01,2025-01-06/2025-01-12,0.13898365954390376
ORD-501811,2025-09-04,SKU-1065,Dumbbell Set,Pro,Sports,Urban Source Ltd.,Online,Jakarta,E-Wallet,1,18.33,0.0,18.33,18.33,10.76,7.57,2025-09,2025-09-01/2025-09-07,0.4129841789416258
ORD-501812,2025-07-04,SKU-1011,USB-C Hub,Premium,Electronics,Urban Source Ltd.,Online,Surabaya,Bank Transfer,1,116.31,0.0,116.31,116.31,63.87,52.44,2025-07,2025-06-30/2025-07-06,0.4508640701573381
ORD-501813,2025-09-29,SKU-1015,Mechanical Keyboard,Pro,Electronics,Aster Distribution,Online,Semarang,Cash,1,110.43,0.0,110.43,110.43,80.89,29.54,2025-09,2025-09-29/2025-10-05,0.26749977361224303
ORD-501814,2025-06-25,SKU-1037,Desk Organizer,Standard,Office,Nova Supply Co.,Marketplace,Jakarta,Bank Transfer,1,24.82,0.1,24.82,22.34,14.08,8.26,2025-06,2025-06-23/2025-06-29,0.36974037600716203
ORD-501815,2025-09-01,SKU-1035,Monitor Stand,Standard,Office,Brightline Wholesale,Retail Store,Medan,E-Wallet,1,61.43,0.1,61.43,55.29,33.7,21.59,2025-09,2025-09-01/2025-09-07,0.3904865255923313
ORD-501816,2025-03-04,SKU-1053,Yoga Mat,Pro,Sports,Brightline Wholesale,Retail Store,Surabaya,E-Wallet,1,30.37,0.1,30.37,27.33,19.3,8.03,2025-03,2025-03-03/2025-03-09,0.2938163190633004
ORD-501817,2025-06-16,SKU-1056,Resistance Bands,Pro,Sports,Nova Supply Co.,Retail Store,Makassar,Bank Transfer,1,37.19,0.0,37.19,37.19,21.86,15.33,2025-06,2025-06-16/2025-06-22,0.4122075826835171
ORD-501818,2025-06-01,SKU-1009,Power Bank,Pro,Electronics,Nova Supply Co.,Marketplace,Jakarta,Cash,1,120.75,0.0,120.75,120.75,92.43,28.32,2025-06,2025-05-26/2025-06-01,0.23453416149068324
ORD-501819,2025-11-29,SKU-1014,Mechanical Keyboard,Premium,Electronics,Nova Supply Co.,Retail Store,Surabaya,E-Wallet,1,106.42,0.0,106.42,106.42,74.24,32.18,2025-11,2025-11-24/2025-11-30,0.3023867694042473
ORD-501820,2025-08-06,SKU-1064,Dumbbell Set,Premium,Sports,Brightline Wholesale,Retail Store,Bandung,Bank Transfer,1,28.95,0.0,28.95,28.95,16.15,12.8,2025-08,2025-08-04/2025-08-10,0.4421416234887738
ORD-501821,2025-12-14,SKU-1042,Face Cleanser,Premium,Beauty,Peak Imports,Online,Medan,Cash,2,31.12,0.0,62.24,62.24,50.32,11.92,2025-12,2025-12-08/2025-12-14,0.19151670951156813
ORD-501822,2025-02-07,SKU-1053,Yoga Mat,Pro,Sports,Brightline Wholesale,Online,Surabaya,Cash,2,30.37,0.0,60.74,60.74,38.6,22.14,2025-02,2025-02-03/2025-02-09,0.3645044451761607
ORD-501823,2025-04-19,SKU-1062,Running Belt,Pro,Sports,Nova Supply Co.,Online,Surabaya,Bank Transfer,1,33.01,0.1,33.01,29.71,19.93,9.78,2025-04,2025-04-14/2025-04-20,0.3291820935711881
ORD-501824,2025-08-06,SKU-1036,Monitor Stand,Premium,Office,Nova Supply Co.,Marketplace,Jakarta,Card,1,158.85,0.0,158.85,158.85,110.27,48.58,2025-08,2025-08-04/2025-08-10,0.3058231035568146
ORD-501825,2025-11-11,SKU-1057,Water Bottle,Standard,Sports,Nova Supply Co.,Online,Jakarta,Bank Transfer,1,33.1,0.05,33.1,31.44,18.31,13.13,2025-11,2025-11-10/2025-11-16,0.4176208651399491
ORD-501826,2025-10-26,SKU-1028,Storage Box,Standard,Home & Kitchen,Nova Supply Co.,Retail Store,Medan,E-Wallet,1,55.89,0.0,55.89,55.89,33.09,22.8,2025-10,2025-10-20/2025-10-26,0.4079441760601181
ORD-501827,2025-04-20,SKU-1015,Mechanical Keyboard,Pro,Electronics,Aster Distribution,Online,Medan,Bank Transfer,1,110.43,0.0,110.43,110.43,80.89,29.54,2025-04,2025-04-14/2025-04-20,0.26749977361224303
ORD-501828,2025-05-30,SKU-1034,Gel Pen Set,Premium,Office,Aster Distribution,Online,Jakarta,Bank Transfer,1,211.77,0.1,211.77,190.59,119.78,70.81,2025-05,2025-05-26/2025-06-01,0.37153051051996433
ORD-501829,2025-04-06,SKU-1056,Resistance Bands,Pro,Sports,Nova Supply Co.,Marketplace,Surabaya,Card,4,37.19,0.05,148.76,141.32,87.44,53.88,2025-04,2025-03-31/2025-04-06,0.38126238324370226
ORD-501830,2025-11-28,SKU-1061,Running Belt,Premium,Sports,Aster Distribution,Marketplace,Bandung,E-Wallet,1,76.7,0.1,76.7,69.03,43.71,25.32,2025-11,2025-11-24/2025-11-30,0.36679704476314645
ORD-501831,2025-03-20,SKU-1024,Blender,Pro,Home & Kitchen,Aster Distribution,Retail Store,Surabaya,Cash,1,59.17,0.05,59.17,56.21,44.96,11.25,2025-03,2025-03-17/2025-03-23,0.20014232342999466
ORD-501832,2025-10-11,SKU-1057,Water Bottle,Standard,Sports,Nova Supply Co.,Online,Jakarta,Bank Transfer,2,33.1,0.1,66.2,59.58,36.62,22.96,2025-10,2025-10-06/2025-10-12,0.38536421617992617
ORD-501833,2025-07-10,SKU-1061,Running Belt,Premium,Sports,Aster Distribution,Online,Jakarta,Bank Transfer,1,76.7,0.05,76.7,72.86,43.71,29.15,2025-07,2025-07-07/2025-07-13,0.400082349711776
ORD-501834,2025-12-16,SKU-1035,Monitor Stand,Standard,Office,Brightline Wholesale,Marketplace,Surabaya,Bank Transfer,2,61.43,0.05,122.86,116.72,67.4,49.32,2025-12,2025-12-15/2025-12-21,0.42254969156956823
ORD-501835,2025-04-13,SKU-1042,Face Cleanser,Premium,Beauty,Peak Imports,Retail Store,Jakarta,E-Wallet,1,31.12,0.0,31.12,31.12,25.16,5.96,2025-04,2025-04-07/2025-04-13,0.19151670951156813
ORD-501836,2025-09-24,SKU-1035,Monitor Stand,Standard,Office,Brightline Wholesale,Retail Store,Jakarta,Card,2,61.43,0.05,122.86,116.72,67.4,49.32,2025-09,2025-09-22/2025-09-28,0.42254969156956823
ORD-501837,2025-09-07,SKU-1053,Yoga Mat,Pro,Sports,Brightline Wholesale,Marketplace,Surabaya,Cash,4,30.37,0.0,121.48,121.48,77.2,44.28,2025-09,2025-09-01/2025-09-07,0.3645044451761607
ORD-501838,2025-10-23,SKU-1008,Power Bank,Premium,Electronics,Peak Imports,Online,Semarang,Card,1,64.8,0.05,64.8,61.56,35.52,26.04,2025-10,2025-10-20/2025-10-26,0.42300194931773877
ORD-501839,2025-08-09,SKU-1062,Running Belt,Pro,Sports,Nova Supply Co.,Online,Jakarta,Card,1,33.01,0.0,33.01,33.01,19.93,13.08,2025-08,2025-08-04/2025-08-10,0.396243562556801
ORD-501840,2025-03-09,SKU-1024,Blender,Pro,Home & Kitchen,Aster Distribution,Retail Store,Surabaya,Card,2,59.17,0.05,118.34,112.42,89.92,22.5,2025-03,2025-03-03/2025-03-09,0.20014232342999466
ORD-501841,2025-01-09,SKU-1005,Wireless Earbuds,Premium,Electronics,Aster Distribution,Marketplace,Yogyakarta,Card,1,102.99,0.0,102.99,102.99,60.73,42.26,2025-01,2025-01-06/2025-01-12,0.4103311001068065
ORD-501842,2025-01-25,SKU-1034,Gel Pen Set,Premium,Office,Aster Distribution,Marketplace,Makassar,Card,2,211.77,0.0,423.54,423.54,239.56,183.98,2025-01,2025-01-20/2025-01-26,0.4343863625631581
ORD-501843,2025-01-15,SKU-1018,Air Fryer,Pro,Home & Kitchen,Peak Imports,Retail Store,Surabaya,Bank Transfer,2,12.8,0.1,25.6,23.04,15.36,7.68,2025-01,2025-01-13/2025-01-19,0.3333333333333333
ORD-501844,2025-10-10,SKU-1029,Storage Box,Premium,Home & Kitchen,Aster Distribution,Wholesale,Semarang,E-Wallet,2,14.45,0.15,28.9,24.56,22.96,1.6,2025-10,2025-10-06/2025-10-12,0.06514657980456026
ORD-501845,2025-10-20,SKU-1030,Storage Box,Pro,Home & Kitchen,Urban Source Ltd.,Wholesale,Medan,Card,1,61.88,0.0,61.88,61.88,47.95,13.93,2025-10,2025-10-20/2025-10-26,0.22511312217194568
ORD-501846,2025-08-20,SKU-1053,Yoga Mat,Pro,Sports,Brightline Wholesale,Retail Store,Makassar,Bank Transfer,1,30.37,0.1,30.37,27.33,19.3,8.03,2025-08,2025-08-18/2025-08-24,0.2938163190633004
ORD-501847,2025-01-30,SKU-1012,USB-C Hub,Pro,Electronics,Nova Supply Co.,Marketplace,Bandung,Card,1,66.9,0.0,66.9,66.9,46.06,20.84,2025-01,2025-01-27/2025-02-02,0.3115097159940209
ORD-501848,2025-09-15,SKU-1018,Air Fryer,Pro,Home & Kitchen,Peak Imports,Online,Surabaya,Bank Transfer,1,12.8,0.0,12.8,12.8,7.68,5.12,2025-09,2025-09-15/2025-09-21,0.39999999999999997
ORD-501849,2025-01-31,SKU-1053,Yoga Mat,Pro,Sports,Brightline Wholesale,Marketplace,Surabaya,Cash,1,30.37,0.15,30.37,25.81,19.3,6.51,2025-01,2025-01-27/2025-02-02,0.2522278186749322
ORD-501850,2025-03-10,SKU-1025,Desk Lamp,Standard,Home & Kitchen,Urban Source Ltd.,Online,Jakarta,Bank Transfer,2,104.17,0.05,208.34,197.92,157.2,40.72,2025-03,2025-03-10/2025-03-16,0.20573969280517382
ORD-501851,2025-09-14,SKU-1030,Storage Box,Pro,Home & Kitchen,Urban Source Ltd.,Marketplace,Makassar,Card,1,61.88,0.0,61.88,61.88,47.95,13.93,2025-09,2025-09-08/2025-09-14,0.22511312217194568
ORD-501852,2025-03-27,SKU-1014,Mechanical Keyboard,Premium,Electronics,Nova Supply Co.,Marketplace,Jakarta,Card,1,106.42,0.0,106.42,106.42,74.24,32.18,2025-03,2025-03-24/2025-03-30,0.3023867694042473
ORD-501853,2025-03-13,SKU-1025,Desk Lamp,Standard,Home & Kitchen,Urban Source Ltd.,Online,Semarang,Bank Transfer,2,104.17,0.0,208.34,208.34,157.2,51.14,2025-03,2025-03-10/2025-03-16,0.2454641451473553
ORD-501854,2025-11-13,SKU-1026,Desk Lamp,Premium,Home & Kitchen,Peak Imports,Online,Makassar,Bank Transfer,1,42.39,0.2,42.39,33.91,31.28,2.63,2025-11,2025-11-10/2025-11-16,0.07755824240636981
ORD-501855,2025-10-29,SKU-1036,Monitor Stand,Premium,Office,Nova Supply Co.,Marketplace,Jakarta,E-Wallet,1,158.85,0.0,158.85,158.85,110.27,48.58,2025-10,2025-10-27/2025-11-02,0.3058231035568146
ORD-501856,2025-05-19,SKU-1055,Resistance Bands,Premium,Sports,Aster Distribution,Marketplace,Surabaya,Cash,3,26.5,0.0,79.5,79.5,64.35,15.15,2025-05,2025-05-19/2025-05-25,0.19056603773584907
ORD-501857,2025-11-11,SKU-1061,Running Belt,Premium,Sports,Aster Distribution,Marketplace,Jakarta,Card,2,76.7,0.0,153.4,153.4,87.42,65.98,2025-11,2025-11-10/2025-11-16,0.4301173402868318
ORD-501858,2025-01-07,SKU-1053,Yoga Mat,Pro,Sports,Brightline Wholesale,Marketplace,Yogyakarta,E-Wallet,2,30.37,0.0,60.74,60.74,38.6,22.14,2025-01,2025-01-06/2025-01-12,0.3645044451761607
ORD-501859,2025-11-27,SKU-1009,Power Bank,Pro,Electronics,Nova Supply Co.,Retail Store,Bandung,Card,1,120.75,0.0,120.75,120.75,92.43,28.32,2025-11,2025-11-24/2025-11-30,0.23453416149068324
ORD-501860,2025-09-22,SKU-1028,Storage Box,Standard,Home & Kitchen,Nova Supply Co.,Online,Jakarta,E-Wallet,1,55.89,0.1,55.89,50.3,33.09,17.21,2025-09,2025-09-22/2025-09-28,0.3421471172962227
ORD-501861,2025-10-09,SKU-1036,Monitor Stand,Premium,Office,Nova Supply Co.,Online,Bandung,Bank Transfer,1,158.85,0.0,158.85,158.85,110.27,48.58,2025-10,2025-10-06/2025-10-12,0.3058231035568146
ORD-501862,2025-08-26,SKU-1035,Monitor Stand,Standard,Office,Brightline Wholesale,Marketplace,Jakarta,Bank Transfer,1,61.43,0.0,61.43,61.43,33.7,27.73,2025-08,2025-08-25/2025-08-31,0.45140810678821425
ORD-501863,2025-12-09,SKU-1060,Running Belt,Standard,Sports,Nova Supply Co.,Marketplace,Bandung,Card,1,84.42,0.0,84.42,84.42,48.15,36.27,2025-12,2025-12-08/2025-12-14,0.42963752665245203
ORD-501864,2025-07-04,SKU-1003,Bluetooth Speaker,Pro,Electronics,Brightline Wholesale,Retail Store,Semarang,Cash,1,118.47,0.0,118.47,118.47,71.07,47.4,2025-07,2025-06-30/2025-07-06,0.40010129146619394
ORD-501865,2025-01-31,SKU-1046,Moisturizer,Premium,Beauty,Peak Imports,Marketplace,Jakarta,Bank Transfer,1,8.32,0.05,8.32,7.9,4.59,3.31,2025-01,2025-01-27/2025-02-02,0.4189873417721519
ORD-501866,2025-01-12,SKU-1037,Desk Organizer,Standard,Office,Nova Supply Co.,Online,Semarang,Card,2,24.82,0.05,49.64,47.16,28.16,19.0,2025-01,2025-01-06/2025-01-12,0.40288379983036476
ORD-501867,2025-12-23,SKU-1064,Dumbbell Set,Premium,Sports,Brightline Wholesale,Online,Bandung,Bank Transfer,1,28.95,0.15,28.95,24.61,16.15,8.46,2025-12,2025-12-22/2025-12-28,0.34376269809020726
ORD-501868,2025-10-01,SKU-1008,Power Bank,Premium,Electronics,Peak Imports,Retail Store,Jakarta,Bank Transfer,1,64.8,0.0,64.8,64.8,35.52,29.28,2025-10,2025-09-29/2025-10-05,0.4518518518518519
ORD-501869,2025-10-28,SKU-1027,Desk Lamp,Pro,Home & Kitchen,Brightline Wholesale,Retail Store,Jakarta,Bank Transfer,4,72.16,0.05,288.64,274.21,173.32,100.89,2025-10,2025-10-27/2025-11-02,0.3679296889245469
ORD-501870,2025-12-07,SKU-1012,USB-C Hub,Pro,Electronics,Nova Supply Co.,Marketplace,Jakarta,Bank Transfer,2,66.9,0.0,133.8,133.8,92.12,41.68,2025-12,2025-12-01/2025-12-07,0.3115097159940209
ORD-501871,2025-10-17,SKU-1034,Gel Pen Set,Premium,Office,Aster Distribution,Marketplace,Medan,E-Wallet,2,211.77,0.0,423.54,423.54,239.56,183.98,2025-10,2025-10-13/2025-10-19,0.4343863625631581
ORD-501872,2025-09-15,SKU-1042,Face Cleanser,Premium,Beauty,Peak Imports,Online,Semarang,E-Wallet,2,31.12,0.0,62.24,62.24,50.32,11.92,2025-09,2025-09-15/2025-09-21,0.19151670951156813
ORD-501873,2025-03-21,SKU-1039,Office Chair,Standard,Office,Nova Supply Co.,Retail Store,Bandung,Card,1,42.18,0.1,42.18,37.96,24.47,13.49,2025-03,2025-03-17/2025-03-23,0.3553740779768177
ORD-501874,2025-12-22,SKU-1018,Air Fryer,Pro,Home & Kitchen,Peak Imports,Marketplace,Yogyakarta,E-Wallet,4,12.8,0.05,51.2,48.64,30.72,17.92,2025-12,2025-12-22/2025-12-28,0.368421052631579
ORD-501875,2025-10-29,SKU-1052,Yoga Mat,Premium,Sports,Peak Imports,Online,Surabaya,E-Wallet,2,51.11,0.0,102.22,102.22,80.72,21.5,2025-10,2025-10-27/2025-11-02,0.21033065936216006
ORD-501876,2025-09-21,SKU-1020,Electric Kettle,Premium,Home & Kitchen,Peak Imports,Retail Store,Jakarta,Cash,3,73.42,0.0,220.26,220.26,171.99,48.27,2025-09,2025-09-15/2025-09-21,0.21915009534186872
ORD-501877,2025-02-03,SKU-1016,Air Fryer,Standard,Home & Kitchen,Aster Distribution,Online,Bandung,Card,3,98.91,0.05,296.73,281.89,211.14,70.75,2025-02,2025-02-03/2025-02-09,0.25098442654936326
ORD-501878,2025-11-20,SKU-1002,Bluetooth Speaker,Premium,Electronics,Nova Supply Co.,Marketplace,Medan,Cash,2,110.05,0.0,220.1,220.1,174.68,45.42,2025-11,2025-11-17/2025-11-23,0.20636074511585645
ORD-501879,2025-09-15,SKU-1004,Wireless Earbuds,Standard,Electronics,Aster Distribution,Online,Jakarta,Bank Transfer,1,77.45,0.0,77.45,77.45,55.47,21.98,2025-09,2025-09-15/2025-09-21,0.28379599741768885
ORD-501880,2025-08-10,SKU-1024,Blender,Pro,Home & Kitchen,Aster Distribution,Online,Jakarta,Bank Transfer,1,59.17,0.05,59.17,56.21,44.96,11.25,2025-08,2025-08-04/2025-08-10,0.20014232342999466
ORD-501881,2025-01-08,SKU-1056,Resistance Bands,Pro,Sports,Nova Supply Co.,Online,Jakarta,E-Wallet,3,37.19,0.05,111.57,105.99,65.58,40.41,2025-01,2025-01-06/2025-01-12,0.3812623832437022
ORD-501882,2025-12-02,SKU-1002,Bluetooth Speaker,Premium,Electronics,Nova Supply Co.,Retail Store,Medan,Bank Transfer,2,110.05,0.15,220.1,187.08,174.68,12.4,2025-12,2025-12-01/2025-12-07,0.06628180457558264
ORD-501883,2025-06-29,SKU-1010,USB-C Hub,Standard,Electronics,Peak Imports,Marketplace,Medan,Card,1,23.78,0.0,23.78,23.78,18.47,5.31,2025-06,2025-06-23/2025-06-29,0.22329688814129517
ORD-501884,2025-06-24,SKU-1041,Face Cleanser,Standard,Beauty,Brightline Wholesale,Wholesale,Yogyakarta,Card,1,40.88,0.0,40.88,40.88,26.08,14.8,2025-06,2025-06-23/2025-06-29,0.36203522504892366
ORD-501885,2025-01-26,SKU-1042,Face Cleanser,Premium,Beauty,Peak Imports,Retail Store,Surabaya,Cash,2,31.12,0.0,62.24,62.24,50.32,11.92,2025-01,2025-01-20/2025-01-26,0.19151670951156813
ORD-501886,2025-04-28,SKU-1042,Face Cleanser,Premium,Beauty,Peak Imports,Marketplace,Yogyakarta,Card,1,31.12,0.0,31.12,31.12,25.16,5.96,2025-04,2025-04-28/2025-05-04,0.19151670951156813
ORD-501887,2025-10-17,SKU-1007,Power Bank,Standard,Electronics,Nova Supply Co.,Marketplace,Makassar,Card,1,127.25,0.0,127.25,127.25,81.84,45.41,2025-10,2025-10-13/2025-10-19,0.35685658153241645
ORD-501888,2025-06-20,SKU-1014,Mechanical Keyboard,Premium,Electronics,Nova Supply Co.,Online,Medan,Bank Transfer,2,106.42,0.05,212.84,202.2,148.48,53.72,2025-06,2025-06-16/2025-06-22,0.26567754698318496
ORD-501889,2025-09-27,SKU-1034,Gel Pen Set,Premium,Office,Aster Distribution,Marketplace,Jakarta,E-Wallet,1,211.77,0.0,211.77,211.77,119.78,91.99,2025-09,2025-09-22/2025-09-28,0.4343863625631581
ORD-501890,2025-06-04,SKU-1036,Monitor Stand,Premium,Office,Nova Supply Co.,Online,Yogyakarta,Card,1,158.85,0.0,158.85,158.85,110.27,48.58,2025-06,2025-06-02/2025-06-08,0.3058231035568146
ORD-501891,2025-03-14,SKU-1019,Electric Kettle,Standard,Home & Kitchen,Nova Supply Co.,Marketplace,Makassar,Card,1,88.16,0.05,88.16,83.75,53.02,30.73,2025-03,2025-03-10/2025-03-16,0.3669253731343284
ORD-501892,2025-07-23,SKU-1048,Hair Dryer,Premium,Beauty,Urban Source Ltd.,Marketplace,Surabaya,Bank Transfer,2,35.46,0.0,70.92,70.92,39.54,31.38,2025-07,2025-07-21/2025-07-27,0.44247038917089676
ORD-501893,2025-07-13,SKU-1024,Blender,Pro,Home & Kitchen,Aster Distribution,Retail Store,Surabaya,Card,4,59.17,0.0,236.68,236.68,179.84,56.84,2025-07,2025-07-07/2025-07-13,0.24015548419807337
ORD-501894,2025-06-13,SKU-1028,Storage Box,Standard,Home & Kitchen,Nova Supply Co.,Marketplace,Jakarta,Bank Transfer,1,55.89,0.15,55.89,47.51,33.09,14.42,2025-06,2025-06-09/2025-06-15,0.3035150494632709
ORD-501895,2025-02-23,SKU-1036,Monitor Stand,Premium,Office,Nova Supply Co.,Wholesale,Jakarta,Card,2,158.85,0.05,317.7,301.82,220.54,81.28,2025-02,2025-02-17/2025-02-23,0.26929958253263536
ORD-501896,2025-02-26,SKU-1057,Water Bottle,Standard,Sports,Nova Supply Co.,Marketplace,Jakarta,E-Wallet,1,33.1,0.15,33.1,28.14,18.31,9.83,2025-02,2025-02-24/2025-03-02,0.34932480454868514
ORD-501897,2025-06-22,SKU-1036,Monitor Stand,Premium,Office,Nova Supply Co.,Online,Semarang,Bank Transfer,1,158.85,0.05,158.85,150.91,110.27,40.64,2025-06,2025-06-16/2025-06-22,0.26929958253263536
ORD-501898,2025-12-16,SKU-1048,Hair Dryer,Premium,Beauty,Urban Source Ltd.,Retail Store,Jakarta,E-Wallet,1,35.46,0.0,35.46,35.46,19.77,15.69,2025-12,2025-12-15/2025-12-21,0.44247038917089676
ORD-501899,2025-05-31,SKU-1036,Monitor Stand,Premium,Office,Nova Supply Co.,Retail Store,Yogyakarta,E-Wallet,1,158.85,0.0,158.85,158.85,110.27,48.58,2025-05,2025-05-26/2025-06-01,0.3058231035568146
ORD-501900,2025-09-11,SKU-1061,Running Belt,Premium,Sports,Aster Distribution,Retail Store,Bandung,E-Wallet,1,76.7,0.1,76.7,69.03,43.71,25.32,2025-09,2025-09-08/2025-09-14,0.36679704476314645
ORD-501901,2025-07-18,SKU-1012,USB-C Hub,Pro,Electronics,Nova Supply Co.,Marketplace,Yogyakarta,Card,1,66.9,0.0,66.9,66.9,46.06,20.84,2025-07,2025-07-14/2025-07-20,0.3115097159940209
ORD-501902,2025-01-19,SKU-1021,Electric Kettle,Pro,Home & Kitchen,Aster Distribution,Retail Store,Bandung,Card,1,84.19,0.05,84.19,79.98,57.93,22.05,2025-01,2025-01-13/2025-01-19,0.27569392348087024
ORD-501903,2025-03-12,SKU-1060,Running Belt,Standard,Sports,Nova Supply Co.,Online,Jakarta,Cash,1,84.42,0.0,84.42,84.42,48.15,36.27,2025-03,2025-03-10/2025-03-16,0.42963752665245203
ORD-501904,2025-12-21,SKU-1025,Desk Lamp,Standard,Home & Kitchen,Urban Source Ltd.,Marketplace,Makassar,Bank Transfer,1,104.17,0.1,104.17,93.75,78.6,15.15,2025-12,2025-12-15/2025-12-21,0.1616
ORD-501905,2025-12-28,SKU-1024,Blender,Pro,Home & Kitchen,Aster Distribution,Online,Yogyakarta,Bank Transfer,2,59.17,0.0,118.34,118.34,89.92,28.42,2025-12,2025-12-22/2025-12-28,0.24015548419807337
ORD-501906,2025-07-31,SKU-1010,USB-C Hub,Standard,Electronics,Peak Imports,Online,Yogyakarta,Bank Transfer,1,23.78,0.0,23.78,23.78,18.47,5.31,2025-07,2025-07-28/2025-08-03,0.22329688814129517
ORD-501907,2025-04-07,SKU-1065,Dumbbell Set,Pro,Sports,Urban Source Ltd.,Retail Store,Jakarta,E-Wallet,1,18.33,0.05,18.33,17.41,10.76,6.65,2025-04,2025-04-07/2025-04-13,0.3819643882825962
ORD-501908,2025-02-28,SKU-1002,Bluetooth Speaker,Premium,Electronics,Nova Supply Co.,Marketplace,Bandung,Card,1,110.05,0.0,110.05,110.05,87.34,22.71,2025-02,2025-02-24/2025-03-02,0.20636074511585645
ORD-501909,2025-08-12,SKU-1051,Yoga Mat,Standard,Sports,Brightline Wholesale,Marketplace,Jakarta,Bank Transfer,4,71.8,0.1,287.2,258.48,163.44,95.04,2025-08,2025-08-11/2025-08-17,0.36768802228412256
ORD-501910,2025-05-27,SKU-1051,Yoga Mat,Standard,Sports,Brightline Wholesale,Online,Yogyakarta,Card,1,71.8,0.05,71.8,68.21,40.86,27.35,2025-05,2025-05-26/2025-06-01,0.40096760005864246
ORD-501911,2025-02-12,SKU-1014,Mechanical Keyboard,Premium,Electronics,Nova Supply Co.,Online,Surabaya,Cash,1,106.42,0.0,106.42,106.42,74.24,32.18,2025-02,2025-02-10/2025-02-16,0.3023867694042473
ORD-501912,2025-04-17,SKU-1012,USB-C Hub,Pro,Electronics,Nova Supply Co.,Marketplace,Yogyakarta,Card,1,66.9,0.05,66.9,63.56,46.06,17.5,2025-04,2025-04-14/2025-04-20,0.2753303964757709
ORD-501913,2025-06-21,SKU-1026,Desk Lamp,Premium,Home & Kitchen,Peak Imports,Retail Store,Jakarta,E-Wallet,1,42.39,0.0,42.39,42.39,31.28,11.11,2025-06,2025-06-16/2025-06-22,0.2620901155933003
ORD-501914,2025-03-01,SKU-1036,Monitor Stand,Premium,Office,Nova Supply Co.,Online,Semarang,Card,1,158.85,0.0,158.85,158.85,110.27,48.58,2025-03,2025-02-24/2025-03-02,0.3058231035568146
ORD-501915,2025-03-28,SKU-1023,Blender,Premium,Home & Kitchen,Urban Source Ltd.,Online,Bandung,E-Wallet,1,72.39,0.0,72.39,72.39,53.2,19.19,2025-03,2025-03-24/2025-03-30,0.2650918635170604
ORD-501916,2025-09-29,SKU-1050,Makeup Brush Set,Premium,Beauty,Peak Imports,Marketplace,Jakarta,Bank Transfer,4,37.2,0.2,148.8,119.04,103.72,15.32,2025-09,2025-09-29/2025-10-05,0.12869623655913978
ORD-501917,2025-01-06,SKU-1064,Dumbbell Set,Premium,Sports,Brightline Wholesale,Marketplace,Surabaya,Card,1,28.95,0.0,28.95,28.95,16.15,12.8,2025-01,2025-01-06/2025-01-12,0.4421416234887738
ORD-501918,2025-10-14,SKU-1002,Bluetooth Speaker,Premium,Electronics,Nova Supply Co.,Marketplace,Makassar,Cash,2,110.05,0.2,220.1,176.08,174.68,1.4,2025-10,2025-10-13/2025-10-19,0.007950931394820535
ORD-501919,2025-01-06,SKU-1024,Blender,Pro,Home & Kitchen,Aster Distribution,Retail Store,Yogyakarta,Card,1,59.17,0.1,59.17,53.25,44.96,8.29,2025-01,2025-01-06/2025-01-12,0.15568075117370891
ORD-501920,2025-10-10,SKU-1059,Water Bottle,Pro,Sports,Brightline Wholesale,Retail Store,Surabaya,Card,1,21.51,0.0,21.51,21.51,17.37,4.14,2025-10,2025-10-06/2025-10-12,0.1924686192468619
ORD-501921,2025-05-06,SKU-1053,Yoga Mat,Pro,Sports,Brightline Wholesale,Retail Store,Bandung,Cash,3,30.37,0.0,91.11,91.11,57.9,33.21,2025-05,2025-05-05/2025-05-11,0.3645044451761607
ORD-501922,2025-05-12,SKU-1002,Bluetooth Speaker,Premium,Electronics,Nova Supply Co.,Online,Bandung,Bank Transfer,1,110.05,0.0,110.05,110.05,87.34,22.71,2025-05,2025-05-12/2025-05-18,0.20636074511585645
ORD-501923,2025-03-10,SKU-1022,Blender,Standard,Home & Kitchen,Peak Imports,Marketplace,Yogyakarta,E-Wallet,1,94.62,0.1,94.62,85.16,60.77,24.39,2025-03,2025-03-10/2025-03-16,0.2864020666979803
ORD-501924,2025-08-05,SKU-1020,Electric Kettle,Premium,Home & Kitchen,Peak Imports,Marketplace,Bandung,Cash,2,73.42,0.1,146.84,132.16,114.66,17.5,2025-08,2025-08-04/2025-08-10,0.13241525423728814
ORD-501925,2025-04-28,SKU-1034,Gel Pen Set,Premium,Office,Aster Distribution,Marketplace,Jakarta,E-Wallet,3,211.77,0.0,635.31,635.31,359.34,275.97,2025-04,2025-04-28/2025-05-04,0.4343863625631582
ORD-501926,2025-10-29,SKU-1064,Dumbbell Set,Premium,Sports,Brightline Wholesale,Online,Semarang,Card,1,28.95,0.1,28.95,26.06,16.15,9.91,2025-10,2025-10-27/2025-11-02,0.3802762854950115
ORD-501927,2025-03-21,SKU-1046,Moisturizer,Premium,Beauty,Peak Imports,Online,Yogyakarta,Card,1,8.32,0.15,8.32,7.07,4.59,2.48,2025-03,2025-03-17/2025-03-23,0.3507779349363508
ORD-501928,2025-11-07,SKU-1057,Water Bottle,Standard,Sports,Nova Supply Co.,Wholesale,Semarang,E-Wallet,1,33.1,0.15,33.1,28.14,18.31,9.83,2025-11,2025-11-03/2025-11-09,0.34932480454868514
ORD-501929,2025-02-07,SKU-1002,Bluetooth Speaker,Premium,Electronics,Nova Supply Co.,Online,Semarang,E-Wallet,2,110.05,0.0,220.1,220.1,174.68,45.42,2025-02,2025-02-03/2025-02-09,0.20636074511585645
ORD-501930,2025-08-15,SKU-1061,Running Belt,Premium,Sports,Aster Distribution,Marketplace,Semarang,Bank Transfer,3,76.7,0.2,230.1,184.08,131.13,52.95,2025-08,2025-08-11/2025-08-17,0.28764667535853977
ORD-501931,2025-06-13,SKU-1029,Storage Box,Premium,Home & Kitchen,Aster Distribution,Online,Bandung,Card,1,14.45,0.15,14.45,12.28,11.48,0.8,2025-06,2025-06-09/2025-06-15,0.06514657980456026
ORD-501932,2025-06-23,SKU-1024,Blender,Pro,Home & Kitchen,Aster Distribution,Retail Store,Jakarta,Card,1,59.17,0.0,59.17,59.17,44.96,14.21,2025-06,2025-06-23/2025-06-29,0.24015548419807337
ORD-501933,2025-02-08,SKU-1005,Wireless Earbuds,Premium,Electronics,Aster Distribution,Marketplace,Yogyakarta,Bank Transfer,1,102.99,0.0,102.99,102.99,60.73,42.26,2025-02,2025-02-03/2025-02-09,0.4103311001068065
ORD-501934,2025-11-13,SKU-1061,Running Belt,Premium,Sports,Aster Distribution,Online,Bandung,E-Wallet,2,76.7,0.1,153.4,138.06,87.42,50.64,2025-11,2025-11-10/2025-11-16,0.36679704476314645
ORD-501935,2025-11-14,SKU-1035,Monitor Stand,Standard,Office,Brightline Wholesale,Online,Yogyakarta,Bank Transfer,1,61.43,0.15,61.43,52.22,33.7,18.52,2025-11,2025-11-10/2025-11-16,0.35465338950593644
ORD-501936,2025-05-15,SKU-1020,Electric Kettle,Premium,Home & Kitchen,Peak Imports,Online,Yogyakarta,Bank Transfer,1,73.42,0.0,73.42,73.42,57.33,16.09,2025-05,2025-05-12/2025-05-18,0.2191500953418687
ORD-501937,2025-09-02,SKU-1035,Monitor Stand,Standard,Office,Brightline Wholesale,Marketplace,Semarang,Card,1,61.43,0.15,61.43,52.22,33.7,18.52,2025-09,2025-09-01/2025-09-07,0.35465338950593644
ORD-501938,2025-07-24,SKU-1020,Electric Kettle,Premium,Home & Kitchen,Peak Imports,Online,Jakarta,Card,2,73.42,0.0,146.84,146.84,114.66,32.18,2025-07,2025-07-21/2025-07-27,0.2191500953418687
ORD-501939,2025-02-16,SKU-1008,Power Bank,Premium,Electronics,Peak Imports,Online,Jakarta,Card,1,64.8,0.05,64.8,61.56,35.52,26.04,2025-02,2025-02-10/2025-02-16,0.42300194931773877
ORD-501940,2025-09-28,SKU-1032,Notebook,Premium,Office,Brightline Wholesale,Marketplace,Jakarta,Card,1,86.3,0.0,86.3,86.3,63.48,22.82,2025-09,2025-09-22/2025-09-28,0.2644264194669757
ORD-501941,2025-11-16,SKU-1002,Bluetooth Speaker,Premium,Electronics,Nova Supply Co.,Online,Bandung,E-Wallet,1,110.05,0.1,110.05,99.04,87.34,11.7,2025-11,2025-11-10/2025-11-16,0.11813408723747978
ORD-501942,2025-08-08,SKU-1025,Desk Lamp,Standard,Home & Kitchen,Urban Source Ltd.,Online,Bandung,Cash,1,104.17,0.05,104.17,98.96,78.6,20.36,2025-08,2025-08-04/2025-08-10,0.20573969280517382
ORD-501943,2025-08-24,SKU-1001,Bluetooth Speaker,Standard,Electronics,Nova Supply Co.,Online,Surabaya,Card,2,120.16,0.0,240.32,240.32,167.54,72.78,2025-08,2025-08-18/2025-08-24,0.3028462050599201
ORD-501944,2025-04-24,SKU-1035,Monitor Stand,Standard,Office,Brightline Wholesale,Online,Bandung,Card,1,61.43,0.15,61.43,52.22,33.7,18.52,2025-04,2025-04-21/2025-04-27,0.35465338950593644
ORD-501945,2025-12-23,SKU-1053,Yoga Mat,Pro,Sports,Brightline Wholesale,Marketplace,Yogyakarta,E-Wallet,1,30.37,0.1,30.37,27.33,19.3,8.03,2025-12,2025-12-22/2025-12-28,0.2938163190633004
ORD-501946,2025-09-12,SKU-1018,Air Fryer,Pro,Home & Kitchen,Peak Imports,Marketplace,Surabaya,Card,4,12.8,0.05,51.2,48.64,30.72,17.92,2025-09,2025-09-08/2025-09-14,0.368421052631579
ORD-501947,2025-07-27,SKU-1015,Mechanical Keyboard,Pro,Electronics,Aster Distribution,Wholesale,Yogyakarta,E-Wallet,1,110.43,0.05,110.43,104.91,80.89,24.02,2025-07,2025-07-21/2025-07-27,0.22895815460871224
ORD-501948,2025-08-10,SKU-1053,Yoga Mat,Pro,Sports,Brightline Wholesale,Online,Medan,Cash,1,30.37,0.1,30.37,27.33,19.3,8.03,2025-08,2025-08-04/2025-08-10,0.2938163190633004
ORD-501949,2025-05-29,SKU-1053,Yoga Mat,Pro,Sports,Brightline Wholesale,Online,Semarang,Bank Transfer,2,30.37,0.0,60.74,60.74,38.6,22.14,2025-05,2025-05-26/2025-06-01,0.3645044451761607
ORD-501950,2025-10-26,SKU-1063,Dumbbell Set,Standard,Sports,Urban Source Ltd.,Retail Store,Jakarta,E-Wallet,1,37.4,0.0,37.4,37.4,29.68,7.72,2025-10,2025-10-20/2025-10-26,0.20641711229946524
ORD-501951,2025-07-22,SKU-1019,Electric Kettle,Standard,Home & Kitchen,Nova Supply Co.,Online,Bandung,Bank Transfer,1,88.16,0.05,88.16,83.75,53.02,30.73,2025-07,2025-07-21/2025-07-27,0.3669253731343284
ORD-501952,2025-12-31,SKU-1030,Storage Box,Pro,Home & Kitchen,Urban Source Ltd.,Online,Jakarta,Card,3,61.88,0.05,185.64,176.36,143.85,32.51,2025-12,2025-12-29/2026-01-04,0.18433885234747105
ORD-501953,2025-11-13,SKU-1012,USB-C Hub,Pro,Electronics,Nova Supply Co.,Marketplace,Medan,Card,1,66.9,0.15,66.9,56.86,46.06,10.8,2025-11,2025-11-10/2025-11-16,0.18994020400984876
ORD-501954,2025-11-20,SKU-1011,USB-C Hub,Premium,Electronics,Urban Source Ltd.,Retail Store,Bandung,Card,2,116.31,0.05,232.62,220.99,127.74,93.25,2025-11,2025-11-17/2025-11-23,0.4219647947870944
ORD-501955,2025-11-15,SKU-1041,Face Cleanser,Standard,Beauty,Brightline Wholesale,Marketplace,Surabaya,Bank Transfer,1,40.88,0.05,40.88,38.84,26.08,12.76,2025-11,2025-11-10/2025-11-16,0.3285272914521112
ORD-501956,2025-11-12,SKU-1044,Sunscreen,Premium,Beauty,Nova Supply Co.,Online,Surabaya,Card,1,41.08,0.0,41.08,41.08,31.72,9.36,2025-11,2025-11-10/2025-11-16,0.22784810126582278
ORD-501957,2025-05-21,SKU-1020,Electric Kettle,Premium,Home & Kitchen,Peak Imports,Online,Medan,Cash,1,73.42,0.0,73.42,73.42,57.33,16.09,2025-05,2025-05-19/2025-05-25,0.2191500953418687
ORD-501958,2025-09-14,SKU-1057,Water Bottle,Standard,Sports,Nova Supply Co.,Retail Store,Bandung,Card,1,33.1,0.0,33.1,33.1,18.31,14.79,2025-09,2025-09-08/2025-09-14,0.4468277945619335
ORD-501959,2025-06-11,SKU-1064,Dumbbell Set,Premium,Sports,Brightline Wholesale,Retail Store,Bandung,E-Wallet,1,28.95,0.0,28.95,28.95,16.15,12.8,2025-06,2025-06-09/2025-06-15,0.4421416234887738
ORD-501960,2025-09-26,SKU-1010,USB-C Hub,Standard,Electronics,Peak Imports,Online,Bandung,Cash,1,23.78,0.1,23.78,21.4,18.47,2.93,2025-09,2025-09-22/2025-09-28,0.1369158878504673
ORD-501961,2025-07-19,SKU-1042,Face Cleanser,Premium,Beauty,Peak Imports,Retail Store,Jakarta,Bank Transfer,2,31.12,0.05,62.24,59.13,50.32,8.81,2025-07,2025-07-14/2025-07-20,0.14899374260104853
ORD-501962,2025-02-20,SKU-1035,Monitor Stand,Standard,Office,Brightline Wholesale,Online,Yogyakarta,Bank Transfer,1,61.43,0.1,61.43,55.29,33.7,21.59,2025-02,2025-02-17/2025-02-23,0.3904865255923313
ORD-501963,2025-03-12,SKU-1051,Yoga Mat,Standard,Sports,Brightline Wholesale,Online,Makassar,Cash,1,71.8,0.0,71.8,71.8,40.86,30.94,2025-03,2025-03-10/2025-03-16,0.4309192200557103
ORD-501964,2025-07-22,SKU-1061,Running Belt,Premium,Sports,Aster Distribution,Online,Yogyakarta,Card,2,76.7,0.0,153.4,153.4,87.42,65.98,2025-07,2025-07-21/2025-07-27,0.4301173402868318
ORD-501965,2025-06-27,SKU-1034,Gel Pen Set,Premium,Office,Aster Distribution,Marketplace,Jakarta,Card,1,211.77,0.0,211.77,211.77,119.78,91.99,2025-06,2025-06-23/2025-06-29,0.4343863625631581
ORD-501966,2025-09-17,SKU-1061,Running Belt,Premium,Sports,Aster Distribution,Marketplace,Yogyakarta,Cash,1,76.7,0.1,76.7,69.03,43.71,25.32,2025-09,2025-09-15/2025-09-21,0.36679704476314645
ORD-501967,2025-06-19,SKU-1008,Power Bank,Premium,Electronics,Peak Imports,Online,Yogyakarta,Bank Transfer,1,64.8,0.0,64.8,64.8,35.52,29.28,2025-06,2025-06-16/2025-06-22,0.4518518518518519
ORD-501968,2025-09-01,SKU-1064,Dumbbell Set,Premium,Sports,Brightline Wholesale,Online,Bandung,Cash,2,28.95,0.0,57.9,57.9,32.3,25.6,2025-09,2025-09-01/2025-09-07,0.4421416234887738
ORD-501969,2025-02-10,SKU-1064,Dumbbell Set,Premium,Sports,Brightline Wholesale,Online,Medan,Bank Transfer,1,28.95,0.0,28.95,28.95,16.15,12.8,2025-02,2025-02-10/2025-02-16,0.4421416234887738
ORD-501970,2025-04-10,SKU-1035,Monitor Stand,Standard,Office,Brightline Wholesale,Retail Store,Jakarta,Card,1,61.43,0.1,61.43,55.29,33.7,21.59,2025-04,2025-04-07/2025-04-13,0.3904865255923313
ORD-501971,2025-12-27,SKU-1005,Wireless Earbuds,Premium,Electronics,Aster Distribution,Online,Medan,Card,1,102.99,0.05,102.99,97.84,60.73,37.11,2025-12,2025-12-22/2025-12-28,0.3792927228127555
ORD-501972,2025-02-05,SKU-1019,Electric Kettle,Standard,Home & Kitchen,Nova Supply Co.,Retail Store,Yogyakarta,Card,2,88.16,0.2,176.32,141.06,106.04,35.02,2025-02,2025-02-03/2025-02-09,0.24826315043244013
ORD-501973,2025-07-20,SKU-1037,Desk Organizer,Standard,Office,Nova Supply Co.,Marketplace,Surabaya,Card,2,24.82,0.0,49.64,49.64,28.16,21.48,2025-07,2025-07-14/2025-07-20,0.43271555197421435
ORD-501974,2025-05-11,SKU-1031,Notebook,Standard,Office,Brightline Wholesale,Online,Jakarta,Cash,3,36.9,0.15,110.7,94.1,69.18,24.92,2025-05,2025-05-05/2025-05-11,0.2648246546227418
ORD-501975,2025-08-08,SKU-1057,Water Bottle,Standard,Sports,Nova Supply Co.,Retail Store,Surabaya,E-Wallet,1,33.1,0.0,33.1,33.1,18.31,14.79,2025-08,2025-08-04/2025-08-10,0.4468277945619335
ORD-501976,2025-05-25,SKU-1005,Wireless Earbuds,Premium,Electronics,Aster Distribution,Retail Store,Surabaya,E-Wallet,1,102.99,0.2,102.99,82.39,60.73,21.66,2025-05,2025-05-19/2025-05-25,0.26289598252215074
ORD-501977,2025-06-01,SKU-1037,Desk Organizer,Standard,Office,Nova Supply Co.,Marketplace,Jakarta,Card,1,24.82,0.0,24.82,24.82,14.08,10.74,2025-06,2025-05-26/2025-06-01,0.43271555197421435
ORD-501978,2025-03-19,SKU-1036,Monitor Stand,Premium,Office,Nova Supply Co.,Online,Yogyakarta,Card,1,158.85,0.0,158.85,158.85,110.27,48.58,2025-03,2025-03-17/2025-03-23,0.3058231035568146
ORD-501979,2025-06-18,SKU-1035,Monitor Stand,Standard,Office,Brightline Wholesale,Retail Store,Medan,E-Wallet,1,61.43,0.0,61.43,61.43,33.7,27.73,2025-06,2025-06-16/2025-06-22,0.45140810678821425
ORD-501980,2025-09-21,SKU-1010,USB-C Hub,Standard,Electronics,Peak Imports,Retail Store,Medan,E-Wallet,3,23.78,0.15,71.34,60.64,55.41,5.23,2025-09,2025-09-15/2025-09-21,0.0862467018469657
ORD-501981,2025-05-29,SKU-1008,Power Bank,Premium,Electronics,Peak Imports,Marketplace,Jakarta,E-Wallet,3,64.8,0.05,194.4,184.68,106.56,78.12,2025-05,2025-05-26/2025-06-01,0.4230019493177388
ORD-501982,2025-05-12,SKU-1031,Notebook,Standard,Office,Brightline Wholesale,Marketplace,Yogyakarta,Card,1,36.9,0.05,36.9,35.06,23.06,12.0,2025-05,2025-05-12/2025-05-18,0.34227039361095263
ORD-501983,2025-02-07,SKU-1056,Resistance Bands,Pro,Sports,Nova Supply Co.,Online,Bandung,Bank Transfer,1,37.19,0.05,37.19,35.33,21.86,13.47,2025-02,2025-02-03/2025-02-09,0.38126238324370226
ORD-501984,2025-07-05,SKU-1063,Dumbbell Set,Standard,Sports,Urban Source Ltd.,Online,Jakarta,Card,1,37.4,0.15,37.4,31.79,29.68,2.11,2025-07,2025-06-30/2025-07-06,0.06637307329348852
ORD-501985,2025-11-01,SKU-1012,USB-C Hub,Pro,Electronics,Nova Supply Co.,Online,Yogyakarta,E-Wallet,3,66.9,0.2,200.7,160.56,138.18,22.38,2025-11,2025-10-27/2025-11-02,0.13938714499252616
ORD-501986,2025-05-10,SKU-1026,Desk Lamp,Premium,Home & Kitchen,Peak Imports,Online,Surabaya,Cash,1,42.39,0.05,42.39,40.27,31.28,8.99,2025-05,2025-05-05/2025-05-11,0.22324310901415445
ORD-501987,2025-01-15,SKU-1043,Sunscreen,Standard,Beauty,Brightline Wholesale,Marketplace,Makassar,Card,1,26.13,0.0,26.13,26.13,20.37,5.76,2025-01,2025-01-13/2025-01-19,0.22043628013777267
ORD-501988,2025-04-11,SKU-1007,Power Bank,Standard,Electronics,Nova Supply Co.,Online,Makassar,E-Wallet,1,127.25,0.0,127.25,127.25,81.84,45.41,2025-04,2025-04-07/2025-04-13,0.35685658153241645
ORD-501989,2025-08-25,SKU-1022,Blender,Standard,Home & Kitchen,Peak Imports,Retail Store,Yogyakarta,Bank Transfer,1,94.62,0.05,94.62,89.89,60.77,29.12,2025-08,2025-08-25/2025-08-31,0.32395149627322284
ORD-501990,2025-02-23,SKU-1041,Face Cleanser,Standard,Beauty,Brightline Wholesale,Online,Semarang,Bank Transfer,1,40.88,0.0,40.88,40.88,26.08,14.8,2025-02,2025-02-17/2025-02-23,0.36203522504892366
ORD-501991,2025-06-15,SKU-1035,Monitor Stand,Standard,Office,Brightline Wholesale,Online,Medan,Bank Transfer,1,61.43,0.1,61.43,55.29,33.7,21.59,2025-06,2025-06-09/2025-06-15,0.3904865255923313
ORD-501992,2025-08-17,SKU-1036,Monitor Stand,Premium,Office,Nova Supply Co.,Online,Surabaya,E-Wallet,1,158.85,0.1,158.85,142.96,110.27,32.69,2025-08,2025-08-11/2025-08-17,0.22866536094012307
ORD-501993,2025-05-26,SKU-1002,Bluetooth Speaker,Premium,Electronics,Nova Supply Co.,Marketplace,Bandung,Cash,1,110.05,0.0,110.05,110.05,87.34,22.71,2025-05,2025-05-26/2025-06-01,0.20636074511585645
ORD-501994,2025-06-02,SKU-1007,Power Bank,Standard,Electronics,Nova Supply Co.,Online,Jakarta,Card,1,127.25,0.1,127.25,114.52,81.84,32.68,2025-06,2025-06-02/2025-06-08,0.2853650017464198
ORD-501995,2025-03-23,SKU-1056,Resistance Bands,Pro,Sports,Nova Supply Co.,Online,Yogyakarta,E-Wallet,2,37.19,0.15,74.38,63.22,43.72,19.5,2025-03,2025-03-17/2025-03-23,0.3084466940841506
ORD-501996,2025-01-24,SKU-1033,Gel Pen Set,Standard,Office,Aster Distribution,Retail Store,Surabaya,E-Wallet,2,82.15,0.0,164.3,164.3,130.7,33.6,2025-01,2025-01-20/2025-01-26,0.20450395617772368
ORD-501997,2025-10-02,SKU-1060,Running Belt,Standard,Sports,Nova Supply Co.,Marketplace,Makassar,Card,1,84.42,0.05,84.42,80.2,48.15,32.05,2025-10,2025-09-29/2025-10-05,0.3996259351620947
ORD-501998,2025-09-22,SKU-1010,USB-C Hub,Standard,Electronics,Peak Imports,Marketplace,Jakarta,Bank Transfer,1,23.78,0.1,23.78,21.4,18.47,2.93,2025-09,2025-09-22/2025-09-28,0.1369158878504673
ORD-501999,2025-07-20,SKU-1010,USB-C Hub,Standard,Electronics,Peak Imports,Retail Store,Surabaya,Card,2,23.78,0.0,47.56,47.56,36.94,10.62,2025-07,2025-07-14/2025-07-20,0.22329688814129517
ORD-502000,2025-07-17,SKU-1061,Running Belt,Premium,Sports,Aster Distribution,Online,Yogyakarta,Bank Transfer,1,76.7,0.05,76.7,72.86,43.71,29.15,2025-07,2025-07-14/2025-07-20,0.400082349711776
ORD-502001,2025-08-02,SKU-1061,Running Belt,Premium,Sports,Aster Distribution,Marketplace,Makassar,E-Wallet,2,76.7,0.05,153.4,145.73,87.42,58.31,2025-08,2025-07-28/2025-08-03,0.40012351609140195
ORD-502002,2025-12-25,SKU-1002,Bluetooth Speaker,Premium,Electronics,Nova Supply Co.,Marketplace,Jakarta,Bank Transfer,2,110.05,0.0,220.1,220.1,174.68,45.42,2025-12,2025-12-22/2025-12-28,0.20636074511585645
ORD-502003,2025-02-21,SKU-1009,Power Bank,Pro,Electronics,Nova Supply Co.,Online,Yogyakarta,Card,2,120.75,0.15,241.5,205.28,184.86,20.42,2025-02,2025-02-17/2025-02-23,0.0994738893219018
ORD-502004,2025-08-06,SKU-1053,Yoga Mat,Pro,Sports,Brightline Wholesale,Online,Jakarta,Card,2,30.37,0.0,60.74,60.74,38.6,22.14,2025-08,2025-08-04/2025-08-10,0.3645044451761607
ORD-502005,2025-01-06,SKU-1040,Office Chair,Premium,Office,Brightline Wholesale,Online,Semarang,Bank Transfer,2,159.4,0.2,318.8,255.04,222.84,32.2,2025-01,2025-01-06/2025-01-12,0.1262547051442911
ORD-502006,2025-05-12,SKU-1019,Electric Kettle,Standard,Home & Kitchen,Nova Supply Co.,Online,Makassar,Bank Transfer,1,88.16,0.0,88.16,88.16,53.02,35.14,2025-05,2025-05-12/2025-05-18,0.3985934664246824
ORD-502007,2025-12-31,SKU-1036,Monitor Stand,Premium,Office,Nova Supply Co.,Online,Jakarta,Bank Transfer,1,158.85,0.0,158.85,158.85,110.27,48.58,2025-12,2025-12-29/2026-01-04,0.3058231035568146
ORD-502008,2025-07-28,SKU-1006,Wireless Earbuds,Pro,Electronics,Aster Distribution,Marketplace,Jakarta,Card,2,48.0,0.05,96.0,91.2,63.82,27.38,2025-07,2025-07-28/2025-08-03,0.300219298245614
ORD-502009,2025-07-05,SKU-1010,USB-C Hub,Standard,Electronics,Peak Imports,Online,Jakarta,E-Wallet,1,23.78,0.15,23.78,20.21,18.47,1.74,2025-07,2025-06-30/2025-07-06,0.08609599208312715
ORD-502010,2025-06-06,SKU-1009,Power Bank,Pro,Electronics,Nova Supply Co.,Retail Store,Makassar,Cash,1,120.75,0.15,120.75,102.64,92.43,10.21,2025-06,2025-06-02/2025-06-08,0.0994738893219018
ORD-502011,2025-06-10,SKU-1002,Bluetooth Speaker,Premium,Electronics,Nova Supply Co.,Online,Yogyakarta,Card,3,110.05,0.0,330.15,330.15,262.02,68.13,2025-06,2025-06-09/2025-06-15,0.20636074511585642
ORD-502012,2025-10-27,SKU-1052,Yoga Mat,Premium,Sports,Peak Imports,Online,Jakarta,Bank Transfer,1,51.11,0.15,51.11,43.44,40.36,3.08,2025-10,2025-10-27/2025-11-02,0.070902394106814
ORD-502013,2025-07-12,SKU-1063,Dumbbell Set,Standard,Sports,Urban Source Ltd.,Wholesale,Yogyakarta,E-Wallet,4,37.4,0.15,149.6,127.16,118.72,8.44,2025-07,2025-07-07/2025-07-13,0.06637307329348852
ORD-502014,2025-01-28,SKU-1015,Mechanical Keyboard,Pro,Electronics,Aster Distribution,Online,Surabaya,Bank Transfer,3,110.43,0.15,331.29,281.6,242.67,38.93,2025-01,2025-01-27/2025-02-02,0.13824573863636364
ORD-502015,2025-07-22,SKU-1006,Wireless Earbuds,Pro,Electronics,Aster Distribution,Online,Medan,Card,1,48.0,0.1,48.0,43.2,31.91,11.29,2025-07,2025-07-21/2025-07-27,0.26134259259259257
ORD-502016,2025-07-15,SKU-1025,Desk Lamp,Standard,Home & Kitchen,Urban Source Ltd.,Marketplace,Jakarta,Card,1,104.17,0.0,104.17,104.17,78.6,25.57,2025-07,2025-07-14/2025-07-20,0.2454641451473553
ORD-502017,2025-12-08,SKU-1008,Power Bank,Premium,Electronics,Peak Imports,Online,Bandung,Cash,1,64.8,0.15,64.8,55.08,35.52,19.56,2025-12,2025-12-08/2025-12-14,0.355119825708061
ORD-502018,2025-12-16,SKU-1009,Power Bank,Pro,Electronics,Nova Supply Co.,Marketplace,Yogyakarta,Card,2,120.75,0.1,241.5,217.35,184.86,32.49,2025-12,2025-12-15/2025-12-21,0.1494824016563147
ORD-502019,2025-09-04,SKU-1024,Blender,Pro,Home & Kitchen,Aster Distribution,Online,Surabaya,Bank Transfer,1,59.17,0.0,59.17,59.17,44.96,14.21,2025-09,2025-09-01/2025-09-07,0.24015548419807337
ORD-502020,2025-01-22,SKU-1011,USB-C Hub,Premium,Electronics,Urban Source Ltd.,Online,Medan,E-Wallet,1,116.31,0.0,116.31,116.31,63.87,52.44,2025-01,2025-01-20/2025-01-26,0.4508640701573381
ORD-502021,2025-03-21,SKU-1018,Air Fryer,Pro,Home & Kitchen,Peak Imports,Wholesale,Jakarta,E-Wallet,1,12.8,0.1,12.8,11.52,7.68,3.84,2025-03,2025-03-17/2025-03-23,0.3333333333333333
ORD-502022,2025-12-23,SKU-1053,Yoga Mat,Pro,Sports,Brightline Wholesale,Online,Jakarta,Card,1,30.37,0.0,30.37,30.37,19.3,11.07,2025-12,2025-12-22/2025-12-28,0.3645044451761607
ORD-502023,2025-01-26,SKU-1001,Bluetooth Speaker,Standard,Electronics,Nova Supply Co.,Online,Yogyakarta,Card,1,120.16,0.0,120.16,120.16,83.77,36.39,2025-01,2025-01-20/2025-01-26,0.3028462050599201
ORD-502024,2025-11-10,SKU-1057,Water Bottle,Standard,Sports,Nova Supply Co.,Online,Jakarta,Bank Transfer,1,33.1,0.2,33.1,26.48,18.31,8.17,2025-11,2025-11-10/2025-11-16,0.3085347432024169
ORD-502025,2025-01-11,SKU-1036,Monitor Stand,Premium,Office,Nova Supply Co.,Marketplace,Medan,Card,2,158.85,0.0,317.7,317.7,220.54,97.16,2025-01,2025-01-06/2025-01-12,0.3058231035568146
ORD-502026,2025-06-25,SKU-1036,Monitor Stand,Premium,Office,Nova Supply Co.,Online,Jakarta,Card,3,158.85,0.0,476.55,476.55,330.81,145.74,2025-06,2025-06-23/2025-06-29,0.30582310355681463
ORD-502027,2025-03-09,SKU-1010,USB-C Hub,Standard,Electronics,Peak Imports,Marketplace,Bandung,Cash,1,23.78,0.05,23.78,22.59,18.47,4.12,2025-03,2025-03-03/2025-03-09,0.18238158477202301
ORD-502028,2025-05-18,SKU-1010,USB-C Hub,Standard,Electronics,Peak Imports,Online,Medan,Card,1,23.78,0.1,23.78,21.4,18.47,2.93,2025-05,2025-05-12/2025-05-18,0.1369158878504673
ORD-502029,2025-04-16,SKU-1035,Monitor Stand,Standard,Office,Brightline Wholesale,Retail Store,Jakarta,Card,1,61.43,0.1,61.43,55.29,33.7,21.59,2025-04,2025-04-14/2025-04-20,0.3904865255923313
ORD-502030,2025-07-06,SKU-1041,Face Cleanser,Standard,Beauty,Brightline Wholesale,Retail Store,Surabaya,Bank Transfer,2,40.88,0.15,81.76,69.5,52.16,17.34,2025-07,2025-06-30/2025-07-06,0.24949640287769784
ORD-502031,2025-08-14,SKU-1057,Water Bottle,Standard,Sports,Nova Supply Co.,Online,Yogyakarta,E-Wallet,1,33.1,0.0,33.1,33.1,18.31,14.79,2025-08,2025-08-11/2025-08-17,0.4468277945619335
ORD-502032,2025-02-18,SKU-1026,Desk Lamp,Premium,Home & Kitchen,Peak Imports,Online,Surabaya,E-Wallet,2,42.39,0.05,84.78,80.54,62.56,17.98,2025-02,2025-02-17/2025-02-23,0.22324310901415445
ORD-502033,2025-11-10,SKU-1057,Water Bottle,Standard,Sports,Nova Supply Co.,Online,Jakarta,E-Wallet,1,33.1,0.0,33.1,33.1,18.31,14.79,2025-11,2025-11-10/2025-11-16,0.4468277945619335
ORD-502034,2025-01-28,SKU-1033,Gel Pen Set,Standard,Office,Aster Distribution,Marketplace,Jakarta,Cash,1,82.15,0.1,82.15,73.94,65.35,8.59,2025-01,2025-01-27/2025-02-02,0.1161752772518258
ORD-502035,2025-05-25,SKU-1023,Blender,Premium,Home & Kitchen,Urban Source Ltd.,Wholesale,Jakarta,Cash,2,72.39,0.1,144.78,130.3,106.4,23.9,2025-05,2025-05-19/2025-05-25,0.18342287029930926
ORD-502036,2025-09-11,SKU-1053,Yoga Mat,Pro,Sports,Brightline Wholesale,Online,Medan,Cash,1,30.37,0.0,30.37,30.37,19.3,11.07,2025-09,2025-09-08/2025-09-14,0.3645044451761607
ORD-502037,2025-03-30,SKU-1056,Resistance Bands,Pro,Sports,Nova Supply Co.,Online,Yogyakarta,Bank Transfer,1,37.19,0.05,37.19,35.33,21.86,13.47,2025-03,2025-03-24/2025-03-30,0.38126238324370226
ORD-502038,2025-08-28,SKU-1011,USB-C Hub,Premium,Electronics,Urban Source Ltd.,Online,Semarang,E-Wallet,1,116.31,0.05,116.31,110.49,63.87,46.62,2025-08,2025-08-25/2025-08-31,0.42193863698072226
ORD-502039,2025-06-10,SKU-1011,USB-C Hub,Premium,Electronics,Urban Source Ltd.,Online,Makassar,E-Wallet,3,116.31,0.0,348.93,348.93,191.61,157.32,2025-06,2025-06-09/2025-06-15,0.4508640701573381
ORD-502040,2025-03-20,SKU-1002,Bluetooth Speaker,Premium,Electronics,Nova Supply Co.,Online,Surabaya,E-Wallet,1,110.05,0.0,110.05,110.05,87.34,22.71,2025-03,2025-03-17/2025-03-23,0.20636074511585645
ORD-502041,2025-03-19,SKU-1016,Air Fryer,Standard,Home & Kitchen,Aster Distribution,Online,Surabaya,Card,1,98.91,0.0,98.91,98.91,70.38,28.53,2025-03,2025-03-17/2025-03-23,0.28844404003639673
ORD-502042,2025-08-10,SKU-1036,Monitor Stand,Premium,Office,Nova Supply Co.,Retail Store,Jakarta,Card,2,158.85,0.1,317.7,285.93,220.54,65.39,2025-08,2025-08-04/2025-08-10,0.22869233728534955
ORD-502043,2025-04-05,SKU-1042,Face Cleanser,Premium,Beauty,Peak Imports,Marketplace,Medan,Card,1,31.12,0.05,31.12,29.56,25.16,4.4,2025-04,2025-03-31/2025-04-06,0.14884979702300408
ORD-502044,2025-03-23,SKU-1018,Air Fryer,Pro,Home & Kitchen,Peak Imports,Online,Jakarta,Card,1,12.8,0.05,12.8,12.16,7.68,4.48,2025-03,2025-03-17/2025-03-23,0.368421052631579
ORD-502045,2025-08-26,SKU-1010,USB-C Hub,Standard,Electronics,Peak Imports,Marketplace,Yogyakarta,E-Wallet,1,23.78,0.0,23.78,23.78,18.47,5.31,2025-08,2025-08-25/2025-08-31,0.22329688814129517
ORD-502046,2025-01-21,SKU-1057,Water Bottle,Standard,Sports,Nova Supply Co.,Marketplace,Jakarta,E-Wallet,2,33.1,0.15,66.2,56.27,36.62,19.65,2025-01,2025-01-20/2025-01-26,0.34920917007286295
ORD-502047,2025-09-13,SKU-1024,Blender,Pro,Home & Kitchen,Aster Distribution,Online,Jakarta,Bank Transfer,1,59.17,0.15,59.17,50.29,44.96,5.33,2025-09,2025-09-08/2025-09-14,0.10598528534499901
ORD-502048,2025-07-14,SKU-1026,Desk Lamp,Premium,Home & Kitchen,Peak Imports,Retail Store,Makassar,Card,1,42.39,0.1,42.39,38.15,31.28,6.87,2025-07,2025-07-14/2025-07-20,0.1800786369593709
ORD-502049,2025-03-12,SKU-1044,Sunscreen,Premium,Beauty,Nova Supply Co.,Marketplace,Surabaya,Card,2,41.08,0.0,82.16,82.16,63.44,18.72,2025-03,2025-03-10/2025-03-16,0.22784810126582278
ORD-502050,2025-03-23,SKU-1028,Storage Box,Standard,Home & Kitchen,Nova Supply Co.,Online,Yogyakarta,E-Wallet,2,55.89,0.2,111.78,89.42,66.18,23.24,2025-03,2025-03-17/2025-03-23,0.2598971147394319
ORD-502051,2025-06-19,SKU-1010,USB-C Hub,Standard,Electronics,Peak Imports,Wholesale,Jakarta,E-Wallet,1,23.78,0.0,23.78,23.78,18.47,5.31,2025-06,2025-06-16/2025-06-22,0.22329688814129517
ORD-502052,2025-08-06,SKU-1056,Resistance Bands,Pro,Sports,Nova Supply Co.,Retail Store,Bandung,Card,1,37.19,0.0,37.19,37.19,21.86,15.33,2025-08,2025-08-04/2025-08-10,0.4122075826835171
ORD-502053,2025-01-05,SKU-1043,Sunscreen,Standard,Beauty,Brightline Wholesale,Online,Surabaya,Card,1,26.13,0.0,26.13,26.13,20.37,5.76,2025-01,2024-12-30/2025-01-05,0.22043628013777267
ORD-502054,2025-01-14,SKU-1005,Wireless Earbuds,Premium,Electronics,Aster Distribution,Marketplace,Yogyakarta,Card,1,102.99,0.05,102.99,97.84,60.73,37.11,2025-01,2025-01-13/2025-01-19,0.3792927228127555
ORD-502055,2025-05-08,SKU-1009,Power Bank,Pro,Electronics,Nova Supply Co.,Marketplace,Surabaya,Card,1,120.75,0.0,120.75,120.75,92.43,28.32,2025-05,2025-05-05/2025-05-11,0.23453416149068324
ORD-502056,2025-07-09,SKU-1003,Bluetooth Speaker,Pro,Electronics,Brightline Wholesale,Marketplace,Surabaya,Card,1,118.47,0.0,118.47,118.47,71.07,47.4,2025-07,2025-07-07/2025-07-13,0.40010129146619394
ORD-502057,2025-04-24,SKU-1061,Running Belt,Premium,Sports,Aster Distribution,Marketplace,Semarang,Bank Transfer,1,76.7,0.1,76.7,69.03,43.71,25.32,2025-04,2025-04-21/2025-04-27,0.36679704476314645
ORD-502058,2025-10-14,SKU-1012,USB-C Hub,Pro,Electronics,Nova Supply Co.,Marketplace,Surabaya,Bank Transfer,1,66.9,0.0,66.9,66.9,46.06,20.84,2025-10,2025-10-13/2025-10-19,0.3115097159940209
ORD-502059,2025-02-24,SKU-1010,USB-C Hub,Standard,Electronics,Peak Imports,Marketplace,Bandung,E-Wallet,1,23.78,0.0,23.78,23.78,18.47,5.31,2025-02,2025-02-24/2025-03-02,0.22329688814129517
ORD-502060,2025-10-30,SKU-1038,Desk Organizer,Premium,Office,Urban Source Ltd.,Wholesale,Medan,E-Wallet,1,47.71,0.0,47.71,47.71,35.03,12.68,2025-10,2025-10-27/2025-11-02,0.26577237476420035
ORD-502061,2025-08-07,SKU-1053,Yoga Mat,Pro,Sports,Brightline Wholesale,Wholesale,Bandung,Card,1,30.37,0.15,30.37,25.81,19.3,6.51,2025-08,2025-08-04/2025-08-10,0.2522278186749322
ORD-502062,2025-11-13,SKU-1030,Storage Box,Pro,Home & Kitchen,Urban Source Ltd.,Online,Yogyakarta,E-Wallet,1,61.88,0.05,61.88,58.79,47.95,10.84,2025-11,2025-11-10/2025-11-16,0.18438509950671883
ORD-502063,2025-12-07,SKU-1053,Yoga Mat,Pro,Sports,Brightline Wholesale,Retail Store,Jakarta,Bank Transfer,2,30.37,0.0,60.74,60.74,38.6,22.14,2025-12,2025-12-01/2025-12-07,0.3645044451761607
ORD-502064,2025-10-29,SKU-1045,Moisturizer,Standard,Beauty,Urban Source Ltd.,Online,Jakarta,E-Wallet,1,40.7,0.05,40.7,38.66,29.42,9.24,2025-10,2025-10-27/2025-11-02,0.2390067252974651
ORD-502065,2025-01-02,SKU-1053,Yoga Mat,Pro,Sports,Brightline Wholesale,Online,Bandung,E-Wallet,1,30.37,0.15,30.37,25.81,19.3,6.51,2025-01,2024-12-30/2025-01-05,0.2522278186749322
ORD-502066,2025-09-16,SKU-1037,Desk Organizer,Standard,Office,Nova Supply Co.,Online,Semarang,E-Wallet,2,24.82,0.0,49.64,49.64,28.16,21.48,2025-09,2025-09-15/2025-09-21,0.43271555197421435
ORD-502067,2025-12-30,SKU-1035,Monitor Stand,Standard,Office,Brightline Wholesale,Retail Store,Jakarta,Card,2,61.43,0.15,122.86,104.43,67.4,37.03,2025-12,2025-12-29/2026-01-04,0.3545915924542756
ORD-502068,2025-04-30,SKU-1033,Gel Pen Set,Standard,Office,Aster Distribution,Online,Jakarta,E-Wallet,1,82.15,0.0,82.15,82.15,65.35,16.8,2025-04,2025-04-28/2025-05-04,0.20450395617772368
ORD-502069,2025-02-06,SKU-1041,Face Cleanser,Standard,Beauty,Brightline Wholesale,Marketplace,Yogyakarta,E-Wallet,1,40.88,0.1,40.88,36.79,26.08,10.71,2025-02,2025-02-03/2025-02-09,0.29111171513998374
ORD-502070,2025-02-04,SKU-1005,Wireless Earbuds,Premium,Electronics,Aster Distribution,Retail Store,Jakarta,Bank Transfer,2,102.99,0.05,205.98,195.68,121.46,74.22,2025-02,2025-02-03/2025-02-09,0.3792927228127555
ORD-502071,2025-01-28,SKU-1016,Air Fryer,Standard,Home & Kitchen,Aster Distribution,Marketplace,Yogyakarta,E-Wallet,1,98.91,0.0,98.91,98.91,70.38,28.53,2025-01,2025-01-27/2025-02-02,0.28844404003639673
ORD-502072,2025-03-16,SKU-1044,Sunscreen,Premium,Beauty,Nova Supply Co.,Online,Medan,Bank Transfer,3,41.08,0.0,123.24,123.24,95.16,28.08,2025-03,2025-03-10/2025-03-16,0.22784810126582278
ORD-502073,2025-08-03,SKU-1018,Air Fryer,Pro,Home & Kitchen,Peak Imports,Online,Semarang,E-Wallet,1,12.8,0.1,12.8,11.52,7.68,3.84,2025-08,2025-07-28/2025-08-03,0.3333333333333333
ORD-502074,2025-10-15,SKU-1036,Monitor Stand,Premium,Office,Nova Supply Co.,Marketplace,Makassar,E-Wallet,1,158.85,0.0,158.85,158.85,110.27,48.58,2025-10,2025-10-13/2025-10-19,0.3058231035568146
ORD-502075,2025-07-30,SKU-1029,Storage Box,Premium,Home & Kitchen,Aster Distribution,Marketplace,Bandung,E-Wallet,2,14.45,0.05,28.9,27.46,22.96,4.5,2025-07,2025-07-28/2025-08-03,0.1638747268754552
ORD-502076,2025-12-29,SKU-1008,Power Bank,Premium,Electronics,Peak Imports,Marketplace,Yogyakarta,Bank Transfer,1,64.8,0.05,64.8,61.56,35.52,26.04,2025-12,2025-12-29/2026-01-04,0.42300194931773877
ORD-502077,2025-10-11,SKU-1064,Dumbbell Set,Premium,Sports,Brightline Wholesale,Retail Store,Surabaya,Card,1,28.95,0.0,28.95,28.95,16.15,12.8,2025-10,2025-10-06/2025-10-12,0.4421416234887738
ORD-502078,2025-06-14,SKU-1036,Monitor Stand,Premium,Office,Nova Supply Co.,Online,Yogyakarta,E-Wallet,1,158.85,0.05,158.85,150.91,110.27,40.64,2025-06,2025-06-09/2025-06-15,0.26929958253263536
ORD-502079,2025-11-14,SKU-1064,Dumbbell Set,Premium,Sports,Brightline Wholesale,Online,Makassar,Card,1,28.95,0.0,28.95,28.95,16.15,12.8,2025-11,2025-11-10/2025-11-16,0.4421416234887738
ORD-502080,2025-09-21,SKU-1056,Resistance Bands,Pro,Sports,Nova Supply Co.,Retail Store,Jakarta,E-Wallet,1,37.19,0.0,37.19,37.19,21.86,15.33,2025-09,2025-09-15/2025-09-21,0.4122075826835171
ORD-502081,2025-06-02,SKU-1065,Dumbbell Set,Pro,Sports,Urban Source Ltd.,Online,Makassar,E-Wallet,1,18.33,0.05,18.33,17.41,10.76,6.65,2025-06,2025-06-02/2025-06-08,0.3819643882825962
ORD-502082,2025-04-13,SKU-1056,Resistance Bands,Pro,Sports,Nova Supply Co.,Online,Makassar,E-Wallet,2,37.19,0.0,74.38,74.38,43.72,30.66,2025-04,2025-04-07/2025-04-13,0.4122075826835171
ORD-502083,2025-07-23,SKU-1021,Electric Kettle,Pro,Home & Kitchen,Aster Distribution,Online,Makassar,E-Wallet,1,84.19,0.0,84.19,84.19,57.93,26.26,2025-07,2025-07-21/2025-07-27,0.31191352892267493
ORD-502084,2025-05-03,SKU-1026,Desk Lamp,Premium,Home & Kitchen,Peak Imports,Marketplace,Jakarta,E-Wallet,1,42.39,0.0,42.39,42.39,31.28,11.11,2025-05,2025-04-28/2025-05-04,0.2620901155933003
ORD-502085,2025-03-01,SKU-1046,Moisturizer,Premium,Beauty,Peak Imports,Marketplace,Surabaya,Bank Transfer,2,8.32,0.0,16.64,16.64,9.18,7.46,2025-03,2025-02-24/2025-03-02,0.44831730769230765
ORD-502086,2025-05-17,SKU-1018,Air Fryer,Pro,Home & Kitchen,Peak Imports,Online,Jakarta,Bank Transfer,1,12.8,0.0,12.8,12.8,7.68,5.12,2025-05,2025-05-12/2025-05-18,0.39999999999999997
ORD-502087,2025-03-24,SKU-1019,Electric Kettle,Standard,Home & Kitchen,Nova Supply Co.,Retail Store,Medan,Card,2,88.16,0.05,176.32,167.5,106.04,61.46,2025-03,2025-03-24/2025-03-30,0.3669253731343284
ORD-502088,2025-12-24,SKU-1009,Power Bank,Pro,Electronics,Nova Supply Co.,Wholesale,Makassar,E-Wallet,4,120.75,0.05,483.0,458.85,369.72,89.13,2025-12,2025-12-22/2025-12-28,0.19424648577966655
ORD-502089,2025-07-22,SKU-1047,Hair Dryer,Standard,Beauty,Nova Supply Co.,Retail Store,Surabaya,E-Wallet,1,52.4,0.0,52.4,52.4,41.75,10.65,2025-07,2025-07-21/2025-07-27,0.20324427480916032
ORD-502090,2025-10-17,SKU-1065,Dumbbell Set,Pro,Sports,Urban Source Ltd.,Retail Store,Surabaya,E-Wallet,1,18.33,0.0,18.33,18.33,10.76,7.57,2025-10,2025-10-13/2025-10-19,0.4129841789416258
ORD-502091,2025-03-04,SKU-1057,Water Bottle,Standard,Sports,Nova Supply Co.,Marketplace,Surabaya,E-Wallet,1,33.1,0.05,33.1,31.44,18.31,13.13,2025-03,2025-03-03/2025-03-09,0.4176208651399491
ORD-502092,2025-12-04,SKU-1047,Hair Dryer,Standard,Beauty,Nova Supply Co.,Online,Jakarta,Bank Transfer,1,52.4,0.15,52.4,44.54,41.75,2.79,2025-12,2025-12-01/2025-12-07,0.06264032330489448
ORD-502093,2025-05-08,SKU-1032,Notebook,Premium,Office,Brightline Wholesale,Online,Surabaya,Card,1,86.3,0.0,86.3,86.3,63.48,22.82,2025-05,2025-05-05/2025-05-11,0.2644264194669757
ORD-502094,2025-11-24,SKU-1036,Monitor Stand,Premium,Office,Nova Supply Co.,Retail Store,Jakarta,Card,1,158.85,0.05,158.85,150.91,110.27,40.64,2025-11,2025-11-24/2025-11-30,0.26929958253263536
ORD-502095,2025-09-18,SKU-1063,Dumbbell Set,Standard,Sports,Urban Source Ltd.,Online,Yogyakarta,E-Wallet,2,37.4,0.0,74.8,74.8,59.36,15.44,2025-09,2025-09-15/2025-09-21,0.20641711229946524
ORD-502096,2025-08-21,SKU-1042,Face Cleanser,Premium,Beauty,Peak Imports,Online,Medan,E-Wallet,1,31.12,0.15,31.12,26.45,25.16,1.29,2025-08,2025-08-18/2025-08-24,0.048771266540642726
ORD-502097,2025-06-13,SKU-1024,Blender,Pro,Home & Kitchen,Aster Distribution,Online,Jakarta,Card,2,59.17,0.2,118.34,94.67,89.92,4.75,2025-06,2025-06-09/2025-06-15,0.050174289637688815
ORD-502098,2025-03-05,SKU-1029,Storage Box,Premium,Home & Kitchen,Aster Distribution,Retail Store,Surabaya,E-Wallet,2,14.45,0.0,28.9,28.9,22.96,5.94,2025-03,2025-03-03/2025-03-09,0.2055363321799308
ORD-502099,2025-04-14,SKU-1024,Blender,Pro,Home & Kitchen,Aster Distribution,Online,Semarang,Card,3,59.17,0.0,177.51,177.51,134.88,42.63,2025-04,2025-04-14/2025-04-20,0.24015548419807337
ORD-502100,2025-07-28,SKU-1032,Notebook,Premium,Office,Brightline Wholesale,Online,Jakarta,Card,3,86.3,0.0,258.9,258.9,190.44,68.46,2025-07,2025-07-28/2025-08-03,0.26442641946697565
ORD-502101,2025-05-18,SKU-1050,Makeup Brush Set,Premium,Beauty,Peak Imports,Retail Store,Semarang,Card,1,37.2,0.0,37.2,37.2,25.93,11.27,2025-05,2025-05-12/2025-05-18,0.3029569892473118
ORD-502102,2025-10-20,SKU-1045,Moisturizer,Standard,Beauty,Urban Source Ltd.,Retail Store,Yogyakarta,E-Wallet,1,40.7,0.0,40.7,40.7,29.42,11.28,2025-10,2025-10-20/2025-10-26,0.2771498771498771
ORD-502103,2025-08-27,SKU-1040,Office Chair,Premium,Office,Brightline Wholesale,Online,Yogyakarta,Card,2,159.4,0.1,318.8,286.92,222.84,64.08,2025-08,2025-08-25/2025-08-31,0.2233375156838143
ORD-502104,2025-02-18,SKU-1009,Power Bank,Pro,Electronics,Nova Supply Co.,Marketplace,Yogyakarta,Cash,1,120.75,0.1,120.75,108.68,92.43,16.25,2025-02,2025-02-17/2025-02-23,0.14952153110047847
ORD-502105,2025-10-15,SKU-1037,Desk Organizer,Standard,Office,Nova Supply Co.,Online,Bandung,E-Wallet,2,24.82,0.1,49.64,44.68,28.16,16.52,2025-10,2025-10-13/2025-10-19,0.36974037600716203
ORD-502106,2025-02-07,SKU-1064,Dumbbell Set,Premium,Sports,Brightline Wholesale,Online,Yogyakarta,Bank Transfer,1,28.95,0.0,28.95,28.95,16.15,12.8,2025-02,2025-02-03/2025-02-09,0.4421416234887738
ORD-502107,2025-06-14,SKU-1061,Running Belt,Premium,Sports,Aster Distribution,Online,Jakarta,Bank Transfer,2,76.7,0.1,153.4,138.06,87.42,50.64,2025-06,2025-06-09/2025-06-15,0.36679704476314645
ORD-502108,2025-12-22,SKU-1019,Electric Kettle,Standard,Home & Kitchen,Nova Supply Co.,Retail Store,Surabaya,Bank Transfer,3,88.16,0.0,264.48,264.48,159.06,105.42,2025-12,2025-12-22/2025-12-28,0.39859346642468235
ORD-502109,2025-05-06,SKU-1019,Electric Kettle,Standard,Home & Kitchen,Nova Supply Co.,Wholesale,Yogyakarta,Card,2,88.16,0.0,176.32,176.32,106.04,70.28,2025-05,2025-05-05/2025-05-11,0.3985934664246824
ORD-502110,2025-05-17,SKU-1061,Running Belt,Premium,Sports,Aster Distribution,Retail Store,Jakarta,Card,1,76.7,0.05,76.7,72.86,43.71,29.15,2025-05,2025-05-12/2025-05-18,0.400082349711776
ORD-502111,2025-06-11,SKU-1011,USB-C Hub,Premium,Electronics,Urban Source Ltd.,Retail Store,Bandung,E-Wallet,1,116.31,0.0,116.31,116.31,63.87,52.44,2025-06,2025-06-09/2025-06-15,0.4508640701573381
ORD-502112,2025-04-25,SKU-1018,Air Fryer,Pro,Home & Kitchen,Peak Imports,Online,Makassar,Card,1,12.8,0.2,12.8,10.24,7.68,2.56,2025-04,2025-04-21/2025-04-27,0.25
ORD-502113,2025-09-01,SKU-1057,Water Bottle,Standard,Sports,Nova Supply Co.,Online,Jakarta,Card,1,33.1,0.05,33.1,31.44,18.31,13.13,2025-09,2025-09-01/2025-09-07,0.4176208651399491
ORD-502114,2025-02-15,SKU-1035,Monitor Stand,Standard,Office,Brightline Wholesale,Wholesale,Surabaya,Card,1,61.43,0.1,61.43,55.29,33.7,21.59,2025-02,2025-02-10/2025-02-16,0.3904865255923313
ORD-502115,2025-06-09,SKU-1002,Bluetooth Speaker,Premium,Electronics,Nova Supply Co.,Marketplace,Surabaya,E-Wallet,1,110.05,0.1,110.05,99.04,87.34,11.7,2025-06,2025-06-09/2025-06-15,0.11813408723747978
ORD-502116,2025-09-06,SKU-1008,Power Bank,Premium,Electronics,Peak Imports,Wholesale,Bandung,E-Wallet,1,64.8,0.15,64.8,55.08,35.52,19.56,2025-09,2025-09-01/2025-09-07,0.355119825708061
ORD-502117,2025-10-07,SKU-1025,Desk Lamp,Standard,Home & Kitchen,Urban Source Ltd.,Marketplace,Yogyakarta,Bank Transfer,1,104.17,0.05,104.17,98.96,78.6,20.36,2025-10,2025-10-06/2025-10-12,0.20573969280517382
ORD-502118,2025-01-04,SKU-1002,Bluetooth Speaker,Premium,Electronics,Nova Supply Co.,Retail Store,Bandung,Bank Transfer,1,110.05,0.0,110.05,110.05,87.34,22.71,2025-01,2024-12-30/2025-01-05,0.20636074511585645
ORD-502119,2025-02-03,SKU-1053,Yoga Mat,Pro,Sports,Brightline Wholesale,Retail Store,Jakarta,Cash,1,30.37,0.1,30.37,27.33,19.3,8.03,2025-02,2025-02-03/2025-02-09,0.2938163190633004
ORD-502120,2025-05-05,SKU-1035,Monitor Stand,Standard,Office,Brightline Wholesale,Marketplace,Yogyakarta,E-Wallet,1,61.43,0.05,61.43,58.36,33.7,24.66,2025-05,2025-05-05/2025-05-11,0.42254969156956823
ORD-502121,2025-01-01,SKU-1059,Water Bottle,Pro,Sports,Brightline Wholesale,Wholesale,Semarang,Bank Transfer,2,21.51,0.15,43.02,36.57,34.74,1.83,2025-01,2024-12-30/2025-01-05,0.05004101722723544
ORD-502122,2025-02-09,SKU-1030,Storage Box,Pro,Home & Kitchen,Urban Source Ltd.,Online,Medan,Card,1,61.88,0.15,61.88,52.6,47.95,4.65,2025-02,2025-02-03/2025-02-09,0.08840304182509506
ORD-502123,2025-12-19,SKU-1042,Face Cleanser,Premium,Beauty,Peak Imports,Wholesale,Bandung,Bank Transfer,1,31.12,0.0,31.12,31.12,25.16,5.96,2025-12,2025-12-15/2025-12-21,0.19151670951156813
ORD-502124,2025-03-11,SKU-1057,Water Bottle,Standard,Sports,Nova Supply Co.,Online,Yogyakarta,Bank Transfer,1,33.1,0.0,33.1,33.1,18.31,14.79,2025-03,2025-03-10/2025-03-16,0.4468277945619335
ORD-502125,2025-04-13,SKU-1005,Wireless Earbuds,Premium,Electronics,Aster Distribution,Online,Yogyakarta,E-Wallet,1,102.99,0.0,102.99,102.99,60.73,42.26,2025-04,2025-04-07/2025-04-13,0.4103311001068065
ORD-502126,2025-01-18,SKU-1011,USB-C Hub,Premium,Electronics,Urban Source Ltd.,Wholesale,Jakarta,Card,3,116.31,0.0,348.93,348.93,191.61,157.32,2025-01,2025-01-13/2025-01-19,0.4508640701573381
ORD-502127,2025-08-14,SKU-1001,Bluetooth Speaker,Standard,Electronics,Nova Supply Co.,Retail Store,Jakarta,Card,3,120.16,0.0,360.48,360.48,251.31,109.17,2025-08,2025-08-11/2025-08-17,0.3028462050599201
ORD-502128,2025-04-22,SKU-1036,Monitor Stand,Premium,Office,Nova Supply Co.,Retail Store,Yogyakarta,E-Wallet,2,158.85,0.1,317.7,285.93,220.54,65.39,2025-04,2025-04-21/2025-04-27,0.22869233728534955
ORD-502129,2025-11-24,SKU-1029,Storage Box,Premium,Home & Kitchen,Aster Distribution,Retail Store,Makassar,E-Wallet,2,14.45,0.05,28.9,27.46,22.96,4.5,2025-11,2025-11-24/2025-11-30,0.1638747268754552
ORD-502130,2025-10-08,SKU-1014,Mechanical Keyboard,Premium,Electronics,Nova Supply Co.,Online,Yogyakarta,Bank Transfer,1,106.42,0.0,106.42,106.42,74.24,32.18,2025-10,2025-10-06/2025-10-12,0.3023867694042473
ORD-502131,2025-06-29,SKU-1035,Monitor Stand,Standard,Office,Brightline Wholesale,Wholesale,Surabaya,E-Wallet,2,61.43,0.05,122.86,116.72,67.4,49.32,2025-06,2025-06-23/2025-06-29,0.42254969156956823
ORD-502132,2025-06-02,SKU-1001,Bluetooth Speaker,Standard,Electronics,Nova Supply Co.,Retail Store,Semarang,Bank Transfer,1,120.16,0.1,120.16,108.14,83.77,24.37,2025-06,2025-06-02/2025-06-08,0.22535601997410765
ORD-502133,2025-06-06,SKU-1040,Office Chair,Premium,Office,Brightline Wholesale,Retail Store,Yogyakarta,Bank Transfer,2,159.4,0.1,318.8,286.92,222.84,64.08,2025-06,2025-06-02/2025-06-08,0.2233375156838143
ORD-502134,2025-10-21,SKU-1049,Makeup Brush Set,Standard,Beauty,Nova Supply Co.,Marketplace,Bandung,E-Wallet,1,34.46,0.0,34.46,34.46,25.68,8.78,2025-10,2025-10-20/2025-10-26,0.25478816018572253
ORD-502135,2025-02-07,SKU-1052,Yoga Mat,Premium,Sports,Peak Imports,Retail Store,Makassar,E-Wallet,1,51.11,0.0,51.11,51.11,40.36,10.75,2025-02,2025-02-03/2025-02-09,0.21033065936216006
ORD-502136,2025-05-12,SKU-1012,USB-C Hub,Pro,Electronics,Nova Supply Co.,Online,Jakarta,E-Wallet,2,66.9,0.0,133.8,133.8,92.12,41.68,2025-05,2025-05-12/2025-05-18,0.3115097159940209
ORD-502137,2025-07-08,SKU-1017,Air Fryer,Premium,Home & Kitchen,Peak Imports,Marketplace,Makassar,Card,1,85.71,0.0,85.71,85.71,66.93,18.78,2025-07,2025-07-07/2025-07-13,0.21911095554777743
ORD-502138,2025-05-12,SKU-1019,Electric Kettle,Standard,Home & Kitchen,Nova Supply Co.,Online,Medan,Card,2,88.16,0.0,176.32,176.32,106.04,70.28,2025-05,2025-05-12/2025-05-18,0.3985934664246824
ORD-502139,2025-11-03,SKU-1061,Running Belt,Premium,Sports,Aster Distribution,Online,Jakarta,E-Wallet,2,76.7,0.15,153.4,130.39,87.42,42.97,2025-11,2025-11-03/2025-11-09,0.3295498121021551
ORD-502140,2025-05-22,SKU-1042,Face Cleanser,Premium,Beauty,Peak Imports,Wholesale,Yogyakarta,Bank Transfer,1,31.12,0.15,31.12,26.45,25.16,1.29,2025-05,2025-05-19/2025-05-25,0.048771266540642726
ORD-502141,2025-04-01,SKU-1060,Running Belt,Standard,Sports,Nova Supply Co.,Retail Store,Semarang,Bank Transfer,2,84.42,0.2,168.84,135.07,96.3,38.77,2025-04,2025-03-31/2025-04-06,0.28703635152143336
ORD-502142,2025-05-30,SKU-1012,USB-C Hub,Pro,Electronics,Nova Supply Co.,Online,Surabaya,Bank Transfer,1,66.9,0.0,66.9,66.9,46.06,20.84,2025-05,2025-05-26/2025-06-01,0.3115097159940209
ORD-502143,2025-02-07,SKU-1053,Yoga Mat,Pro,Sports,Brightline Wholesale,Online,Semarang,Bank Transfer,1,30.37,0.1,30.37,27.33,19.3,8.03,2025-02,2025-02-03/2025-02-09,0.2938163190633004
ORD-502144,2025-06-22,SKU-1036,Monitor Stand,Premium,Office,Nova Supply Co.,Retail Store,Jakarta,E-Wallet,1,158.85,0.0,158.85,158.85,110.27,48.58,2025-06,2025-06-16/2025-06-22,0.3058231035568146
ORD-502145,2025-04-22,SKU-1028,Storage Box,Standard,Home & Kitchen,Nova Supply Co.,Online,Yogyakarta,Cash,1,55.89,0.2,55.89,44.71,33.09,11.62,2025-04,2025-04-21/2025-04-27,0.2598971147394319
ORD-502146,2025-02-19,SKU-1057,Water Bottle,Standard,Sports,Nova Supply Co.,Retail Store,Jakarta,Cash,1,33.1,0.2,33.1,26.48,18.31,8.17,2025-02,2025-02-17/2025-02-23,0.3085347432024169
ORD-502147,2025-08-09,SKU-1057,Water Bottle,Standard,Sports,Nova Supply Co.,Retail Store,Semarang,E-Wallet,2,33.1,0.05,66.2,62.89,36.62,26.27,2025-08,2025-08-04/2025-08-10,0.41771346795993003
ORD-502148,2025-03-14,SKU-1018,Air Fryer,Pro,Home & Kitchen,Peak Imports,Retail Store,Yogyakarta,Card,2,12.8,0.15,25.6,21.76,15.36,6.4,2025-03,2025-03-10/2025-03-16,0.29411764705882354
ORD-502149,2025-11-12,SKU-1041,Face Cleanser,Standard,Beauty,Brightline Wholesale,Marketplace,Jakarta,E-Wallet,2,40.88,0.05,81.76,77.67,52.16,25.51,2025-11,2025-11-10/2025-11-16,0.3284408394489507
ORD-502150,2025-05-07,SKU-1012,USB-C Hub,Pro,Electronics,Nova Supply Co.,Online,Jakarta,Card,1,66.9,0.05,66.9,63.56,46.06,17.5,2025-05,2025-05-05/2025-05-11,0.2753303964757709
ORD-502151,2025-12-04,SKU-1036,Monitor Stand,Premium,Office,Nova Supply Co.,Online,Yogyakarta,Card,2,158.85,0.1,317.7,285.93,220.54,65.39,2025-12,2025-12-01/2025-12-07,0.22869233728534955
ORD-502152,2025-07-20,SKU-1002,Bluetooth Speaker,Premium,Electronics,Nova Supply Co.,Marketplace,Surabaya,Cash,1,110.05,0.05,110.05,104.55,87.34,17.21,2025-07,2025-07-14/2025-07-20,0.1646102343376375
ORD-502153,2025-07-15,SKU-1057,Water Bottle,Standard,Sports,Nova Supply Co.,Online,Semarang,Card,1,33.1,0.05,33.1,31.44,18.31,13.13,2025-07,2025-07-14/2025-07-20,0.4176208651399491
ORD-502154,2025-12-31,SKU-1025,Desk Lamp,Standard,Home & Kitchen,Urban Source Ltd.,Marketplace,Jakarta,Bank Transfer,2,104.17,0.0,208.34,208.34,157.2,51.14,2025-12,2025-12-29/2026-01-04,0.2454641451473553
ORD-502155,2025-10-23,SKU-1001,Bluetooth Speaker,Standard,Electronics,Nova Supply Co.,Retail Store,Bandung,E-Wallet,1,120.16,0.0,120.16,120.16,83.77,36.39,2025-10,2025-10-20/2025-10-26,0.3028462050599201
ORD-502156,2025-07-31,SKU-1057,Water Bottle,Standard,Sports,Nova Supply Co.,Online,Yogyakarta,E-Wallet,1,33.1,0.15,33.1,28.14,18.31,9.83,2025-07,2025-07-28/2025-08-03,0.34932480454868514
ORD-502157,2025-09-12,SKU-1010,USB-C Hub,Standard,Electronics,Peak Imports,Wholesale,Bandung,Bank Transfer,3,23.78,0.05,71.34,67.77,55.41,12.36,2025-09,2025-09-08/2025-09-14,0.18238158477202301
ORD-502158,2025-07-22,SKU-1018,Air Fryer,Pro,Home & Kitchen,Peak Imports,Online,Bandung,Card,2,12.8,0.1,25.6,23.04,15.36,7.68,2025-07,2025-07-21/2025-07-27,0.3333333333333333
ORD-502159,2025-06-22,SKU-1061,Running Belt,Premium,Sports,Aster Distribution,Online,Jakarta,E-Wallet,1,76.7,0.15,76.7,65.2,43.71,21.49,2025-06,2025-06-16/2025-06-22,0.329601226993865
ORD-502160,2025-12-23,SKU-1035,Monitor Stand,Standard,Office,Brightline Wholesale,Retail Store,Bandung,Bank Transfer,1,61.43,0.0,61.43,61.43,33.7,27.73,2025-12,2025-12-22/2025-12-28,0.45140810678821425
ORD-502161,2025-05-17,SKU-1049,Makeup Brush Set,Standard,Beauty,Nova Supply Co.,Online,Jakarta,Card,1,34.46,0.1,34.46,31.01,25.68,5.33,2025-05,2025-05-12/2025-05-18,0.17188003869719445
ORD-502162,2025-06-29,SKU-1040,Office Chair,Premium,Office,Brightline Wholesale,Online,Semarang,Bank Transfer,1,159.4,0.1,159.4,143.46,111.42,32.04,2025-06,2025-06-23/2025-06-29,0.2233375156838143
ORD-502163,2025-06-08,SKU-1010,USB-C Hub,Standard,Electronics,Peak Imports,Marketplace,Semarang,Bank Transfer,1,23.78,0.0,23.78,23.78,18.47,5.31,2025-06,2025-06-02/2025-06-08,0.22329688814129517
ORD-502164,2025-10-28,SKU-1053,Yoga Mat,Pro,Sports,Brightline Wholesale,Online,Jakarta,Card,1,30.37,0.05,30.37,28.85,19.3,9.55,2025-10,2025-10-27/2025-11-02,0.3310225303292894
ORD-502165,2025-01-22,SKU-1002,Bluetooth Speaker,Premium,Electronics,Nova Supply Co.,Online,Jakarta,Cash,1,110.05,0.0,110.05,110.05,87.34,22.71,2025-01,2025-01-20/2025-01-26,0.20636074511585645
ORD-502166,2025-12-27,SKU-1053,Yoga Mat,Pro,Sports,Brightline Wholesale,Wholesale,Yogyakarta,Cash,2,30.37,0.05,60.74,57.7,38.6,19.1,2025-12,2025-12-22/2025-12-28,0.3310225303292894
ORD-502167,2025-07-25,SKU-1036,Monitor Stand,Premium,Office,Nova Supply Co.,Marketplace,Makassar,Card,1,158.85,0.1,158.85,142.96,110.27,32.69,2025-07,2025-07-21/2025-07-27,0.22866536094012307
ORD-502168,2025-01-06,SKU-1018,Air Fryer,Pro,Home & Kitchen,Peak Imports,Online,Medan,Card,1,12.8,0.05,12.8,12.16,7.68,4.48,2025-01,2025-01-06/2025-01-12,0.368421052631579
ORD-502169,2025-09-17,SKU-1042,Face Cleanser,Premium,Beauty,Peak Imports,Online,Bandung,Cash,3,31.12,0.05,93.36,88.69,75.48,13.21,2025-09,2025-09-15/2025-09-21,0.14894576615176458
ORD-502170,2025-02-22,SKU-1038,Desk Organizer,Premium,Office,Urban Source Ltd.,Marketplace,Medan,Card,1,47.71,0.0,47.71,47.71,35.03,12.68,2025-02,2025-02-17/2025-02-23,0.26577237476420035
ORD-502171,2025-06-03,SKU-1055,Resistance Bands,Premium,Sports,Aster Distribution,Marketplace,Yogyakarta,Bank Transfer,3,26.5,0.0,79.5,79.5,64.35,15.15,2025-06,2025-06-02/2025-06-08,0.19056603773584907
ORD-502172,2025-05-25,SKU-1035,Monitor Stand,Standard,Office,Brightline Wholesale,Online,Bandung,E-Wallet,1,61.43,0.0,61.43,61.43,33.7,27.73,2025-05,2025-05-19/2025-05-25,0.45140810678821425
ORD-502173,2025-02-04,SKU-1038,Desk Organizer,Premium,Office,Urban Source Ltd.,Online,Jakarta,Card,1,47.71,0.05,47.71,45.32,35.03,10.29,2025-02,2025-02-03/2025-02-09,0.22705207413945275
ORD-502174,2025-10-13,SKU-1007,Power Bank,Standard,Electronics,Nova Supply Co.,Online,Yogyakarta,Bank Transfer,1,127.25,0.0,127.25,127.25,81.84,45.41,2025-10,2025-10-13/2025-10-19,0.35685658153241645
ORD-502175,2025-08-10,SKU-1005,Wireless Earbuds,Premium,Electronics,Aster Distribution,Retail Store,Yogyakarta,Card,1,102.99,0.1,102.99,92.69,60.73,31.96,2025-08,2025-08-04/2025-08-10,0.34480526486136587
ORD-502176,2025-12-19,SKU-1010,USB-C Hub,Standard,Electronics,Peak Imports,Retail Store,Medan,Bank Transfer,2,23.78,0.05,47.56,45.18,36.94,8.24,2025-12,2025-12-15/2025-12-21,0.18238158477202301
ORD-502177,2025-06-09,SKU-1053,Yoga Mat,Pro,Sports,Brightline Wholesale,Online,Bandung,Bank Transfer,1,30.37,0.05,30.37,28.85,19.3,9.55,2025-06,2025-06-09/2025-06-15,0.3310225303292894
ORD-502178,2025-06-27,SKU-1036,Monitor Stand,Premium,Office,Nova Supply Co.,Online,Yogyakarta,Bank Transfer,1,158.85,0.05,158.85,150.91,110.27,40.64,2025-06,2025-06-23/2025-06-29,0.26929958253263536
ORD-502179,2025-10-04,SKU-1012,USB-C Hub,Pro,Electronics,Nova Supply Co.,Online,Yogyakarta,E-Wallet,3,66.9,0.15,200.7,170.6,138.18,32.42,2025-10,2025-09-29/2025-10-05,0.1900351699882767
ORD-502180,2025-04-19,SKU-1018,Air Fryer,Pro,Home & Kitchen,Peak Imports,Retail Store,Jakarta,Card,1,12.8,0.2,12.8,10.24,7.68,2.56,2025-04,2025-04-14/2025-04-20,0.25
ORD-502181,2025-04-21,SKU-1002,Bluetooth Speaker,Premium,Electronics,Nova Supply Co.,Online,Jakarta,Card,2,110.05,0.0,220.1,220.1,174.68,45.42,2025-04,2025-04-21/2025-04-27,0.20636074511585645
ORD-502182,2025-08-14,SKU-1015,Mechanical Keyboard,Pro,Electronics,Aster Distribution,Marketplace,Surabaya,Cash,1,110.43,0.15,110.43,93.87,80.89,12.98,2025-08,2025-08-11/2025-08-17,0.13827633961862149
ORD-502183,2025-04-29,SKU-1023,Blender,Premium,Home & Kitchen,Urban Source Ltd.,Retail Store,Jakarta,E-Wallet,2,72.39,0.05,144.78,137.54,106.4,31.14,2025-04,2025-04-28/2025-05-04,0.22640686345790317
ORD-502184,2025-10-16,SKU-1024,Blender,Pro,Home & Kitchen,Aster Distribution,Marketplace,Surabaya,E-Wallet,1,59.17,0.2,59.17,47.34,44.96,2.38,2025-10,2025-10-13/2025-10-19,0.05027460920997042
ORD-502185,2025-09-15,SKU-1044,Sunscreen,Premium,Beauty,Nova Supply Co.,Retail Store,Yogyakarta,Card,1,41.08,0.15,41.08,34.92,31.72,3.2,2025-09,2025-09-15/2025-09-21,0.09163802978235969
ORD-502186,2025-08-30,SKU-1010,USB-C Hub,Standard,Electronics,Peak Imports,Online,Yogyakarta,Card,1,23.78,0.0,23.78,23.78,18.47,5.31,2025-08,2025-08-25/2025-08-31,0.22329688814129517
ORD-502187,2025-10-17,SKU-1053,Yoga Mat,Pro,Sports,Brightline Wholesale,Online,Surabaya,Card,2,30.37,0.0,60.74,60.74,38.6,22.14,2025-10,2025-10-13/2025-10-19,0.3645044451761607
ORD-502188,2025-03-28,SKU-1029,Storage Box,Premium,Home & Kitchen,Aster Distribution,Retail Store,Medan,E-Wallet,1,14.45,0.0,14.45,14.45,11.48,2.97,2025-03,2025-03-24/2025-03-30,0.2055363321799308
ORD-502189,2025-11-22,SKU-1002,Bluetooth Speaker,Premium,Electronics,Nova Supply Co.,Wholesale,Surabaya,E-Wallet,2,110.05,0.0,220.1,220.1,174.68,45.42,2025-11,2025-11-17/2025-11-23,0.20636074511585645
ORD-502190,2025-11-24,SKU-1007,Power Bank,Standard,Electronics,Nova Supply Co.,Online,Jakarta,Bank Transfer,1,127.25,0.05,127.25,120.89,81.84,39.05,2025-11,2025-11-24/2025-11-30,0.3230209281164695
ORD-502191,2025-12-23,SKU-1061,Running Belt,Premium,Sports,Aster Distribution,Marketplace,Yogyakarta,Card,1,76.7,0.15,76.7,65.2,43.71,21.49,2025-12,2025-12-22/2025-12-28,0.329601226993865
ORD-502192,2025-04-03,SKU-1042,Face Cleanser,Premium,Beauty,Peak Imports,Marketplace,Semarang,E-Wallet,1,31.12,0.1,31.12,28.01,25.16,2.85,2025-04,2025-03-31/2025-04-06,0.1017493752231346
ORD-502193,2025-03-08,SKU-1010,USB-C Hub,Standard,Electronics,Peak Imports,Marketplace,Yogyakarta,Bank Transfer,1,23.78,0.1,23.78,21.4,18.47,2.93,2025-03,2025-03-03/2025-03-09,0.1369158878504673
ORD-502194,2025-05-14,SKU-1035,Monitor Stand,Standard,Office,Brightline Wholesale,Online,Jakarta,Bank Transfer,1,61.43,0.0,61.43,61.43,33.7,27.73,2025-05,2025-05-12/2025-05-18,0.45140810678821425
ORD-502195,2025-07-15,SKU-1053,Yoga Mat,Pro,Sports,Brightline Wholesale,Marketplace,Surabaya,Cash,1,30.37,0.0,30.37,30.37,19.3,11.07,2025-07,2025-07-14/2025-07-20,0.3645044451761607
ORD-502196,2025-10-13,SKU-1010,USB-C Hub,Standard,Electronics,Peak Imports,Marketplace,Jakarta,Cash,1,23.78,0.1,23.78,21.4,18.47,2.93,2025-10,2025-10-13/2025-10-19,0.1369158878504673
ORD-502197,2025-04-03,SKU-1059,Water Bottle,Pro,Sports,Brightline Wholesale,Marketplace,Yogyakarta,E-Wallet,2,21.51,0.0,43.02,43.02,34.74,8.28,2025-04,2025-03-31/2025-04-06,0.1924686192468619
ORD-502198,2025-08-06,SKU-1058,Water Bottle,Premium,Sports,Aster Distribution,Marketplace,Makassar,Cash,1,48.14,0.2,48.14,38.51,36.02,2.49,2025-08,2025-08-04/2025-08-10,0.06465853025188263
ORD-502199,2025-11-25,SKU-1031,Notebook,Standard,Office,Brightline Wholesale,Marketplace,Jakarta,Card,3,36.9,0.0,110.7,110.7,69.18,41.52,2025-11,2025-11-24/2025-11-30,0.3750677506775068
ORD-502200,2025-08-27,SKU-1009,Power Bank,Pro,Electronics,Nova Supply Co.,Marketplace,Bandung,Card,1,120.75,0.1,120.75,108.68,92.43,16.25,2025-08,2025-08-25/2025-08-31,0.14952153110047847
ORD-502201,2025-03-21,SKU-1062,Running Belt,Pro,Sports,Nova Supply Co.,Online,Yogyakarta,E-Wallet,3,33.01,0.05,99.03,94.08,59.79,34.29,2025-03,2025-03-17/2025-03-23,0.36447704081632654
ORD-502202,2025-10-11,SKU-1053,Yoga Mat,Pro,Sports,Brightline Wholesale,Online,Jakarta,Cash,1,30.37,0.15,30.37,25.81,19.3,6.51,2025-10,2025-10-06/2025-10-12,0.2522278186749322
ORD-502203,2025-04-17,SKU-1035,Monitor Stand,Standard,Office,Brightline Wholesale,Retail Store,Jakarta,Bank Transfer,1,61.43,0.15,61.43,52.22,33.7,18.52,2025-04,2025-04-14/2025-04-20,0.35465338950593644
ORD-502204,2025-08-03,SKU-1061,Running Belt,Premium,Sports,Aster Distribution,Online,Makassar,Card,1,76.7,0.1,76.7,69.03,43.71,25.32,2025-08,2025-07-28/2025-08-03,0.36679704476314645
ORD-502205,2025-07-31,SKU-1004,Wireless Earbuds,Standard,Electronics,Aster Distribution,Retail Store,Semarang,Card,2,77.45,0.15,154.9,131.66,110.94,20.72,2025-07,2025-07-28/2025-08-03,0.1573750569649096
ORD-502206,2025-12-02,SKU-1031,Notebook,Standard,Office,Brightline Wholesale,Marketplace,Surabaya,Bank Transfer,3,36.9,0.05,110.7,105.16,69.18,35.98,2025-12,2025-12-01/2025-12-07,0.3421453023963484
ORD-502207,2025-04-11,SKU-1056,Resistance Bands,Pro,Sports,Nova Supply Co.,Online,Semarang,Card,1,37.19,0.15,37.19,31.61,21.86,9.75,2025-04,2025-04-07/2025-04-13,0.3084466940841506
ORD-502208,2025-06-07,SKU-1031,Notebook,Standard,Office,Brightline Wholesale,Marketplace,Yogyakarta,E-Wallet,1,36.9,0.0,36.9,36.9,23.06,13.84,2025-06,2025-06-02/2025-06-08,0.3750677506775068
ORD-502209,2025-08-28,SKU-1053,Yoga Mat,Pro,Sports,Brightline Wholesale,Marketplace,Yogyakarta,E-Wallet,1,30.37,0.0,30.37,30.37,19.3,11.07,2025-08,2025-08-25/2025-08-31,0.3645044451761607
ORD-502210,2025-10-26,SKU-1053,Yoga Mat,Pro,Sports,Brightline Wholesale,Marketplace,Surabaya,Bank Transfer,1,30.37,0.05,30.37,28.85,19.3,9.55,2025-10,2025-10-20/2025-10-26,0.3310225303292894
ORD-502211,2025-10-09,SKU-1042,Face Cleanser,Premium,Beauty,Peak Imports,Retail Store,Medan,E-Wallet,1,31.12,0.2,31.12,24.9,25.16,-0.26,2025-10,2025-10-06/2025-10-12,-0.010441767068273093
ORD-502212,2025-06-21,SKU-1035,Monitor Stand,Standard,Office,Brightline Wholesale,Online,Jakarta,E-Wallet,1,61.43,0.1,61.43,55.29,33.7,21.59,2025-06,2025-06-16/2025-06-22,0.3904865255923313
ORD-502213,2025-06-20,SKU-1054,Resistance Bands,Standard,Sports,Peak Imports,Marketplace,Jakarta,Bank Transfer,1,67.42,0.0,67.42,67.42,53.25,14.17,2025-06,2025-06-16/2025-06-22,0.21017502224859091
ORD-502214,2025-08-13,SKU-1004,Wireless Earbuds,Standard,Electronics,Aster Distribution,Online,Surabaya,E-Wallet,2,77.45,0.1,154.9,139.41,110.94,28.47,2025-08,2025-08-11/2025-08-17,0.20421777490854315
ORD-502215,2025-06-05,SKU-1053,Yoga Mat,Pro,Sports,Brightline Wholesale,Marketplace,Bandung,E-Wallet,1,30.37,0.0,30.37,30.37,19.3,11.07,2025-06,2025-06-02/2025-06-08,0.3645044451761607
ORD-502216,2025-10-05,SKU-1061,Running Belt,Premium,Sports,Aster Distribution,Retail Store,Surabaya,Card,3,76.7,0.1,230.1,207.09,131.13,75.96,2025-10,2025-09-29/2025-10-05,0.3667970447631464
ORD-502217,2025-08-05,SKU-1057,Water Bottle,Standard,Sports,Nova Supply Co.,Online,Yogyakarta,Bank Transfer,1,33.1,0.05,33.1,31.44,18.31,13.13,2025-08,2025-08-04/2025-08-10,0.4176208651399491
ORD-502218,2025-03-16,SKU-1018,Air Fryer,Pro,Home & Kitchen,Peak Imports,Marketplace,Bandung,Card,1,12.8,0.2,12.8,10.24,7.68,2.56,2025-03,2025-03-10/2025-03-16,0.25
ORD-502219,2025-01-04,SKU-1026,Desk Lamp,Premium,Home & Kitchen,Peak Imports,Online,Jakarta,Card,3,42.39,0.05,127.17,120.81,93.84,26.97,2025-01,2024-12-30/2025-01-05,0.22324310901415445
ORD-502220,2025-10-11,SKU-1042,Face Cleanser,Premium,Beauty,Peak Imports,Online,Jakarta,E-Wallet,1,31.12,0.0,31.12,31.12,25.16,5.96,2025-10,2025-10-06/2025-10-12,0.19151670951156813
ORD-502221,2025-04-27,SKU-1009,Power Bank,Pro,Electronics,Nova Supply Co.,Marketplace,Jakarta,Card,1,120.75,0.2,120.75,96.6,92.43,4.17,2025-04,2025-04-21/2025-04-27,0.04316770186335404
ORD-502222,2025-11-09,SKU-1037,Desk Organizer,Standard,Office,Nova Supply Co.,Online,Surabaya,Card,1,24.82,0.15,24.82,21.1,14.08,7.02,2025-11,2025-11-03/2025-11-09,0.3327014218009478
ORD-502223,2025-11-04,SKU-1043,Sunscreen,Standard,Beauty,Brightline Wholesale,Marketplace,Jakarta,Card,2,26.13,0.2,52.26,41.81,40.74,1.07,2025-11,2025-11-03/2025-11-09,0.02559196364506099
ORD-502224,2025-07-19,SKU-1019,Electric Kettle,Standard,Home & Kitchen,Nova Supply Co.,Online,Jakarta,Bank Transfer,1,88.16,0.1,88.16,79.34,53.02,26.32,2025-07,2025-07-14/2025-07-20,0.3317368288379128
ORD-502225,2025-04-30,SKU-1047,Hair Dryer,Standard,Beauty,Nova Supply Co.,Online,Medan,E-Wallet,1,52.4,0.1,52.4,47.16,41.75,5.41,2025-04,2025-04-28/2025-05-04,0.11471586089906702
ORD-502226,2025-04-07,SKU-1019,Electric Kettle,Standard,Home & Kitchen,Nova Supply Co.,Marketplace,Medan,Card,1,88.16,0.1,88.16,79.34,53.02,26.32,2025-04,2025-04-07/2025-04-13,0.3317368288379128
ORD-502227,2025-02-19,SKU-1028,Storage Box,Standard,Home & Kitchen,Nova Supply Co.,Wholesale,Yogyakarta,Card,1,55.89,0.1,55.89,50.3,33.09,17.21,2025-02,2025-02-17/2025-02-23,0.3421471172962227
ORD-502228,2025-10-05,SKU-1053,Yoga Mat,Pro,Sports,Brightline Wholesale,Online,Makassar,E-Wallet,1,30.37,0.05,30.37,28.85,19.3,9.55,2025-10,2025-09-29/2025-10-05,0.3310225303292894
ORD-502229,2025-07-15,SKU-1010,USB-C Hub,Standard,Electronics,Peak Imports,Retail Store,Jakarta,E-Wallet,1,23.78,0.0,23.78,23.78,18.47,5.31,2025-07,2025-07-14/2025-07-20,0.22329688814129517
ORD-502230,2025-04-18,SKU-1017,Air Fryer,Premium,Home & Kitchen,Peak Imports,Online,Jakarta,Card,2,85.71,0.15,171.42,145.71,133.86,11.85,2025-04,2025-04-14/2025-04-20,0.08132592135062795
ORD-502231,2025-03-10,SKU-1050,Makeup Brush Set,Premium,Beauty,Peak Imports,Marketplace,Semarang,Bank Transfer,1,37.2,0.0,37.2,37.2,25.93,11.27,2025-03,2025-03-10/2025-03-16,0.3029569892473118
ORD-502232,2025-07-29,SKU-1056,Resistance Bands,Pro,Sports,Nova Supply Co.,Wholesale,Medan,E-Wallet,2,37.19,0.15,74.38,63.22,43.72,19.5,2025-07,2025-07-28/2025-08-03,0.3084466940841506
ORD-502233,2025-12-15,SKU-1056,Resistance Bands,Pro,Sports,Nova Supply Co.,Marketplace,Yogyakarta,E-Wallet,2,37.19,0.2,74.38,59.5,43.72,15.78,2025-12,2025-12-15/2025-12-21,0.26521008403361346
ORD-502234,2025-09-12,SKU-1031,Notebook,Standard,Office,Brightline Wholesale,Marketplace,Semarang,E-Wallet,1,36.9,0.0,36.9,36.9,23.06,13.84,2025-09,2025-09-08/2025-09-14,0.3750677506775068
ORD-502235,2025-01-30,SKU-1028,Storage Box,Standard,Home & Kitchen,Nova Supply Co.,Online,Jakarta,Card,1,55.89,0.15,55.89,47.51,33.09,14.42,2025-01,2025-01-27/2025-02-02,0.3035150494632709
ORD-502236,2025-10-11,SKU-1053,Yoga Mat,Pro,Sports,Brightline Wholesale,Online,Jakarta,Cash,1,30.37,0.0,30.37,30.37,19.3,11.07,2025-10,2025-10-06/2025-10-12,0.3645044451761607
ORD-502237,2025-05-05,SKU-1035,Monitor Stand,Standard,Office,Brightline Wholesale,Retail Store,Jakarta,E-Wallet,4,61.43,0.05,245.72,233.43,134.8,98.63,2025-05,2025-05-05/2025-05-11,0.4225249539476502
ORD-502238,2025-09-02,SKU-1042,Face Cleanser,Premium,Beauty,Peak Imports,Marketplace,Surabaya,E-Wallet,2,31.12,0.05,62.24,59.13,50.32,8.81,2025-09,2025-09-01/2025-09-07,0.14899374260104853
ORD-502239,2025-06-16,SKU-1036,Monitor Stand,Premium,Office,Nova Supply Co.,Retail Store,Jakarta,Card,1,158.85,0.05,158.85,150.91,110.27,40.64,2025-06,2025-06-16/2025-06-22,0.26929958253263536
ORD-502240,2025-07-01,SKU-1002,Bluetooth Speaker,Premium,Electronics,Nova Supply Co.,Marketplace,Surabaya,Card,1,110.05,0.0,110.05,110.05,87.34,22.71,2025-07,2025-06-30/2025-07-06,0.20636074511585645
ORD-502241,2025-06-02,SKU-1010,USB-C Hub,Standard,Electronics,Peak Imports,Online,Jakarta,Bank Transfer,4,23.78,0.2,95.12,76.1,73.88,2.22,2025-06,2025-06-02/2025-06-08,0.029172141918528256
ORD-502242,2025-04-12,SKU-1036,Monitor Stand,Premium,Office,Nova Supply Co.,Wholesale,Surabaya,Bank Transfer,2,158.85,0.15,317.7,270.04,220.54,49.5,2025-04,2025-04-07/2025-04-13,0.183306176862687
ORD-502243,2025-06-25,SKU-1044,Sunscreen,Premium,Beauty,Nova Supply Co.,Marketplace,Jakarta,E-Wallet,4,41.08,0.0,164.32,164.32,126.88,37.44,2025-06,2025-06-23/2025-06-29,0.22784810126582278
ORD-502244,2025-07-09,SKU-1022,Blender,Standard,Home & Kitchen,Peak Imports,Retail Store,Jakarta,Card,1,94.62,0.1,94.62,85.16,60.77,24.39,2025-07,2025-07-07/2025-07-13,0.2864020666979803
ORD-502245,2025-08-31,SKU-1053,Yoga Mat,Pro,Sports,Brightline Wholesale,Marketplace,Semarang,Cash,1,30.37,0.1,30.37,27.33,19.3,8.03,2025-08,2025-08-25/2025-08-31,0.2938163190633004
ORD-502246,2025-05-19,SKU-1031,Notebook,Standard,Office,Brightline Wholesale,Retail Store,Makassar,E-Wallet,1,36.9,0.15,36.9,31.36,23.06,8.3,2025-05,2025-05-19/2025-05-25,0.2646683673469388
ORD-502247,2025-10-11,SKU-1019,Electric Kettle,Standard,Home & Kitchen,Nova Supply Co.,Marketplace,Bandung,E-Wallet,1,88.16,0.1,88.16,79.34,53.02,26.32,2025-10,2025-10-06/2025-10-12,0.3317368288379128
ORD-502248,2025-06-05,SKU-1038,Desk Organizer,Premium,Office,Urban Source Ltd.,Marketplace,Medan,E-Wallet,1,47.71,0.15,47.71,40.55,35.03,5.52,2025-06,2025-06-02/2025-06-08,0.13612823674475955
ORD-502249,2025-09-20,SKU-1058,Water Bottle,Premium,Sports,Aster Distribution,Marketplace,Yogyakarta,E-Wallet,1,48.14,0.1,48.14,43.33,36.02,7.31,2025-09,2025-09-15/2025-09-21,0.16870528502192475
ORD-502250,2025-06-27,SKU-1056,Resistance Bands,Pro,Sports,Nova Supply Co.,Marketplace,Surabaya,E-Wallet,1,37.19,0.0,37.19,37.19,21.86,15.33,2025-06,2025-06-23/2025-06-29,0.4122075826835171
ORD-502251,2025-07-27,SKU-1054,Resistance Bands,Standard,Sports,Peak Imports,Online,Jakarta,Bank Transfer,2,67.42,0.0,134.84,134.84,106.5,28.34,2025-07,2025-07-21/2025-07-27,0.21017502224859091
ORD-502252,2025-04-01,SKU-1025,Desk Lamp,Standard,Home & Kitchen,Urban Source Ltd.,Online,Surabaya,E-Wallet,1,104.17,0.0,104.17,104.17,78.6,25.57,2025-04,2025-03-31/2025-04-06,0.2454641451473553
ORD-502253,2025-01-28,SKU-1028,Storage Box,Standard,Home & Kitchen,Nova Supply Co.,Retail Store,Bandung,Bank Transfer,2,55.89,0.05,111.78,106.19,66.18,40.01,2025-01,2025-01-27/2025-02-02,0.37677747433844994
ORD-502254,2025-05-03,SKU-1036,Monitor Stand,Premium,Office,Nova Supply Co.,Online,Bandung,Card,1,158.85,0.0,158.85,158.85,110.27,48.58,2025-05,2025-04-28/2025-05-04,0.3058231035568146
ORD-502255,2025-12-06,SKU-1049,Makeup Brush Set,Standard,Beauty,Nova Supply Co.,Online,Jakarta,Card,2,34.46,0.0,68.92,68.92,51.36,17.56,2025-12,2025-12-01/2025-12-07,0.25478816018572253
ORD-502256,2025-12-28,SKU-1056,Resistance Bands,Pro,Sports,Nova Supply Co.,Retail Store,Bandung,E-Wallet,1,37.19,0.0,37.19,37.19,21.86,15.33,2025-12,2025-12-22/2025-12-28,0.4122075826835171
ORD-502257,2025-05-16,SKU-1018,Air Fryer,Pro,Home & Kitchen,Peak Imports,Retail Store,Semarang,Card,3,12.8,0.15,38.4,32.64,23.04,9.6,2025-05,2025-05-12/2025-05-18,0.29411764705882354
ORD-502258,2025-07-24,SKU-1012,USB-C Hub,Pro,Electronics,Nova Supply Co.,Online,Semarang,Cash,1,66.9,0.0,66.9,66.9,46.06,20.84,2025-07,2025-07-21/2025-07-27,0.3115097159940209
ORD-502259,2025-05-29,SKU-1016,Air Fryer,Standard,Home & Kitchen,Aster Distribution,Retail Store,Semarang,Bank Transfer,1,98.91,0.0,98.91,98.91,70.38,28.53,2025-05,2025-05-26/2025-06-01,0.28844404003639673
ORD-502260,2025-07-20,SKU-1024,Blender,Pro,Home & Kitchen,Aster Distribution,Retail Store,Makassar,Bank Transfer,1,59.17,0.0,59.17,59.17,44.96,14.21,2025-07,2025-07-14/2025-07-20,0.24015548419807337
ORD-502261,2025-01-15,SKU-1004,Wireless Earbuds,Standard,Electronics,Aster Distribution,Marketplace,Bandung,Bank Transfer,2,77.45,0.1,154.9,139.41,110.94,28.47,2025-01,2025-01-13/2025-01-19,0.20421777490854315
ORD-502262,2025-09-14,SKU-1021,Electric Kettle,Pro,Home & Kitchen,Aster Distribution,Marketplace,Jakarta,Card,3,84.19,0.0,252.57,252.57,173.79,78.78,2025-09,2025-09-08/2025-09-14,0.31191352892267493
ORD-502263,2025-03-06,SKU-1015,Mechanical Keyboard,Pro,Electronics,Aster Distribution,Marketplace,Jakarta,E-Wallet,1,110.43,0.1,110.43,99.39,80.89,18.5,2025-03,2025-03-03/2025-03-09,0.18613542609920514
ORD-502264,2025-03-08,SKU-1036,Monitor Stand,Premium,Office,Nova Supply Co.,Wholesale,Bandung,Card,1,158.85,0.1,158.85,142.96,110.27,32.69,2025-03,2025-03-03/2025-03-09,0.22866536094012307
ORD-502265,2025-06-18,SKU-1042,Face Cleanser,Premium,Beauty,Peak Imports,Online,Jakarta,Bank Transfer,1,31.12,0.0,31.12,31.12,25.16,5.96,2025-06,2025-06-16/2025-06-22,0.19151670951156813
ORD-502266,2025-01-16,SKU-1045,Moisturizer,Standard,Beauty,Urban Source Ltd.,Online,Jakarta,Bank Transfer,1,40.7,0.1,40.7,36.63,29.42,7.21,2025-01,2025-01-13/2025-01-19,0.1968331968331968
ORD-502267,2025-04-02,SKU-1012,USB-C Hub,Pro,Electronics,Nova Supply Co.,Retail Store,Jakarta,Card,2,66.9,0.0,133.8,133.8,92.12,41.68,2025-04,2025-03-31/2025-04-06,0.3115097159940209
ORD-502268,2025-10-11,SKU-1044,Sunscreen,Premium,Beauty,Nova Supply Co.,Online,Medan,Card,1,41.08,0.1,41.08,36.97,31.72,5.25,2025-10,2025-10-06/2025-10-12,0.14200703272923992
ORD-502269,2025-06-11,SKU-1025,Desk Lamp,Standard,Home & Kitchen,Urban Source Ltd.,Online,Jakarta,E-Wallet,1,104.17,0.1,104.17,93.75,78.6,15.15,2025-06,2025-06-09/2025-06-15,0.1616
ORD-502270,2025-07-04,SKU-1014,Mechanical Keyboard,Premium,Electronics,Nova Supply Co.,Online,Jakarta,Bank Transfer,1,106.42,0.1,106.42,95.78,74.24,21.54,2025-07,2025-06-30/2025-07-06,0.22489037377323032
ORD-502271,2025-10-26,SKU-1024,Blender,Pro,Home & Kitchen,Aster Distribution,Online,Jakarta,Bank Transfer,2,59.17,0.0,118.34,118.34,89.92,28.42,2025-10,2025-10-20/2025-10-26,0.24015548419807337
ORD-502272,2025-09-04,SKU-1034,Gel Pen Set,Premium,Office,Aster Distribution,Marketplace,Semarang,Bank Transfer,1,211.77,0.0,211.77,211.77,119.78,91.99,2025-09,2025-09-01/2025-09-07,0.4343863625631581
ORD-502273,2025-02-04,SKU-1064,Dumbbell Set,Premium,Sports,Brightline Wholesale,Retail Store,Surabaya,E-Wallet,1,28.95,0.0,28.95,28.95,16.15,12.8,2025-02,2025-02-03/2025-02-09,0.4421416234887738
ORD-502274,2025-01-19,SKU-1014,Mechanical Keyboard,Premium,Electronics,Nova Supply Co.,Retail Store,Jakarta,Card,4,106.42,0.05,425.68,404.4,296.96,107.44,2025-01,2025-01-13/2025-01-19,0.26567754698318496
ORD-502275,2025-01-19,SKU-1019,Electric Kettle,Standard,Home & Kitchen,Nova Supply Co.,Marketplace,Makassar,Cash,2,88.16,0.0,176.32,176.32,106.04,70.28,2025-01,2025-01-13/2025-01-19,0.3985934664246824
ORD-502276,2025-03-26,SKU-1053,Yoga Mat,Pro,Sports,Brightline Wholesale,Retail Store,Jakarta,Card,2,30.37,0.15,60.74,51.63,38.6,13.03,2025-03,2025-03-24/2025-03-30,0.252372651559171
ORD-502277,2025-11-20,SKU-1057,Water Bottle,Standard,Sports,Nova Supply Co.,Marketplace,Yogyakarta,Cash,2,33.1,0.0,66.2,66.2,36.62,29.58,2025-11,2025-11-17/2025-11-23,0.4468277945619335
ORD-502278,2025-03-25,SKU-1057,Water Bottle,Standard,Sports,Nova Supply Co.,Online,Bandung,E-Wallet,1,33.1,0.1,33.1,29.79,18.31,11.48,2025-03,2025-03-24/2025-03-30,0.38536421617992617
ORD-502279,2025-10-12,SKU-1052,Yoga Mat,Premium,Sports,Peak Imports,Marketplace,Makassar,Card,1,51.11,0.0,51.11,51.11,40.36,10.75,2025-10,2025-10-06/2025-10-12,0.21033065936216006
ORD-502280,2025-12-18,SKU-1018,Air Fryer,Pro,Home & Kitchen,Peak Imports,Marketplace,Bandung,Card,1,12.8,0.0,12.8,12.8,7.68,5.12,2025-12,2025-12-15/2025-12-21,0.39999999999999997
ORD-502281,2025-03-22,SKU-1002,Bluetooth Speaker,Premium,Electronics,Nova Supply Co.,Retail Store,Surabaya,E-Wallet,2,110.05,0.15,220.1,187.08,174.68,12.4,2025-03,2025-03-17/2025-03-23,0.06628180457558264
ORD-502282,2025-01-25,SKU-1035,Monitor Stand,Standard,Office,Brightline Wholesale,Retail Store,Jakarta,Bank Transfer,1,61.43,0.1,61.43,55.29,33.7,21.59,2025-01,2025-01-20/2025-01-26,0.3904865255923313
ORD-502283,2025-12-03,SKU-1026,Desk Lamp,Premium,Home & Kitchen,Peak Imports,Online,Surabaya,Card,1,42.39,0.0,42.39,42.39,31.28,11.11,2025-12,2025-12-01/2025-12-07,0.2620901155933003
ORD-502284,2025-12-07,SKU-1039,Office Chair,Standard,Office,Nova Supply Co.,Online,Makassar,E-Wallet,2,42.18,0.0,84.36,84.36,48.94,35.42,2025-12,2025-12-01/2025-12-07,0.41986723565670936
ORD-502285,2025-08-14,SKU-1060,Running Belt,Standard,Sports,Nova Supply Co.,Marketplace,Jakarta,Bank Transfer,2,84.42,0.0,168.84,168.84,96.3,72.54,2025-08,2025-08-11/2025-08-17,0.42963752665245203
ORD-502286,2025-03-08,SKU-1053,Yoga Mat,Pro,Sports,Brightline Wholesale,Online,Jakarta,Bank Transfer,2,30.37,0.05,60.74,57.7,38.6,19.1,2025-03,2025-03-03/2025-03-09,0.3310225303292894
ORD-502287,2025-11-15,SKU-1053,Yoga Mat,Pro,Sports,Brightline Wholesale,Online,Bandung,E-Wallet,1,30.37,0.15,30.37,25.81,19.3,6.51,2025-11,2025-11-10/2025-11-16,0.2522278186749322
ORD-502288,2025-05-22,SKU-1061,Running Belt,Premium,Sports,Aster Distribution,Retail Store,Makassar,E-Wallet,1,76.7,0.05,76.7,72.86,43.71,29.15,2025-05,2025-05-19/2025-05-25,0.400082349711776
ORD-502289,2025-06-05,SKU-1063,Dumbbell Set,Standard,Sports,Urban Source Ltd.,Online,Jakarta,Card,2,37.4,0.05,74.8,71.06,59.36,11.7,2025-06,2025-06-02/2025-06-08,0.1646495918941739
ORD-502290,2025-12-09,SKU-1024,Blender,Pro,Home & Kitchen,Aster Distribution,Retail Store,Yogyakarta,Card,3,59.17,0.1,177.51,159.76,134.88,24.88,2025-12,2025-12-08/2025-12-14,0.1557336004006009
ORD-502291,2025-01-01,SKU-1061,Running Belt,Premium,Sports,Aster Distribution,Online,Yogyakarta,Card,1,76.7,0.05,76.7,72.86,43.71,29.15,2025-01,2024-12-30/2025-01-05,0.400082349711776
ORD-502292,2025-12-03,SKU-1011,USB-C Hub,Premium,Electronics,Urban Source Ltd.,Online,Makassar,E-Wallet,1,116.31,0.1,116.31,104.68,63.87,40.81,2025-12,2025-12-01/2025-12-07,0.3898547955674436
ORD-502293,2025-10-18,SKU-1031,Notebook,Standard,Office,Brightline Wholesale,Marketplace,Yogyakarta,Card,3,36.9,0.05,110.7,105.16,69.18,35.98,2025-10,2025-10-13/2025-10-19,0.3421453023963484
ORD-502294,2025-07-15,SKU-1034,Gel Pen Set,Premium,Office,Aster Distribution,Marketplace,Semarang,E-Wallet,2,211.77,0.15,423.54,360.01,239.56,120.45,2025-07,2025-07-14/2025-07-20,0.33457403961001086
ORD-502295,2025-12-30,SKU-1015,Mechanical Keyboard,Pro,Electronics,Aster Distribution,Marketplace,Bandung,E-Wallet,2,110.43,0.05,220.86,209.82,161.78,48.04,2025-12,2025-12-29/2026-01-04,0.22895815460871224
ORD-502296,2025-05-27,SKU-1020,Electric Kettle,Premium,Home & Kitchen,Peak Imports,Marketplace,Medan,Card,1,73.42,0.0,73.42,73.42,57.33,16.09,2025-05,2025-05-26/2025-06-01,0.2191500953418687
ORD-502297,2025-09-20,SKU-1011,USB-C Hub,Premium,Electronics,Urban Source Ltd.,Retail Store,Yogyakarta,Card,1,116.31,0.2,116.31,93.05,63.87,29.18,2025-09,2025-09-15/2025-09-21,0.31359484148307365
ORD-502298,2025-02-20,SKU-1058,Water Bottle,Premium,Sports,Aster Distribution,Online,Surabaya,Cash,1,48.14,0.1,48.14,43.33,36.02,7.31,2025-02,2025-02-17/2025-02-23,0.16870528502192475
ORD-502299,2025-08-07,SKU-1057,Water Bottle,Standard,Sports,Nova Supply Co.,Marketplace,Surabaya,Card,2,33.1,0.0,66.2,66.2,36.62,29.58,2025-08,2025-08-04/2025-08-10,0.4468277945619335
ORD-502300,2025-07-24,SKU-1034,Gel Pen Set,Premium,Office,Aster Distribution,Marketplace,Makassar,E-Wallet,3,211.77,0.1,635.31,571.78,359.34,212.44,2025-07,2025-07-21/2025-07-27,0.3715415019762846
ORD-502301,2025-07-29,SKU-1063,Dumbbell Set,Standard,Sports,Urban Source Ltd.,Marketplace,Yogyakarta,Bank Transfer,2,37.4,0.0,74.8,74.8,59.36,15.44,2025-07,2025-07-28/2025-08-03,0.20641711229946524
ORD-502302,2025-01-15,SKU-1038,Desk Organizer,Premium,Office,Urban Source Ltd.,Online,Jakarta,Card,1,47.71,0.15,47.71,40.55,35.03,5.52,2025-01,2025-01-13/2025-01-19,0.13612823674475955
ORD-502303,2025-08-12,SKU-1041,Face Cleanser,Standard,Beauty,Brightline Wholesale,Online,Bandung,Bank Transfer,1,40.88,0.2,40.88,32.7,26.08,6.62,2025-08,2025-08-11/2025-08-17,0.20244648318042813
ORD-502304,2025-07-26,SKU-1031,Notebook,Standard,Office,Brightline Wholesale,Retail Store,Jakarta,Cash,1,36.9,0.0,36.9,36.9,23.06,13.84,2025-07,2025-07-21/2025-07-27,0.3750677506775068
ORD-502305,2025-11-06,SKU-1061,Running Belt,Premium,Sports,Aster Distribution,Online,Jakarta,E-Wallet,3,76.7,0.0,230.1,230.1,131.13,98.97,2025-11,2025-11-03/2025-11-09,0.4301173402868318
ORD-502306,2025-09-08,SKU-1002,Bluetooth Speaker,Premium,Electronics,Nova Supply Co.,Marketplace,Makassar,Card,2,110.05,0.05,220.1,209.1,174.68,34.42,2025-09,2025-09-08/2025-09-14,0.1646102343376375
ORD-502307,2025-02-15,SKU-1014,Mechanical Keyboard,Premium,Electronics,Nova Supply Co.,Online,Makassar,E-Wallet,4,106.42,0.05,425.68,404.4,296.96,107.44,2025-02,2025-02-10/2025-02-16,0.26567754698318496
ORD-502308,2025-12-08,SKU-1060,Running Belt,Standard,Sports,Nova Supply Co.,Online,Makassar,Bank Transfer,1,84.42,0.05,84.42,80.2,48.15,32.05,2025-12,2025-12-08/2025-12-14,0.3996259351620947
ORD-502309,2025-05-28,SKU-1019,Electric Kettle,Standard,Home & Kitchen,Nova Supply Co.,Wholesale,Jakarta,Card,2,88.16,0.0,176.32,176.32,106.04,70.28,2025-05,2025-05-26/2025-06-01,0.3985934664246824
ORD-502310,2025-11-06,SKU-1055,Resistance Bands,Premium,Sports,Aster Distribution,Online,Medan,E-Wallet,2,26.5,0.0,53.0,53.0,42.9,10.1,2025-11,2025-11-03/2025-11-09,0.19056603773584904
ORD-502311,2025-09-15,SKU-1022,Blender,Standard,Home & Kitchen,Peak Imports,Online,Semarang,Card,2,94.62,0.0,189.24,189.24,121.54,67.7,2025-09,2025-09-15/2025-09-21,0.3577467765800042
ORD-502312,2025-04-03,SKU-1049,Makeup Brush Set,Standard,Beauty,Nova Supply Co.,Online,Makassar,E-Wallet,1,34.46,0.0,34.46,34.46,25.68,8.78,2025-04,2025-03-31/2025-04-06,0.25478816018572253
ORD-502313,2025-08-28,SKU-1025,Desk Lamp,Standard,Home & Kitchen,Urban Source Ltd.,Wholesale,Makassar,Cash,1,104.17,0.0,104.17,104.17,78.6,25.57,2025-08,2025-08-25/2025-08-31,0.2454641451473553
ORD-502314,2025-12-08,SKU-1011,USB-C Hub,Premium,Electronics,Urban Source Ltd.,Marketplace,Yogyakarta,E-Wallet,1,116.31,0.05,116.31,110.49,63.87,46.62,2025-12,2025-12-08/2025-12-14,0.42193863698072226
ORD-502315,2025-04-16,SKU-1063,Dumbbell Set,Standard,Sports,Urban Source Ltd.,Marketplace,Medan,E-Wallet,1,37.4,0.15,37.4,31.79,29.68,2.11,2025-04,2025-04-14/2025-04-20,0.06637307329348852
ORD-502316,2025-06-02,SKU-1062,Running Belt,Pro,Sports,Nova Supply Co.,Online,Makassar,Bank Transfer,1,33.01,0.0,33.01,33.01,19.93,13.08,2025-06,2025-06-02/2025-06-08,0.396243562556801
ORD-502317,2025-11-05,SKU-1050,Makeup Brush Set,Premium,Beauty,Peak Imports,Marketplace,Semarang,E-Wallet,1,37.2,0.0,37.2,37.2,25.93,11.27,2025-11,2025-11-03/2025-11-09,0.3029569892473118
ORD-502318,2025-07-09,SKU-1018,Air Fryer,Pro,Home & Kitchen,Peak Imports,Online,Bandung,E-Wallet,4,12.8,0.1,51.2,46.08,30.72,15.36,2025-07,2025-07-07/2025-07-13,0.3333333333333333
ORD-502319,2025-07-03,SKU-1035,Monitor Stand,Standard,Office,Brightline Wholesale,Retail Store,Bandung,Card,1,61.43,0.0,61.43,61.43,33.7,27.73,2025-07,2025-06-30/2025-07-06,0.45140810678821425
ORD-502320,2025-08-04,SKU-1023,Blender,Premium,Home & Kitchen,Urban Source Ltd.,Marketplace,Yogyakarta,Card,1,72.39,0.1,72.39,65.15,53.2,11.95,2025-08,2025-08-04/2025-08-10,0.18342287029930926
ORD-502321,2025-04-19,SKU-1009,Power Bank,Pro,Electronics,Nova Supply Co.,Online,Yogyakarta,E-Wallet,1,120.75,0.15,120.75,102.64,92.43,10.21,2025-04,2025-04-14/2025-04-20,0.0994738893219018
ORD-502322,2025-01-19,SKU-1041,Face Cleanser,Standard,Beauty,Brightline Wholesale,Online,Bandung,E-Wallet,1,40.88,0.15,40.88,34.75,26.08,8.67,2025-01,2025-01-13/2025-01-19,0.24949640287769784
ORD-502323,2025-03-20,SKU-1026,Desk Lamp,Premium,Home & Kitchen,Peak Imports,Marketplace,Surabaya,E-Wallet,1,42.39,0.0,42.39,42.39,31.28,11.11,2025-03,2025-03-17/2025-03-23,0.2620901155933003
ORD-502324,2025-03-05,SKU-1031,Notebook,Standard,Office,Brightline Wholesale,Online,Surabaya,E-Wallet,1,36.9,0.0,36.9,36.9,23.06,13.84,2025-03,2025-03-03/2025-03-09,0.3750677506775068
ORD-502325,2025-04-15,SKU-1009,Power Bank,Pro,Electronics,Nova Supply Co.,Online,Yogyakarta,E-Wallet,1,120.75,0.05,120.75,114.71,92.43,22.28,2025-04,2025-04-14/2025-04-20,0.19422892511550868
ORD-502326,2025-08-26,SKU-1058,Water Bottle,Premium,Sports,Aster Distribution,Wholesale,Yogyakarta,Card,1,48.14,0.1,48.14,43.33,36.02,7.31,2025-08,2025-08-25/2025-08-31,0.16870528502192475
ORD-502327,2025-11-08,SKU-1019,Electric Kettle,Standard,Home & Kitchen,Nova Supply Co.,Online,Semarang,Card,2,88.16,0.0,176.32,176.32,106.04,70.28,2025-11,2025-11-03/2025-11-09,0.3985934664246824
ORD-502328,2025-01-29,SKU-1012,USB-C Hub,Pro,Electronics,Nova Supply Co.,Marketplace,Yogyakarta,Card,1,66.9,0.0,66.9,66.9,46.06,20.84,2025-01,2025-01-27/2025-02-02,0.3115097159940209
ORD-502329,2025-03-27,SKU-1061,Running Belt,Premium,Sports,Aster Distribution,Online,Surabaya,Bank Transfer,2,76.7,0.15,153.4,130.39,87.42,42.97,2025-03,2025-03-24/2025-03-30,0.3295498121021551
ORD-502330,2025-12-22,SKU-1010,USB-C Hub,Standard,Electronics,Peak Imports,Wholesale,Bandung,Cash,2,23.78,0.1,47.56,42.8,36.94,5.86,2025-12,2025-12-22/2025-12-28,0.1369158878504673
ORD-502331,2025-02-03,SKU-1042,Face Cleanser,Premium,Beauty,Peak Imports,Marketplace,Bandung,Card,1,31.12,0.0,31.12,31.12,25.16,5.96,2025-02,2025-02-03/2025-02-09,0.19151670951156813
ORD-502332,2025-01-10,SKU-1042,Face Cleanser,Premium,Beauty,Peak Imports,Marketplace,Jakarta,Card,1,31.12,0.0,31.12,31.12,25.16,5.96,2025-01,2025-01-06/2025-01-12,0.19151670951156813
ORD-502333,2025-05-06,SKU-1010,USB-C Hub,Standard,Electronics,Peak Imports,Online,Yogyakarta,Card,1,23.78,0.15,23.78,20.21,18.47,1.74,2025-05,2025-05-05/2025-05-11,0.08609599208312715
ORD-502334,2025-03-26,SKU-1010,USB-C Hub,Standard,Electronics,Peak Imports,Marketplace,Makassar,Card,1,23.78,0.0,23.78,23.78,18.47,5.31,2025-03,2025-03-24/2025-03-30,0.22329688814129517
ORD-502335,2025-03-08,SKU-1061,Running Belt,Premium,Sports,Aster Distribution,Marketplace,Jakarta,Bank Transfer,2,76.7,0.05,153.4,145.73,87.42,58.31,2025-03,2025-03-03/2025-03-09,0.40012351609140195
ORD-502336,2025-09-20,SKU-1057,Water Bottle,Standard,Sports,Nova Supply Co.,Retail Store,Jakarta,Bank Transfer,2,33.1,0.1,66.2,59.58,36.62,22.96,2025-09,2025-09-15/2025-09-21,0.38536421617992617
ORD-502337,2025-08-31,SKU-1055,Resistance Bands,Premium,Sports,Aster Distribution,Marketplace,Jakarta,E-Wallet,3,26.5,0.05,79.5,75.52,64.35,11.17,2025-08,2025-08-25/2025-08-31,0.14790783898305085
ORD-502338,2025-01-27,SKU-1026,Desk Lamp,Premium,Home & Kitchen,Peak Imports,Retail Store,Surabaya,E-Wallet,2,42.39,0.15,84.78,72.06,62.56,9.5,2025-01,2025-01-27/2025-02-02,0.131834582292534
ORD-502339,2025-11-05,SKU-1002,Bluetooth Speaker,Premium,Electronics,Nova Supply Co.,Marketplace,Yogyakarta,Bank Transfer,1,110.05,0.0,110.05,110.05,87.34,22.71,2025-11,2025-11-03/2025-11-09,0.20636074511585645
ORD-502340,2025-08-07,SKU-1061,Running Belt,Premium,Sports,Aster Distribution,Marketplace,Semarang,E-Wallet,1,76.7,0.0,76.7,76.7,43.71,32.99,2025-08,2025-08-04/2025-08-10,0.4301173402868318
ORD-502341,2025-07-27,SKU-1007,Power Bank,Standard,Electronics,Nova Supply Co.,Retail Store,Surabaya,E-Wallet,1,127.25,0.05,127.25,120.89,81.84,39.05,2025-07,2025-07-21/2025-07-27,0.3230209281164695
ORD-502342,2025-05-10,SKU-1036,Monitor Stand,Premium,Office,Nova Supply Co.,Online,Surabaya,Bank Transfer,1,158.85,0.0,158.85,158.85,110.27,48.58,2025-05,2025-05-05/2025-05-11,0.3058231035568146
ORD-502343,2025-06-29,SKU-1048,Hair Dryer,Premium,Beauty,Urban Source Ltd.,Online,Makassar,E-Wallet,1,35.46,0.1,35.46,31.91,19.77,12.14,2025-06,2025-06-23/2025-06-29,0.3804450015669069
ORD-502344,2025-03-02,SKU-1007,Power Bank,Standard,Electronics,Nova Supply Co.,Online,Jakarta,E-Wallet,1,127.25,0.05,127.25,120.89,81.84,39.05,2025-03,2025-02-24/2025-03-02,0.3230209281164695
ORD-502345,2025-12-24,SKU-1007,Power Bank,Standard,Electronics,Nova Supply Co.,Marketplace,Yogyakarta,Bank Transfer,1,127.25,0.0,127.25,127.25,81.84,45.41,2025-12,2025-12-22/2025-12-28,0.35685658153241645
ORD-502346,2025-08-24,SKU-1009,Power Bank,Pro,Electronics,Nova Supply Co.,Marketplace,Semarang,Bank Transfer,1,120.75,0.15,120.75,102.64,92.43,10.21,2025-08,2025-08-18/2025-08-24,0.0994738893219018
ORD-502347,2025-12-15,SKU-1053,Yoga Mat,Pro,Sports,Brightline Wholesale,Marketplace,Medan,Bank Transfer,1,30.37,0.0,30.37,30.37,19.3,11.07,2025-12,2025-12-15/2025-12-21,0.3645044451761607
ORD-502348,2025-05-18,SKU-1005,Wireless Earbuds,Premium,Electronics,Aster Distribution,Marketplace,Medan,Card,1,102.99,0.0,102.99,102.99,60.73,42.26,2025-05,2025-05-12/2025-05-18,0.4103311001068065
ORD-502349,2025-11-01,SKU-1050,Makeup Brush Set,Premium,Beauty,Peak Imports,Marketplace,Jakarta,E-Wallet,1,37.2,0.0,37.2,37.2,25.93,11.27,2025-11,2025-10-27/2025-11-02,0.3029569892473118
ORD-502350,2025-09-19,SKU-1049,Makeup Brush Set,Standard,Beauty,Nova Supply Co.,Marketplace,Jakarta,E-Wallet,1,34.46,0.05,34.46,32.74,25.68,7.06,2025-09,2025-09-15/2025-09-21,0.21563836285888818
ORD-502351,2025-01-15,SKU-1008,Power Bank,Premium,Electronics,Peak Imports,Online,Surabaya,Bank Transfer,2,64.8,0.0,129.6,129.6,71.04,58.56,2025-01,2025-01-13/2025-01-19,0.4518518518518519
ORD-502352,2025-10-04,SKU-1038,Desk Organizer,Premium,Office,Urban Source Ltd.,Online,Yogyakarta,Card,2,47.71,0.05,95.42,90.65,70.06,20.59,2025-10,2025-09-29/2025-10-05,0.2271373414230557
ORD-502353,2025-12-08,SKU-1012,USB-C Hub,Pro,Electronics,Nova Supply Co.,Online,Makassar,Card,1,66.9,0.1,66.9,60.21,46.06,14.15,2025-12,2025-12-08/2025-12-14,0.23501079554891213
ORD-502354,2025-03-28,SKU-1010,USB-C Hub,Standard,Electronics,Peak Imports,Marketplace,Yogyakarta,E-Wallet,1,23.78,0.0,23.78,23.78,18.47,5.31,2025-03,2025-03-24/2025-03-30,0.22329688814129517
ORD-502355,2025-10-10,SKU-1029,Storage Box,Premium,Home & Kitchen,Aster Distribution,Retail Store,Medan,E-Wallet,1,14.45,0.05,14.45,13.73,11.48,2.25,2025-10,2025-10-06/2025-10-12,0.1638747268754552
ORD-502356,2025-03-25,SKU-1034,Gel Pen Set,Premium,Office,Aster Distribution,Online,Yogyakarta,Card,1,211.77,0.0,211.77,211.77,119.78,91.99,2025-03,2025-03-24/2025-03-30,0.4343863625631581
ORD-502357,2025-05-12,SKU-1042,Face Cleanser,Premium,Beauty,Peak Imports,Online,Surabaya,Bank Transfer,1,31.12,0.0,31.12,31.12,25.16,5.96,2025-05,2025-05-12/2025-05-18,0.19151670951156813
ORD-502358,2025-02-19,SKU-1019,Electric Kettle,Standard,Home & Kitchen,Nova Supply Co.,Online,Jakarta,Card,3,88.16,0.0,264.48,264.48,159.06,105.42,2025-02,2025-02-17/2025-02-23,0.39859346642468235
ORD-502359,2025-05-07,SKU-1008,Power Bank,Premium,Electronics,Peak Imports,Online,Jakarta,Card,1,64.8,0.0,64.8,64.8,35.52,29.28,2025-05,2025-05-05/2025-05-11,0.4518518518518519
ORD-502360,2025-01-23,SKU-1005,Wireless Earbuds,Premium,Electronics,Aster Distribution,Online,Jakarta,Card,1,102.99,0.05,102.99,97.84,60.73,37.11,2025-01,2025-01-20/2025-01-26,0.3792927228127555
ORD-502361,2025-09-05,SKU-1016,Air Fryer,Standard,Home & Kitchen,Aster Distribution,Online,Jakarta,E-Wallet,3,98.91,0.15,296.73,252.22,211.14,41.08,2025-09,2025-09-01/2025-09-07,0.16287368170644675
ORD-502362,2025-01-29,SKU-1012,USB-C Hub,Pro,Electronics,Nova Supply Co.,Online,Jakarta,Card,2,66.9,0.0,133.8,133.8,92.12,41.68,2025-01,2025-01-27/2025-02-02,0.3115097159940209
ORD-502363,2025-11-07,SKU-1029,Storage Box,Premium,Home & Kitchen,Aster Distribution,Online,Bandung,E-Wallet,2,14.45,0.15,28.9,24.56,22.96,1.6,2025-11,2025-11-03/2025-11-09,0.06514657980456026
ORD-502364,2025-03-01,SKU-1038,Desk Organizer,Premium,Office,Urban Source Ltd.,Online,Bandung,Bank Transfer,1,47.71,0.2,47.71,38.17,35.03,3.14,2025-03,2025-02-24/2025-03-02,0.08226355776788054
ORD-502365,2025-07-22,SKU-1053,Yoga Mat,Pro,Sports,Brightline Wholesale,Online,Jakarta,Bank Transfer,1,30.37,0.0,30.37,30.37,19.3,11.07,2025-07,2025-07-21/2025-07-27,0.3645044451761607
ORD-502366,2025-12-17,SKU-1001,Bluetooth Speaker,Standard,Electronics,Nova Supply Co.,Marketplace,Surabaya,Bank Transfer,1,120.16,0.05,120.16,114.15,83.77,30.38,2025-12,2025-12-15/2025-12-21,0.26614104248795445
ORD-502367,2025-12-13,SKU-1006,Wireless Earbuds,Pro,Electronics,Aster Distribution,Online,Jakarta,Card,1,48.0,0.0,48.0,48.0,31.91,16.09,2025-12,2025-12-08/2025-12-14,0.33520833333333333
ORD-502368,2025-07-24,SKU-1012,USB-C Hub,Pro,Electronics,Nova Supply Co.,Marketplace,Bandung,E-Wallet,1,66.9,0.0,66.9,66.9,46.06,20.84,2025-07,2025-07-21/2025-07-27,0.3115097159940209
ORD-502369,2025-11-22,SKU-1009,Power Bank,Pro,Electronics,Nova Supply Co.,Online,Jakarta,Bank Transfer,1,120.75,0.0,120.75,120.75,92.43,28.32,2025-11,2025-11-17/2025-11-23,0.23453416149068324
ORD-502370,2025-07-06,SKU-1063,Dumbbell Set,Standard,Sports,Urban Source Ltd.,Online,Yogyakarta,Bank Transfer,1,37.4,0.2,37.4,29.92,29.68,0.24,2025-07,2025-06-30/2025-07-06,0.00802139037433155
ORD-502371,2025-08-20,SKU-1006,Wireless Earbuds,Pro,Electronics,Aster Distribution,Online,Medan,Bank Transfer,1,48.0,0.0,48.0,48.0,31.91,16.09,2025-08,2025-08-18/2025-08-24,0.33520833333333333
ORD-502372,2025-05-31,SKU-1031,Notebook,Standard,Office,Brightline Wholesale,Online,Bandung,Card,1,36.9,0.05,36.9,35.06,23.06,12.0,2025-05,2025-05-26/2025-06-01,0.34227039361095263
ORD-502373,2025-04-10,SKU-1010,USB-C Hub,Standard,Electronics,Peak Imports,Marketplace,Jakarta,Cash,2,23.78,0.05,47.56,45.18,36.94,8.24,2025-04,2025-04-07/2025-04-13,0.18238158477202301
ORD-502374,2025-03-08,SKU-1003,Bluetooth Speaker,Pro,Electronics,Brightline Wholesale,Online,Yogyakarta,Bank Transfer,1,118.47,0.2,118.47,94.78,71.07,23.71,2025-03,2025-03-03/2025-03-09,0.2501582612365478
ORD-502375,2025-02-03,SKU-1002,Bluetooth Speaker,Premium,Electronics,Nova Supply Co.,Marketplace,Surabaya,Cash,1,110.05,0.05,110.05,104.55,87.34,17.21,2025-02,2025-02-03/2025-02-09,0.1646102343376375
ORD-502376,2025-01-20,SKU-1031,Notebook,Standard,Office,Brightline Wholesale,Online,Jakarta,E-Wallet,3,36.9,0.0,110.7,110.7,69.18,41.52,2025-01,2025-01-20/2025-01-26,0.3750677506775068
ORD-502377,2025-10-14,SKU-1027,Desk Lamp,Pro,Home & Kitchen,Brightline Wholesale,Retail Store,Bandung,Cash,2,72.16,0.0,144.32,144.32,86.66,57.66,2025-10,2025-10-13/2025-10-19,0.3995288248337029
ORD-502378,2025-02-09,SKU-1060,Running Belt,Standard,Sports,Nova Supply Co.,Online,Yogyakarta,E-Wallet,1,84.42,0.1,84.42,75.98,48.15,27.83,2025-02,2025-02-03/2025-02-09,0.36628060015793623
ORD-502379,2025-06-18,SKU-1010,USB-C Hub,Standard,Electronics,Peak Imports,Marketplace,Yogyakarta,E-Wallet,1,23.78,0.0,23.78,23.78,18.47,5.31,2025-06,2025-06-16/2025-06-22,0.22329688814129517
ORD-502380,2025-08-19,SKU-1003,Bluetooth Speaker,Pro,Electronics,Brightline Wholesale,Online,Medan,E-Wallet,1,118.47,0.15,118.47,100.7,71.07,29.63,2025-08,2025-08-18/2025-08-24,0.29424031777557097
ORD-502381,2025-02-15,SKU-1016,Air Fryer,Standard,Home & Kitchen,Aster Distribution,Marketplace,Jakarta,Bank Transfer,1,98.91,0.0,98.91,98.91,70.38,28.53,2025-02,2025-02-10/2025-02-16,0.28844404003639673
ORD-502382,2025-04-20,SKU-1033,Gel Pen Set,Standard,Office,Aster Distribution,Marketplace,Bandung,E-Wallet,1,82.15,0.0,82.15,82.15,65.35,16.8,2025-04,2025-04-14/2025-04-20,0.20450395617772368
ORD-502383,2025-05-01,SKU-1009,Power Bank,Pro,Electronics,Nova Supply Co.,Online,Jakarta,E-Wallet,1,120.75,0.0,120.75,120.75,92.43,28.32,2025-05,2025-04-28/2025-05-04,0.23453416149068324
ORD-502384,2025-02-21,SKU-1043,Sunscreen,Standard,Beauty,Brightline Wholesale,Online,Surabaya,E-Wallet,1,26.13,0.15,26.13,22.21,20.37,1.84,2025-02,2025-02-17/2025-02-23,0.08284556506078343
ORD-502385,2025-07-11,SKU-1046,Moisturizer,Premium,Beauty,Peak Imports,Wholesale,Bandung,Bank Transfer,1,8.32,0.2,8.32,6.66,4.59,2.07,2025-07,2025-07-07/2025-07-13,0.3108108108108108
ORD-502386,2025-09-06,SKU-1035,Monitor Stand,Standard,Office,Brightline Wholesale,Online,Jakarta,Bank Transfer,1,61.43,0.0,61.43,61.43,33.7,27.73,2025-09,2025-09-01/2025-09-07,0.45140810678821425
ORD-502387,2025-12-09,SKU-1041,Face Cleanser,Standard,Beauty,Brightline Wholesale,Online,Jakarta,Cash,1,40.88,0.0,40.88,40.88,26.08,14.8,2025-12,2025-12-08/2025-12-14,0.36203522504892366
ORD-502388,2025-08-13,SKU-1005,Wireless Earbuds,Premium,Electronics,Aster Distribution,Online,Surabaya,E-Wallet,2,102.99,0.05,205.98,195.68,121.46,74.22,2025-08,2025-08-11/2025-08-17,0.3792927228127555
ORD-502389,2025-02-05,SKU-1053,Yoga Mat,Pro,Sports,Brightline Wholesale,Online,Semarang,E-Wallet,1,30.37,0.1,30.37,27.33,19.3,8.03,2025-02,2025-02-03/2025-02-09,0.2938163190633004
ORD-502390,2025-12-12,SKU-1046,Moisturizer,Premium,Beauty,Peak Imports,Online,Surabaya,Cash,1,8.32,0.0,8.32,8.32,4.59,3.73,2025-12,2025-12-08/2025-12-14,0.44831730769230765
ORD-502391,2025-10-22,SKU-1056,Resistance Bands,Pro,Sports,Nova Supply Co.,Marketplace,Surabaya,Bank Transfer,1,37.19,0.0,37.19,37.19,21.86,15.33,2025-10,2025-10-20/2025-10-26,0.4122075826835171
ORD-502392,2025-01-29,SKU-1008,Power Bank,Premium,Electronics,Peak Imports,Marketplace,Makassar,E-Wallet,1,64.8,0.1,64.8,58.32,35.52,22.8,2025-01,2025-01-27/2025-02-02,0.39094650205761317
ORD-502393,2025-02-24,SKU-1034,Gel Pen Set,Premium,Office,Aster Distribution,Retail Store,Semarang,Card,1,211.77,0.0,211.77,211.77,119.78,91.99,2025-02,2025-02-24/2025-03-02,0.4343863625631581
ORD-502394,2025-11-06,SKU-1057,Water Bottle,Standard,Sports,Nova Supply Co.,Online,Yogyakarta,Bank Transfer,2,33.1,0.0,66.2,66.2,36.62,29.58,2025-11,2025-11-03/2025-11-09,0.4468277945619335
ORD-502395,2025-09-25,SKU-1002,Bluetooth Speaker,Premium,Electronics,Nova Supply Co.,Marketplace,Bandung,Bank Transfer,2,110.05,0.0,220.1,220.1,174.68,45.42,2025-09,2025-09-22/2025-09-28,0.20636074511585645
ORD-502396,2025-01-19,SKU-1034,Gel Pen Set,Premium,Office,Aster Distribution,Retail Store,Bandung,Card,2,211.77,0.2,423.54,338.83,239.56,99.27,2025-01,2025-01-13/2025-01-19,0.2929787799191335
ORD-502397,2025-10-12,SKU-1050,Makeup Brush Set,Premium,Beauty,Peak Imports,Retail Store,Semarang,Card,1,37.2,0.0,37.2,37.2,25.93,11.27,2025-10,2025-10-06/2025-10-12,0.3029569892473118
ORD-502398,2025-05-15,SKU-1058,Water Bottle,Premium,Sports,Aster Distribution,Marketplace,Yogyakarta,E-Wallet,1,48.14,0.05,48.14,45.73,36.02,9.71,2025-05,2025-05-12/2025-05-18,0.21233326044172318
ORD-502399,2025-09-06,SKU-1016,Air Fryer,Standard,Home & Kitchen,Aster Distribution,Online,Jakarta,Card,2,98.91,0.1,197.82,178.04,140.76,37.28,2025-09,2025-09-01/2025-09-07,0.20939114805661652
ORD-502400,2025-06-04,SKU-1022,Blender,Standard,Home & Kitchen,Peak Imports,Retail Store,Bandung,Card,2,94.62,0.1,189.24,170.32,121.54,48.78,2025-06,2025-06-02/2025-06-08,0.2864020666979803
ORD-502401,2025-04-26,SKU-1002,Bluetooth Speaker,Premium,Electronics,Nova Supply Co.,Marketplace,Bandung,Bank Transfer,1,110.05,0.0,110.05,110.05,87.34,22.71,2025-04,2025-04-21/2025-04-27,0.20636074511585645
ORD-502402,2025-05-26,SKU-1009,Power Bank,Pro,Electronics,Nova Supply Co.,Online,Surabaya,E-Wallet,2,120.75,0.1,241.5,217.35,184.86,32.49,2025-05,2025-05-26/2025-06-01,0.1494824016563147
ORD-502403,2025-10-10,SKU-1036,Monitor Stand,Premium,Office,Nova Supply Co.,Online,Yogyakarta,Bank Transfer,1,158.85,0.1,158.85,142.96,110.27,32.69,2025-10,2025-10-06/2025-10-12,0.22866536094012307
ORD-502404,2025-11-05,SKU-1031,Notebook,Standard,Office,Brightline Wholesale,Online,Jakarta,Bank Transfer,3,36.9,0.0,110.7,110.7,69.18,41.52,2025-11,2025-11-03/2025-11-09,0.3750677506775068
ORD-502405,2025-01-05,SKU-1002,Bluetooth Speaker,Premium,Electronics,Nova Supply Co.,Online,Yogyakarta,E-Wallet,1,110.05,0.0,110.05,110.05,87.34,22.71,2025-01,2024-12-30/2025-01-05,0.20636074511585645
ORD-502406,2025-09-26,SKU-1022,Blender,Standard,Home & Kitchen,Peak Imports,Marketplace,Medan,E-Wallet,1,94.62,0.2,94.62,75.7,60.77,14.93,2025-09,2025-09-22/2025-09-28,0.197225891677675
ORD-502407,2025-04-11,SKU-1031,Notebook,Standard,Office,Brightline Wholesale,Marketplace,Semarang,E-Wallet,1,36.9,0.05,36.9,35.06,23.06,12.0,2025-04,2025-04-07/2025-04-13,0.34227039361095263
ORD-502408,2025-07-14,SKU-1057,Water Bottle,Standard,Sports,Nova Supply Co.,Online,Jakarta,Card,1,33.1,0.05,33.1,31.44,18.31,13.13,2025-07,2025-07-14/2025-07-20,0.4176208651399491
ORD-502409,2025-06-29,SKU-1018,Air Fryer,Pro,Home & Kitchen,Peak Imports,Online,Medan,Card,1,12.8,0.2,12.8,10.24,7.68,2.56,2025-06,2025-06-23/2025-06-29,0.25
ORD-502410,2025-01-02,SKU-1007,Power Bank,Standard,Electronics,Nova Supply Co.,Marketplace,Makassar,Card,1,127.25,0.0,127.25,127.25,81.84,45.41,2025-01,2024-12-30/2025-01-05,0.35685658153241645
ORD-502411,2025-07-01,SKU-1012,USB-C Hub,Pro,Electronics,Nova Supply Co.,Marketplace,Yogyakarta,Bank Transfer,1,66.9,0.0,66.9,66.9,46.06,20.84,2025-07,2025-06-30/2025-07-06,0.3115097159940209
ORD-502412,2025-12-26,SKU-1057,Water Bottle,Standard,Sports,Nova Supply Co.,Marketplace,Jakarta,E-Wallet,1,33.1,0.1,33.1,29.79,18.31,11.48,2025-12,2025-12-22/2025-12-28,0.38536421617992617
ORD-502413,2025-11-03,SKU-1053,Yoga Mat,Pro,Sports,Brightline Wholesale,Online,Yogyakarta,E-Wallet,1,30.37,0.0,30.37,30.37,19.3,11.07,2025-11,2025-11-03/2025-11-09,0.3645044451761607
ORD-502414,2025-01-28,SKU-1047,Hair Dryer,Standard,Beauty,Nova Supply Co.,Wholesale,Jakarta,Cash,1,52.4,0.0,52.4,52.4,41.75,10.65,2025-01,2025-01-27/2025-02-02,0.20324427480916032
ORD-502415,2025-07-09,SKU-1053,Yoga Mat,Pro,Sports,Brightline Wholesale,Online,Yogyakarta,Card,2,30.37,0.15,60.74,51.63,38.6,13.03,2025-07,2025-07-07/2025-07-13,0.252372651559171
ORD-502416,2025-07-02,SKU-1026,Desk Lamp,Premium,Home & Kitchen,Peak Imports,Marketplace,Surabaya,E-Wallet,2,42.39,0.0,84.78,84.78,62.56,22.22,2025-07,2025-06-30/2025-07-06,0.2620901155933003
ORD-502417,2025-10-15,SKU-1021,Electric Kettle,Pro,Home & Kitchen,Aster Distribution,Retail Store,Yogyakarta,Card,1,84.19,0.1,84.19,75.77,57.93,17.84,2025-10,2025-10-13/2025-10-19,0.2354493863006467
ORD-502418,2025-09-11,SKU-1057,Water Bottle,Standard,Sports,Nova Supply Co.,Online,Surabaya,E-Wallet,1,33.1,0.0,33.1,33.1,18.31,14.79,2025-09,2025-09-08/2025-09-14,0.4468277945619335
ORD-502419,2025-12-09,SKU-1010,USB-C Hub,Standard,Electronics,Peak Imports,Online,Jakarta,Card,3,23.78,0.05,71.34,67.77,55.41,12.36,2025-12,2025-12-08/2025-12-14,0.18238158477202301
ORD-502420,2025-09-14,SKU-1034,Gel Pen Set,Premium,Office,Aster Distribution,Marketplace,Jakarta,Bank Transfer,1,211.77,0.0,211.77,211.77,119.78,91.99,2025-09,2025-09-08/2025-09-14,0.4343863625631581
ORD-502421,2025-05-27,SKU-1027,Desk Lamp,Pro,Home & Kitchen,Brightline Wholesale,Wholesale,Surabaya,Card,2,72.16,0.05,144.32,137.1,86.66,50.44,2025-05,2025-05-26/2025-06-01,0.3679066374908826
ORD-502422,2025-02-25,SKU-1056,Resistance Bands,Pro,Sports,Nova Supply Co.,Online,Jakarta,Card,4,37.19,0.0,148.76,148.76,87.44,61.32,2025-02,2025-02-24/2025-03-02,0.4122075826835171
ORD-502423,2025-03-13,SKU-1004,Wireless Earbuds,Standard,Electronics,Aster Distribution,Marketplace,Jakarta,E-Wallet,1,77.45,0.0,77.45,77.45,55.47,21.98,2025-03,2025-03-10/2025-03-16,0.28379599741768885
ORD-502424,2025-11-26,SKU-1035,Monitor Stand,Standard,Office,Brightline Wholesale,Retail Store,Medan,E-Wallet,1,61.43,0.0,61.43,61.43,33.7,27.73,2025-11,2025-11-24/2025-11-30,0.45140810678821425
ORD-502425,2025-11-14,SKU-1064,Dumbbell Set,Premium,Sports,Brightline Wholesale,Online,Jakarta,Card,3,28.95,0.0,86.85,86.85,48.45,38.4,2025-11,2025-11-10/2025-11-16,0.4421416234887738
ORD-502426,2025-05-20,SKU-1025,Desk Lamp,Standard,Home & Kitchen,Urban Source Ltd.,Online,Bandung,Card,1,104.17,0.15,104.17,88.54,78.6,9.94,2025-05,2025-05-19/2025-05-25,0.112265642647391
ORD-502427,2025-10-08,SKU-1015,Mechanical Keyboard,Pro,Electronics,Aster Distribution,Online,Makassar,Cash,1,110.43,0.05,110.43,104.91,80.89,24.02,2025-10,2025-10-06/2025-10-12,0.22895815460871224
ORD-502428,2025-09-02,SKU-1005,Wireless Earbuds,Premium,Electronics,Aster Distribution,Retail Store,Medan,Bank Transfer,2,102.99,0.0,205.98,205.98,121.46,84.52,2025-09,2025-09-01/2025-09-07,0.4103311001068065
ORD-502429,2025-11-27,SKU-1010,USB-C Hub,Standard,Electronics,Peak Imports,Marketplace,Medan,Card,1,23.78,0.0,23.78,23.78,18.47,5.31,2025-11,2025-11-24/2025-11-30,0.22329688814129517
ORD-502430,2025-04-06,SKU-1001,Bluetooth Speaker,Standard,Electronics,Nova Supply Co.,Online,Jakarta,Card,1,120.16,0.05,120.16,114.15,83.77,30.38,2025-04,2025-03-31/2025-04-06,0.26614104248795445
ORD-502431,2025-03-20,SKU-1057,Water Bottle,Standard,Sports,Nova Supply Co.,Retail Store,Jakarta,Card,1,33.1,0.0,33.1,33.1,18.31,14.79,2025-03,2025-03-17/2025-03-23,0.4468277945619335
ORD-502432,2025-03-26,SKU-1016,Air Fryer,Standard,Home & Kitchen,Aster Distribution,Retail Store,Surabaya,Card,1,98.91,0.1,98.91,89.02,70.38,18.64,2025-03,2025-03-24/2025-03-30,0.20939114805661652
ORD-502433,2025-07-03,SKU-1041,Face Cleanser,Standard,Beauty,Brightline Wholesale,Marketplace,Jakarta,Bank Transfer,2,40.88,0.0,81.76,81.76,52.16,29.6,2025-07,2025-06-30/2025-07-06,0.36203522504892366
ORD-502434,2025-05-07,SKU-1064,Dumbbell Set,Premium,Sports,Brightline Wholesale,Marketplace,Bandung,E-Wallet,1,28.95,0.1,28.95,26.06,16.15,9.91,2025-05,2025-05-05/2025-05-11,0.3802762854950115
ORD-502435,2025-08-07,SKU-1012,USB-C Hub,Pro,Electronics,Nova Supply Co.,Online,Makassar,Card,1,66.9,0.05,66.9,63.56,46.06,17.5,2025-08,2025-08-04/2025-08-10,0.2753303964757709
ORD-502436,2025-09-05,SKU-1053,Yoga Mat,Pro,Sports,Brightline Wholesale,Marketplace,Semarang,Card,2,30.37,0.15,60.74,51.63,38.6,13.03,2025-09,2025-09-01/2025-09-07,0.252372651559171
ORD-502437,2025-04-14,SKU-1005,Wireless Earbuds,Premium,Electronics,Aster Distribution,Online,Makassar,Bank Transfer,1,102.99,0.05,102.99,97.84,60.73,37.11,2025-04,2025-04-14/2025-04-20,0.3792927228127555
ORD-502438,2025-12-21,SKU-1010,USB-C Hub,Standard,Electronics,Peak Imports,Marketplace,Bandung,Cash,1,23.78,0.0,23.78,23.78,18.47,5.31,2025-12,2025-12-15/2025-12-21,0.22329688814129517
ORD-502439,2025-05-28,SKU-1033,Gel Pen Set,Standard,Office,Aster Distribution,Retail Store,Surabaya,E-Wallet,1,82.15,0.05,82.15,78.04,65.35,12.69,2025-05,2025-05-26/2025-06-01,0.16260891850333162
ORD-502440,2025-11-01,SKU-1035,Monitor Stand,Standard,Office,Brightline Wholesale,Online,Jakarta,E-Wallet,1,61.43,0.0,61.43,61.43,33.7,27.73,2025-11,2025-10-27/2025-11-02,0.45140810678821425
ORD-502441,2025-05-25,SKU-1025,Desk Lamp,Standard,Home & Kitchen,Urban Source Ltd.,Online,Makassar,Card,1,104.17,0.0,104.17,104.17,78.6,25.57,2025-05,2025-05-19/2025-05-25,0.2454641451473553
ORD-502442,2025-12-29,SKU-1040,Office Chair,Premium,Office,Brightline Wholesale,Marketplace,Medan,Card,2,159.4,0.05,318.8,302.86,222.84,80.02,2025-12,2025-12-29/2026-01-04,0.2642144885425609
ORD-502443,2025-07-25,SKU-1037,Desk Organizer,Standard,Office,Nova Supply Co.,Online,Semarang,E-Wallet,1,24.82,0.1,24.82,22.34,14.08,8.26,2025-07,2025-07-21/2025-07-27,0.36974037600716203
ORD-502444,2025-09-02,SKU-1011,USB-C Hub,Premium,Electronics,Urban Source Ltd.,Online,Makassar,Card,1,116.31,0.15,116.31,98.86,63.87,34.99,2025-09,2025-09-01/2025-09-07,0.3539348573740644
ORD-502445,2025-04-03,SKU-1024,Blender,Pro,Home & Kitchen,Aster Distribution,Online,Surabaya,Cash,1,59.17,0.15,59.17,50.29,44.96,5.33,2025-04,2025-03-31/2025-04-06,0.10598528534499901
ORD-502446,2025-07-05,SKU-1057,Water Bottle,Standard,Sports,Nova Supply Co.,Retail Store,Bandung,Bank Transfer,2,33.1,0.0,66.2,66.2,36.62,29.58,2025-07,2025-06-30/2025-07-06,0.4468277945619335
ORD-502447,2025-05-16,SKU-1040,Office Chair,Premium,Office,Brightline Wholesale,Retail Store,Jakarta,Card,1,159.4,0.1,159.4,143.46,111.42,32.04,2025-05,2025-05-12/2025-05-18,0.2233375156838143
ORD-502448,2025-04-09,SKU-1014,Mechanical Keyboard,Premium,Electronics,Nova Supply Co.,Online,Bandung,Card,1,106.42,0.15,106.42,90.46,74.24,16.22,2025-04,2025-04-07/2025-04-13,0.17930577050630112
ORD-502449,2025-12-27,SKU-1056,Resistance Bands,Pro,Sports,Nova Supply Co.,Marketplace,Semarang,Card,2,37.19,0.1,74.38,66.94,43.72,23.22,2025-12,2025-12-22/2025-12-28,0.3468778010158351
ORD-502450,2025-09-25,SKU-1030,Storage Box,Pro,Home & Kitchen,Urban Source Ltd.,Marketplace,Yogyakarta,Bank Transfer,1,61.88,0.0,61.88,61.88,47.95,13.93,2025-09,2025-09-22/2025-09-28,0.22511312217194568
ORD-502451,2025-02-09,SKU-1027,Desk Lamp,Pro,Home & Kitchen,Brightline Wholesale,Online,Jakarta,Card,1,72.16,0.05,72.16,68.55,43.33,25.22,2025-02,2025-02-03/2025-02-09,0.3679066374908826
ORD-502452,2025-07-09,SKU-1005,Wireless Earbuds,Premium,Electronics,Aster Distribution,Retail Store,Makassar,E-Wallet,1,102.99,0.15,102.99,87.54,60.73,26.81,2025-07,2025-07-07/2025-07-13,0.30625999543066024
ORD-502453,2025-11-07,SKU-1046,Moisturizer,Premium,Beauty,Peak Imports,Marketplace,Semarang,Cash,1,8.32,0.0,8.32,8.32,4.59,3.73,2025-11,2025-11-03/2025-11-09,0.44831730769230765
ORD-502454,2025-11-14,SKU-1035,Monitor Stand,Standard,Office,Brightline Wholesale,Marketplace,Bandung,E-Wallet,2,61.43,0.0,122.86,122.86,67.4,55.46,2025-11,2025-11-10/2025-11-16,0.45140810678821425
ORD-502455,2025-09-01,SKU-1043,Sunscreen,Standard,Beauty,Brightline Wholesale,Wholesale,Medan,E-Wallet,1,26.13,0.15,26.13,22.21,20.37,1.84,2025-09,2025-09-01/2025-09-07,0.08284556506078343
ORD-502456,2025-06-15,SKU-1063,Dumbbell Set,Standard,Sports,Urban Source Ltd.,Online,Surabaya,Bank Transfer,1,37.4,0.15,37.4,31.79,29.68,2.11,2025-06,2025-06-09/2025-06-15,0.06637307329348852
ORD-502457,2025-11-24,SKU-1055,Resistance Bands,Premium,Sports,Aster Distribution,Online,Jakarta,Card,1,26.5,0.05,26.5,25.17,21.45,3.72,2025-11,2025-11-24/2025-11-30,0.14779499404052443
ORD-502458,2025-11-28,SKU-1065,Dumbbell Set,Pro,Sports,Urban Source Ltd.,Online,Jakarta,E-Wallet,1,18.33,0.15,18.33,15.58,10.76,4.82,2025-11,2025-11-24/2025-11-30,0.3093709884467266
ORD-502459,2025-12-28,SKU-1018,Air Fryer,Pro,Home & Kitchen,Peak Imports,Online,Makassar,Cash,2,12.8,0.0,25.6,25.6,15.36,10.24,2025-12,2025-12-22/2025-12-28,0.39999999999999997
ORD-502460,2025-04-16,SKU-1035,Monitor Stand,Standard,Office,Brightline Wholesale,Online,Makassar,Card,1,61.43,0.1,61.43,55.29,33.7,21.59,2025-04,2025-04-14/2025-04-20,0.3904865255923313
ORD-502461,2025-05-16,SKU-1017,Air Fryer,Premium,Home & Kitchen,Peak Imports,Online,Yogyakarta,E-Wallet,1,85.71,0.0,85.71,85.71,66.93,18.78,2025-05,2025-05-12/2025-05-18,0.21911095554777743
ORD-502462,2025-12-17,SKU-1004,Wireless Earbuds,Standard,Electronics,Aster Distribution,Online,Jakarta,Card,1,77.45,0.0,77.45,77.45,55.47,21.98,2025-12,2025-12-15/2025-12-21,0.28379599741768885
ORD-502463,2025-06-11,SKU-1001,Bluetooth Speaker,Standard,Electronics,Nova Supply Co.,Online,Jakarta,E-Wallet,1,120.16,0.0,120.16,120.16,83.77,36.39,2025-06,2025-06-09/2025-06-15,0.3028462050599201
ORD-502464,2025-08-04,SKU-1020,Electric Kettle,Premium,Home & Kitchen,Peak Imports,Retail Store,Jakarta,Card,1,73.42,0.0,73.42,73.42,57.33,16.09,2025-08,2025-08-04/2025-08-10,0.2191500953418687
ORD-502465,2025-07-27,SKU-1021,Electric Kettle,Pro,Home & Kitchen,Aster Distribution,Online,Jakarta,Bank Transfer,1,84.19,0.15,84.19,71.56,57.93,13.63,2025-07,2025-07-21/2025-07-27,0.19046953605366126
ORD-502466,2025-01-10,SKU-1033,Gel Pen Set,Standard,Office,Aster Distribution,Marketplace,Bandung,E-Wallet,1,82.15,0.1,82.15,73.94,65.35,8.59,2025-01,2025-01-06/2025-01-12,0.1161752772518258
ORD-502467,2025-06-06,SKU-1036,Monitor Stand,Premium,Office,Nova Supply Co.,Online,Jakarta,Bank Transfer,1,158.85,0.1,158.85,142.96,110.27,32.69,2025-06,2025-06-02/2025-06-08,0.22866536094012307
ORD-502468,2025-08-22,SKU-1046,Moisturizer,Premium,Beauty,Peak Imports,Retail Store,Jakarta,Bank Transfer,1,8.32,0.1,8.32,7.49,4.59,2.9,2025-08,2025-08-18/2025-08-24,0.3871829105473965
ORD-502469,2025-11-06,SKU-1048,Hair Dryer,Premium,Beauty,Urban Source Ltd.,Online,Makassar,Card,1,35.46,0.0,35.46,35.46,19.77,15.69,2025-11,2025-11-03/2025-11-09,0.44247038917089676
ORD-502470,2025-03-06,SKU-1053,Yoga Mat,Pro,Sports,Brightline Wholesale,Retail Store,Bandung,Card,1,30.37,0.1,30.37,27.33,19.3,8.03,2025-03,2025-03-03/2025-03-09,0.2938163190633004
ORD-502471,2025-12-03,SKU-1041,Face Cleanser,Standard,Beauty,Brightline Wholesale,Retail Store,Semarang,Cash,1,40.88,0.0,40.88,40.88,26.08,14.8,2025-12,2025-12-01/2025-12-07,0.36203522504892366
ORD-502472,2025-09-28,SKU-1063,Dumbbell Set,Standard,Sports,Urban Source Ltd.,Wholesale,Yogyakarta,Bank Transfer,1,37.4,0.15,37.4,31.79,29.68,2.11,2025-09,2025-09-22/2025-09-28,0.06637307329348852
ORD-502473,2025-02-09,SKU-1047,Hair Dryer,Standard,Beauty,Nova Supply Co.,Retail Store,Jakarta,Card,1,52.4,0.0,52.4,52.4,41.75,10.65,2025-02,2025-02-03/2025-02-09,0.20324427480916032
ORD-502474,2025-12-31,SKU-1026,Desk Lamp,Premium,Home & Kitchen,Peak Imports,Retail Store,Makassar,Card,2,42.39,0.1,84.78,76.3,62.56,13.74,2025-12,2025-12-29/2026-01-04,0.1800786369593709
ORD-502475,2025-05-25,SKU-1016,Air Fryer,Standard,Home & Kitchen,Aster Distribution,Online,Bandung,E-Wallet,1,98.91,0.0,98.91,98.91,70.38,28.53,2025-05,2025-05-19/2025-05-25,0.28844404003639673
ORD-502476,2025-08-28,SKU-1005,Wireless Earbuds,Premium,Electronics,Aster Distribution,Wholesale,Jakarta,Card,1,102.99,0.0,102.99,102.99,60.73,42.26,2025-08,2025-08-25/2025-08-31,0.4103311001068065
ORD-502477,2025-11-18,SKU-1014,Mechanical Keyboard,Premium,Electronics,Nova Supply Co.,Marketplace,Jakarta,E-Wallet,2,106.42,0.15,212.84,180.91,148.48,32.43,2025-11,2025-11-17/2025-11-23,0.1792604057266044
ORD-502478,2025-07-31,SKU-1002,Bluetooth Speaker,Premium,Electronics,Nova Supply Co.,Retail Store,Bandung,Card,3,110.05,0.15,330.15,280.63,262.02,18.61,2025-07,2025-07-28/2025-08-03,0.06631507679150482
ORD-502479,2025-12-07,SKU-1026,Desk Lamp,Premium,Home & Kitchen,Peak Imports,Retail Store,Yogyakarta,Bank Transfer,1,42.39,0.05,42.39,40.27,31.28,8.99,2025-12,2025-12-01/2025-12-07,0.22324310901415445
ORD-502480,2025-08-20,SKU-1003,Bluetooth Speaker,Pro,Electronics,Brightline Wholesale,Wholesale,Yogyakarta,Card,1,118.47,0.0,118.47,118.47,71.07,47.4,2025-08,2025-08-18/2025-08-24,0.40010129146619394
ORD-502481,2025-03-17,SKU-1012,USB-C Hub,Pro,Electronics,Nova Supply Co.,Online,Surabaya,E-Wallet,1,66.9,0.0,66.9,66.9,46.06,20.84,2025-03,2025-03-17/2025-03-23,0.3115097159940209
ORD-502482,2025-05-15,SKU-1036,Monitor Stand,Premium,Office,Nova Supply Co.,Online,Surabaya,Bank Transfer,1,158.85,0.2,158.85,127.08,110.27,16.81,2025-05,2025-05-12/2025-05-18,0.13227887944601824
ORD-502483,2025-12-25,SKU-1055,Resistance Bands,Premium,Sports,Aster Distribution,Marketplace,Surabaya,E-Wallet,1,26.5,0.0,26.5,26.5,21.45,5.05,2025-12,2025-12-22/2025-12-28,0.19056603773584904
ORD-502484,2025-12-30,SKU-1010,USB-C Hub,Standard,Electronics,Peak Imports,Marketplace,Bandung,E-Wallet,2,23.78,0.05,47.56,45.18,36.94,8.24,2025-12,2025-12-29/2026-01-04,0.18238158477202301
ORD-502485,2025-07-18,SKU-1031,Notebook,Standard,Office,Brightline Wholesale,Marketplace,Semarang,E-Wallet,1,36.9,0.1,36.9,33.21,23.06,10.15,2025-07,2025-07-14/2025-07-20,0.30563083408611863
ORD-502486,2025-09-09,SKU-1002,Bluetooth Speaker,Premium,Electronics,Nova Supply Co.,Online,Bandung,Cash,1,110.05,0.05,110.05,104.55,87.34,17.21,2025-09,2025-09-08/2025-09-14,0.1646102343376375
ORD-502487,2025-10-23,SKU-1061,Running Belt,Premium,Sports,Aster Distribution,Marketplace,Jakarta,Card,1,76.7,0.0,76.7,76.7,43.71,32.99,2025-10,2025-10-20/2025-10-26,0.4301173402868318
ORD-502488,2025-10-31,SKU-1006,Wireless Earbuds,Pro,Electronics,Aster Distribution,Online,Yogyakarta,E-Wallet,2,48.0,0.0,96.0,96.0,63.82,32.18,2025-10,2025-10-27/2025-11-02,0.33520833333333333
ORD-502489,2025-04-05,SKU-1035,Monitor Stand,Standard,Office,Brightline Wholesale,Online,Yogyakarta,E-Wallet,2,61.43,0.0,122.86,122.86,67.4,55.46,2025-04,2025-03-31/2025-04-06,0.45140810678821425
ORD-502490,2025-06-27,SKU-1020,Electric Kettle,Premium,Home & Kitchen,Peak Imports,Retail Store,Bandung,E-Wallet,1,73.42,0.0,73.42,73.42,57.33,16.09,2025-06,2025-06-23/2025-06-29,0.2191500953418687
ORD-502491,2025-10-25,SKU-1025,Desk Lamp,Standard,Home & Kitchen,Urban Source Ltd.,Online,Jakarta,E-Wallet,1,104.17,0.0,104.17,104.17,78.6,25.57,2025-10,2025-10-20/2025-10-26,0.2454641451473553
ORD-502492,2025-12-14,SKU-1046,Moisturizer,Premium,Beauty,Peak Imports,Online,Medan,E-Wallet,1,8.32,0.0,8.32,8.32,4.59,3.73,2025-12,2025-12-08/2025-12-14,0.44831730769230765
ORD-502493,2025-01-01,SKU-1057,Water Bottle,Standard,Sports,Nova Supply Co.,Marketplace,Surabaya,E-Wallet,3,33.1,0.0,99.3,99.3,54.93,44.37,2025-01,2024-12-30/2025-01-05,0.4468277945619335
ORD-502494,2025-08-10,SKU-1056,Resistance Bands,Pro,Sports,Nova Supply Co.,Online,Makassar,Card,2,37.19,0.1,74.38,66.94,43.72,23.22,2025-08,2025-08-04/2025-08-10,0.3468778010158351
ORD-502495,2025-11-02,SKU-1049,Makeup Brush Set,Standard,Beauty,Nova Supply Co.,Online,Jakarta,Card,2,34.46,0.1,68.92,62.03,51.36,10.67,2025-11,2025-10-27/2025-11-02,0.17201354183459616
ORD-502496,2025-12-25,SKU-1021,Electric Kettle,Pro,Home & Kitchen,Aster Distribution,Marketplace,Bandung,Card,1,84.19,0.1,84.19,75.77,57.93,17.84,2025-12,2025-12-22/2025-12-28,0.2354493863006467
ORD-502497,2025-01-29,SKU-1035,Monitor Stand,Standard,Office,Brightline Wholesale,Retail Store,Surabaya,E-Wallet,1,61.43,0.05,61.43,58.36,33.7,24.66,2025-01,2025-01-27/2025-02-02,0.42254969156956823
ORD-502498,2025-11-01,SKU-1038,Desk Organizer,Premium,Office,Urban Source Ltd.,Retail Store,Yogyakarta,Card,2,47.71,0.0,95.42,95.42,70.06,25.36,2025-11,2025-10-27/2025-11-02,0.26577237476420035
ORD-502499,2025-10-04,SKU-1026,Desk Lamp,Premium,Home & Kitchen,Peak Imports,Online,Jakarta,Card,1,42.39,0.0,42.39,42.39,31.28,11.11,2025-10,2025-09-29/2025-10-05,0.2620901155933003
ORD-502500,2025-09-22,SKU-1036,Monitor Stand,Premium,Office,Nova Supply Co.,Online,Bandung,Card,1,158.85,0.05,158.85,150.91,110.27,40.64,2025-09,2025-09-22/2025-09-28,0.26929958253263536
ORD-502501,2025-08-02,SKU-1057,Water Bottle,Standard,Sports,Nova Supply Co.,Retail Store,Semarang,Card,1,33.1,0.0,33.1,33.1,18.31,14.79,2025-08,2025-07-28/2025-08-03,0.4468277945619335
ORD-502502,2025-07-11,SKU-1057,Water Bottle,Standard,Sports,Nova Supply Co.,Marketplace,Yogyakarta,Cash,1,33.1,0.1,33.1,29.79,18.31,11.48,2025-07,2025-07-07/2025-07-13,0.38536421617992617
ORD-502503,2025-02-05,SKU-1011,USB-C Hub,Premium,Electronics,Urban Source Ltd.,Retail Store,Makassar,Cash,1,116.31,0.0,116.31,116.31,63.87,52.44,2025-02,2025-02-03/2025-02-09,0.4508640701573381
ORD-502504,2025-02-16,SKU-1012,USB-C Hub,Pro,Electronics,Nova Supply Co.,Online,Bandung,Bank Transfer,1,66.9,0.0,66.9,66.9,46.06,20.84,2025-02,2025-02-10/2025-02-16,0.3115097159940209
ORD-502505,2025-12-12,SKU-1031,Notebook,Standard,Office,Brightline Wholesale,Retail Store,Bandung,E-Wallet,1,36.9,0.0,36.9,36.9,23.06,13.84,2025-12,2025-12-08/2025-12-14,0.3750677506775068
ORD-502506,2025-09-21,SKU-1019,Electric Kettle,Standard,Home & Kitchen,Nova Supply Co.,Marketplace,Semarang,E-Wallet,1,88.16,0.0,88.16,88.16,53.02,35.14,2025-09,2025-09-15/2025-09-21,0.3985934664246824
ORD-502507,2025-03-07,SKU-1012,USB-C Hub,Pro,Electronics,Nova Supply Co.,Marketplace,Makassar,Card,2,66.9,0.05,133.8,127.11,92.12,34.99,2025-03,2025-03-03/2025-03-09,0.2752733852568641
ORD-502508,2025-01-27,SKU-1026,Desk Lamp,Premium,Home & Kitchen,Peak Imports,Online,Jakarta,Bank Transfer,1,42.39,0.0,42.39,42.39,31.28,11.11,2025-01,2025-01-27/2025-02-02,0.2620901155933003
ORD-502509,2025-07-22,SKU-1010,USB-C Hub,Standard,Electronics,Peak Imports,Marketplace,Surabaya,Bank Transfer,3,23.78,0.1,71.34,64.21,55.41,8.8,2025-07,2025-07-21/2025-07-27,0.1370503036910139
ORD-502510,2025-04-20,SKU-1014,Mechanical Keyboard,Premium,Electronics,Nova Supply Co.,Retail Store,Semarang,E-Wallet,2,106.42,0.0,212.84,212.84,148.48,64.36,2025-04,2025-04-14/2025-04-20,0.3023867694042473
ORD-502511,2025-03-03,SKU-1003,Bluetooth Speaker,Pro,Electronics,Brightline Wholesale,Retail Store,Bandung,Card,1,118.47,0.1,118.47,106.62,71.07,35.55,2025-03,2025-03-03/2025-03-09,0.33342712436691047
ORD-502512,2025-02-22,SKU-1031,Notebook,Standard,Office,Brightline Wholesale,Retail Store,Semarang,Card,1,36.9,0.0,36.9,36.9,23.06,13.84,2025-02,2025-02-17/2025-02-23,0.3750677506775068
ORD-502513,2025-04-11,SKU-1013,Mechanical Keyboard,Standard,Electronics,Nova Supply Co.,Online,Medan,E-Wallet,1,35.15,0.15,35.15,29.88,24.14,5.74,2025-04,2025-04-07/2025-04-13,0.19210174029451138
ORD-502514,2025-12-28,SKU-1027,Desk Lamp,Pro,Home & Kitchen,Brightline Wholesale,Marketplace,Jakarta,Cash,4,72.16,0.15,288.64,245.34,173.32,72.02,2025-12,2025-12-22/2025-12-28,0.2935518056574549
ORD-502515,2025-07-26,SKU-1003,Bluetooth Speaker,Pro,Electronics,Brightline Wholesale,Online,Yogyakarta,Bank Transfer,4,118.47,0.15,473.88,402.8,284.28,118.52,2025-07,2025-07-21/2025-07-27,0.29424031777557097
ORD-502516,2025-01-23,SKU-1011,USB-C Hub,Premium,Electronics,Urban Source Ltd.,Online,Surabaya,Bank Transfer,1,116.31,0.05,116.31,110.49,63.87,46.62,2025-01,2025-01-20/2025-01-26,0.42193863698072226
ORD-502517,2025-08-08,SKU-1040,Office Chair,Premium,Office,Brightline Wholesale,Online,Makassar,E-Wallet,1,159.4,0.15,159.4,135.49,111.42,24.07,2025-08,2025-08-04/2025-08-10,0.1776514871946269
ORD-502518,2025-04-28,SKU-1021,Electric Kettle,Pro,Home & Kitchen,Aster Distribution,Online,Jakarta,Bank Transfer,1,84.19,0.0,84.19,84.19,57.93,26.26,2025-04,2025-04-28/2025-05-04,0.31191352892267493
ORD-502519,2025-06-01,SKU-1009,Power Bank,Pro,Electronics,Nova Supply Co.,Retail Store,Jakarta,Cash,1,120.75,0.15,120.75,102.64,92.43,10.21,2025-06,2025-05-26/2025-06-01,0.0994738893219018
ORD-502520,2025-08-17,SKU-1033,Gel Pen Set,Standard,Office,Aster Distribution,Online,Medan,E-Wallet,2,82.15,0.05,164.3,156.08,130.7,25.38,2025-08,2025-08-11/2025-08-17,0.16260891850333162
ORD-502521,2025-05-05,SKU-1060,Running Belt,Standard,Sports,Nova Supply Co.,Marketplace,Yogyakarta,Cash,1,84.42,0.0,84.42,84.42,48.15,36.27,2025-05,2025-05-05/2025-05-11,0.42963752665245203
ORD-502522,2025-01-26,SKU-1036,Monitor Stand,Premium,Office,Nova Supply Co.,Online,Bandung,E-Wallet,1,158.85,0.05,158.85,150.91,110.27,40.64,2025-01,2025-01-20/2025-01-26,0.26929958253263536
ORD-502523,2025-07-31,SKU-1008,Power Bank,Premium,Electronics,Peak Imports,Online,Jakarta,E-Wallet,1,64.8,0.05,64.8,61.56,35.52,26.04,2025-07,2025-07-28/2025-08-03,0.42300194931773877
ORD-502524,2025-09-14,SKU-1035,Monitor Stand,Standard,Office,Brightline Wholesale,Online,Yogyakarta,Card,1,61.43,0.15,61.43,52.22,33.7,18.52,2025-09,2025-09-08/2025-09-14,0.35465338950593644
ORD-502525,2025-12-18,SKU-1007,Power Bank,Standard,Electronics,Nova Supply Co.,Online,Medan,Card,2,127.25,0.1,254.5,229.05,163.68,65.37,2025-12,2025-12-15/2025-12-21,0.285396201702685
ORD-502526,2025-05-22,SKU-1026,Desk Lamp,Premium,Home & Kitchen,Peak Imports,Marketplace,Surabaya,Card,1,42.39,0.2,42.39,33.91,31.28,2.63,2025-05,2025-05-19/2025-05-25,0.07755824240636981
ORD-502527,2025-01-16,SKU-1044,Sunscreen,Premium,Beauty,Nova Supply Co.,Online,Yogyakarta,Card,1,41.08,0.0,41.08,41.08,31.72,9.36,2025-01,2025-01-13/2025-01-19,0.22784810126582278
ORD-502528,2025-02-01,SKU-1035,Monitor Stand,Standard,Office,Brightline Wholesale,Online,Semarang,Card,4,61.43,0.0,245.72,245.72,134.8,110.92,2025-02,2025-01-27/2025-02-02,0.45140810678821425
ORD-502529,2025-04-10,SKU-1024,Blender,Pro,Home & Kitchen,Aster Distribution,Online,Surabaya,Card,3,59.17,0.15,177.51,150.88,134.88,16.0,2025-04,2025-04-07/2025-04-13,0.10604453870625663
ORD-502530,2025-12-28,SKU-1042,Face Cleanser,Premium,Beauty,Peak Imports,Retail Store,Surabaya,Card,2,31.12,0.05,62.24,59.13,50.32,8.81,2025-12,2025-12-22/2025-12-28,0.14899374260104853
ORD-502531,2025-09-14,SKU-1036,Monitor Stand,Premium,Office,Nova Supply Co.,Online,Surabaya,E-Wallet,1,158.85,0.0,158.85,158.85,110.27,48.58,2025-09,2025-09-08/2025-09-14,0.3058231035568146
ORD-502532,2025-02-25,SKU-1024,Blender,Pro,Home & Kitchen,Aster Distribution,Online,Yogyakarta,Bank Transfer,1,59.17,0.0,59.17,59.17,44.96,14.21,2025-02,2025-02-24/2025-03-02,0.24015548419807337
ORD-502533,2025-08-16,SKU-1057,Water Bottle,Standard,Sports,Nova Supply Co.,Online,Jakarta,E-Wallet,1,33.1,0.0,33.1,33.1,18.31,14.79,2025-08,2025-08-11/2025-08-17,0.4468277945619335
ORD-502534,2025-05-22,SKU-1025,Desk Lamp,Standard,Home & Kitchen,Urban Source Ltd.,Marketplace,Surabaya,E-Wallet,1,104.17,0.05,104.17,98.96,78.6,20.36,2025-05,2025-05-19/2025-05-25,0.20573969280517382
ORD-502535,2025-12-25,SKU-1006,Wireless Earbuds,Pro,Electronics,Aster Distribution,Retail Store,Medan,E-Wallet,2,48.0,0.05,96.0,91.2,63.82,27.38,2025-12,2025-12-22/2025-12-28,0.300219298245614
ORD-502536,2025-08-24,SKU-1048,Hair Dryer,Premium,Beauty,Urban Source Ltd.,Marketplace,Bandung,Card,1,35.46,0.05,35.46,33.69,19.77,13.92,2025-08,2025-08-18/2025-08-24,0.41317898486197685
ORD-502537,2025-12-25,SKU-1046,Moisturizer,Premium,Beauty,Peak Imports,Online,Jakarta,E-Wallet,1,8.32,0.0,8.32,8.32,4.59,3.73,2025-12,2025-12-22/2025-12-28,0.44831730769230765
ORD-502538,2025-04-22,SKU-1010,USB-C Hub,Standard,Electronics,Peak Imports,Retail Store,Surabaya,Cash,3,23.78,0.2,71.34,57.07,55.41,1.66,2025-04,2025-04-21/2025-04-27,0.029087086034694235
ORD-502539,2025-03-09,SKU-1041,Face Cleanser,Standard,Beauty,Brightline Wholesale,Retail Store,Surabaya,E-Wallet,1,40.88,0.15,40.88,34.75,26.08,8.67,2025-03,2025-03-03/2025-03-09,0.24949640287769784
ORD-502540,2025-10-26,SKU-1010,USB-C Hub,Standard,Electronics,Peak Imports,Marketplace,Bandung,Bank Transfer,1,23.78,0.1,23.78,21.4,18.47,2.93,2025-10,2025-10-20/2025-10-26,0.1369158878504673
ORD-502541,2025-03-16,SKU-1029,Storage Box,Premium,Home & Kitchen,Aster Distribution,Online,Semarang,Bank Transfer,2,14.45,0.1,28.9,26.01,22.96,3.05,2025-03,2025-03-10/2025-03-16,0.1172625913110342
ORD-502542,2025-11-14,SKU-1024,Blender,Pro,Home & Kitchen,Aster Distribution,Online,Medan,Bank Transfer,1,59.17,0.0,59.17,59.17,44.96,14.21,2025-11,2025-11-10/2025-11-16,0.24015548419807337
ORD-502543,2025-12-12,SKU-1025,Desk Lamp,Standard,Home & Kitchen,Urban Source Ltd.,Online,Jakarta,Bank Transfer,3,104.17,0.05,312.51,296.88,235.8,61.08,2025-12,2025-12-08/2025-12-14,0.20573969280517382
ORD-502544,2025-05-22,SKU-1058,Water Bottle,Premium,Sports,Aster Distribution,Marketplace,Surabaya,Cash,2,48.14,0.05,96.28,91.47,72.04,19.43,2025-05,2025-05-19/2025-05-25,0.2124193724718487
ORD-502545,2025-08-23,SKU-1057,Water Bottle,Standard,Sports,Nova Supply Co.,Online,Medan,E-Wallet,2,33.1,0.0,66.2,66.2,36.62,29.58,2025-08,2025-08-18/2025-08-24,0.4468277945619335
ORD-502546,2025-09-15,SKU-1002,Bluetooth Speaker,Premium,Electronics,Nova Supply Co.,Wholesale,Jakarta,Bank Transfer,1,110.05,0.0,110.05,110.05,87.34,22.71,2025-09,2025-09-15/2025-09-21,0.20636074511585645
ORD-502547,2025-10-18,SKU-1005,Wireless Earbuds,Premium,Electronics,Aster Distribution,Online,Medan,Card,1,102.99,0.2,102.99,82.39,60.73,21.66,2025-10,2025-10-13/2025-10-19,0.26289598252215074
ORD-502548,2025-09-20,SKU-1036,Monitor Stand,Premium,Office,Nova Supply Co.,Retail Store,Semarang,Bank Transfer,1,158.85,0.15,158.85,135.02,110.27,24.75,2025-09,2025-09-15/2025-09-21,0.183306176862687
ORD-502549,2025-01-22,SKU-1061,Running Belt,Premium,Sports,Aster Distribution,Online,Surabaya,Cash,1,76.7,0.05,76.7,72.86,43.71,29.15,2025-01,2025-01-20/2025-01-26,0.400082349711776
ORD-502550,2025-04-16,SKU-1019,Electric Kettle,Standard,Home & Kitchen,Nova Supply Co.,Marketplace,Yogyakarta,Card,1,88.16,0.0,88.16,88.16,53.02,35.14,2025-04,2025-04-14/2025-04-20,0.3985934664246824
ORD-502551,2025-02-09,SKU-1036,Monitor Stand,Premium,Office,Nova Supply Co.,Online,Makassar,E-Wallet,1,158.85,0.0,158.85,158.85,110.27,48.58,2025-02,2025-02-03/2025-02-09,0.3058231035568146
ORD-502552,2025-10-23,SKU-1010,USB-C Hub,Standard,Electronics,Peak Imports,Online,Jakarta,E-Wallet,1,23.78,0.0,23.78,23.78,18.47,5.31,2025-10,2025-10-20/2025-10-26,0.22329688814129517
ORD-502553,2025-06-27,SKU-1005,Wireless Earbuds,Premium,Electronics,Aster Distribution,Marketplace,Jakarta,Bank Transfer,1,102.99,0.0,102.99,102.99,60.73,42.26,2025-06,2025-06-23/2025-06-29,0.4103311001068065
ORD-502554,2025-08-27,SKU-1008,Power Bank,Premium,Electronics,Peak Imports,Retail Store,Bandung,Bank Transfer,1,64.8,0.05,64.8,61.56,35.52,26.04,2025-08,2025-08-25/2025-08-31,0.42300194931773877
ORD-502555,2025-08-20,SKU-1050,Makeup Brush Set,Premium,Beauty,Peak Imports,Retail Store,Bandung,Card,1,37.2,0.15,37.2,31.62,25.93,5.69,2025-08,2025-08-18/2025-08-24,0.17994939911448452
ORD-502556,2025-10-04,SKU-1037,Desk Organizer,Standard,Office,Nova Supply Co.,Online,Yogyakarta,E-Wallet,1,24.82,0.0,24.82,24.82,14.08,10.74,2025-10,2025-09-29/2025-10-05,0.43271555197421435
ORD-502557,2025-06-26,SKU-1053,Yoga Mat,Pro,Sports,Brightline Wholesale,Retail Store,Surabaya,Card,1,30.37,0.1,30.37,27.33,19.3,8.03,2025-06,2025-06-23/2025-06-29,0.2938163190633004
ORD-502558,2025-05-02,SKU-1030,Storage Box,Pro,Home & Kitchen,Urban Source Ltd.,Marketplace,Jakarta,Cash,1,61.88,0.0,61.88,61.88,47.95,13.93,2025-05,2025-04-28/2025-05-04,0.22511312217194568
ORD-502559,2025-07-01,SKU-1042,Face Cleanser,Premium,Beauty,Peak Imports,Online,Yogyakarta,Bank Transfer,2,31.12,0.05,62.24,59.13,50.32,8.81,2025-07,2025-06-30/2025-07-06,0.14899374260104853
ORD-502560,2025-05-06,SKU-1046,Moisturizer,Premium,Beauty,Peak Imports,Online,Jakarta,Card,1,8.32,0.0,8.32,8.32,4.59,3.73,2025-05,2025-05-05/2025-05-11,0.44831730769230765
ORD-502561,2025-06-23,SKU-1057,Water Bottle,Standard,Sports,Nova Supply Co.,Online,Surabaya,E-Wallet,1,33.1,0.05,33.1,31.44,18.31,13.13,2025-06,2025-06-23/2025-06-29,0.4176208651399491
ORD-502562,2025-01-05,SKU-1010,USB-C Hub,Standard,Electronics,Peak Imports,Online,Makassar,Bank Transfer,1,23.78,0.15,23.78,20.21,18.47,1.74,2025-01,2024-12-30/2025-01-05,0.08609599208312715
ORD-502563,2025-10-20,SKU-1012,USB-C Hub,Pro,Electronics,Nova Supply Co.,Online,Bandung,Card,3,66.9,0.1,200.7,180.63,138.18,42.45,2025-10,2025-10-20/2025-10-26,0.23501079554891216
ORD-502564,2025-11-26,SKU-1011,USB-C Hub,Premium,Electronics,Urban Source Ltd.,Online,Semarang,Card,1,116.31,0.15,116.31,98.86,63.87,34.99,2025-11,2025-11-24/2025-11-30,0.3539348573740644
ORD-502565,2025-05-10,SKU-1043,Sunscreen,Standard,Beauty,Brightline Wholesale,Marketplace,Yogyakarta,Bank Transfer,1,26.13,0.0,26.13,26.13,20.37,5.76,2025-05,2025-05-05/2025-05-11,0.22043628013777267
ORD-502566,2025-07-24,SKU-1007,Power Bank,Standard,Electronics,Nova Supply Co.,Marketplace,Semarang,Bank Transfer,2,127.25,0.0,254.5,254.5,163.68,90.82,2025-07,2025-07-21/2025-07-27,0.35685658153241645
ORD-502567,2025-03-21,SKU-1044,Sunscreen,Premium,Beauty,Nova Supply Co.,Online,Bandung,Card,1,41.08,0.0,41.08,41.08,31.72,9.36,2025-03,2025-03-17/2025-03-23,0.22784810126582278
ORD-502568,2025-01-20,SKU-1025,Desk Lamp,Standard,Home & Kitchen,Urban Source Ltd.,Online,Makassar,Bank Transfer,1,104.17,0.05,104.17,98.96,78.6,20.36,2025-01,2025-01-20/2025-01-26,0.20573969280517382
ORD-502569,2025-05-24,SKU-1006,Wireless Earbuds,Pro,Electronics,Aster Distribution,Retail Store,Bandung,Card,1,48.0,0.0,48.0,48.0,31.91,16.09,2025-05,2025-05-19/2025-05-25,0.33520833333333333
ORD-502570,2025-03-15,SKU-1008,Power Bank,Premium,Electronics,Peak Imports,Online,Surabaya,Cash,2,64.8,0.0,129.6,129.6,71.04,58.56,2025-03,2025-03-10/2025-03-16,0.4518518518518519
ORD-502571,2025-12-03,SKU-1048,Hair Dryer,Premium,Beauty,Urban Source Ltd.,Online,Jakarta,E-Wallet,1,35.46,0.1,35.46,31.91,19.77,12.14,2025-12,2025-12-01/2025-12-07,0.3804450015669069
ORD-502572,2025-04-12,SKU-1040,Office Chair,Premium,Office,Brightline Wholesale,Online,Yogyakarta,Bank Transfer,1,159.4,0.2,159.4,127.52,111.42,16.1,2025-04,2025-04-07/2025-04-13,0.1262547051442911
ORD-502573,2025-09-01,SKU-1036,Monitor Stand,Premium,Office,Nova Supply Co.,Retail Store,Jakarta,Card,1,158.85,0.05,158.85,150.91,110.27,40.64,2025-09,2025-09-01/2025-09-07,0.26929958253263536
ORD-502574,2025-12-16,SKU-1061,Running Belt,Premium,Sports,Aster Distribution,Online,Jakarta,E-Wallet,1,76.7,0.1,76.7,69.03,43.71,25.32,2025-12,2025-12-15/2025-12-21,0.36679704476314645
ORD-502575,2025-07-21,SKU-1040,Office Chair,Premium,Office,Brightline Wholesale,Marketplace,Jakarta,Card,2,159.4,0.2,318.8,255.04,222.84,32.2,2025-07,2025-07-21/2025-07-27,0.1262547051442911
ORD-502576,2025-03-22,SKU-1010,USB-C Hub,Standard,Electronics,Peak Imports,Marketplace,Yogyakarta,Card,1,23.78,0.0,23.78,23.78,18.47,5.31,2025-03,2025-03-17/2025-03-23,0.22329688814129517
ORD-502577,2025-08-16,SKU-1026,Desk Lamp,Premium,Home & Kitchen,Peak Imports,Online,Bandung,Card,1,42.39,0.0,42.39,42.39,31.28,11.11,2025-08,2025-08-11/2025-08-17,0.2620901155933003
ORD-502578,2025-06-15,SKU-1056,Resistance Bands,Pro,Sports,Nova Supply Co.,Online,Bandung,E-Wallet,1,37.19,0.0,37.19,37.19,21.86,15.33,2025-06,2025-06-09/2025-06-15,0.4122075826835171
ORD-502579,2025-05-12,SKU-1010,USB-C Hub,Standard,Electronics,Peak Imports,Online,Jakarta,Bank Transfer,1,23.78,0.1,23.78,21.4,18.47,2.93,2025-05,2025-05-12/2025-05-18,0.1369158878504673
ORD-502580,2025-11-30,SKU-1057,Water Bottle,Standard,Sports,Nova Supply Co.,Marketplace,Bandung,Card,1,33.1,0.15,33.1,28.14,18.31,9.83,2025-11,2025-11-24/2025-11-30,0.34932480454868514
ORD-502581,2025-07-05,SKU-1006,Wireless Earbuds,Pro,Electronics,Aster Distribution,Online,Bandung,E-Wallet,1,48.0,0.0,48.0,48.0,31.91,16.09,2025-07,2025-06-30/2025-07-06,0.33520833333333333
ORD-502582,2025-06-18,SKU-1035,Monitor Stand,Standard,Office,Brightline Wholesale,Wholesale,Jakarta,E-Wallet,1,61.43,0.0,61.43,61.43,33.7,27.73,2025-06,2025-06-16/2025-06-22,0.45140810678821425
ORD-502583,2025-09-27,SKU-1037,Desk Organizer,Standard,Office,Nova Supply Co.,Wholesale,Yogyakarta,Card,2,24.82,0.0,49.64,49.64,28.16,21.48,2025-09,2025-09-22/2025-09-28,0.43271555197421435
ORD-502584,2025-07-24,SKU-1029,Storage Box,Premium,Home & Kitchen,Aster Distribution,Wholesale,Medan,Cash,1,14.45,0.05,14.45,13.73,11.48,2.25,2025-07,2025-07-21/2025-07-27,0.1638747268754552
ORD-502585,2025-09-19,SKU-1026,Desk Lamp,Premium,Home & Kitchen,Peak Imports,Marketplace,Semarang,Cash,3,42.39,0.0,127.17,127.17,93.84,33.33,2025-09,2025-09-15/2025-09-21,0.2620901155933003
ORD-502586,2025-09-23,SKU-1054,Resistance Bands,Standard,Sports,Peak Imports,Marketplace,Bandung,E-Wallet,1,67.42,0.0,67.42,67.42,53.25,14.17,2025-09,2025-09-22/2025-09-28,0.21017502224859091
ORD-502587,2025-06-13,SKU-1012,USB-C Hub,Pro,Electronics,Nova Supply Co.,Retail Store,Bandung,Bank Transfer,2,66.9,0.05,133.8,127.11,92.12,34.99,2025-06,2025-06-09/2025-06-15,0.2752733852568641
ORD-502588,2025-02-26,SKU-1036,Monitor Stand,Premium,Office,Nova Supply Co.,Marketplace,Bandung,E-Wallet,1,158.85,0.0,158.85,158.85,110.27,48.58,2025-02,2025-02-24/2025-03-02,0.3058231035568146
ORD-502589,2025-06-22,SKU-1060,Running Belt,Standard,Sports,Nova Supply Co.,Marketplace,Bandung,E-Wallet,4,84.42,0.0,337.68,337.68,192.6,145.08,2025-06,2025-06-16/2025-06-22,0.42963752665245203
ORD-502590,2025-12-09,SKU-1010,USB-C Hub,Standard,Electronics,Peak Imports,Online,Medan,Cash,1,23.78,0.15,23.78,20.21,18.47,1.74,2025-12,2025-12-08/2025-12-14,0.08609599208312715
ORD-502591,2025-05-10,SKU-1034,Gel Pen Set,Premium,Office,Aster Distribution,Online,Medan,Bank Transfer,1,211.77,0.15,211.77,180.0,119.78,60.22,2025-05,2025-05-05/2025-05-11,0.33455555555555555
ORD-502592,2025-12-04,SKU-1009,Power Bank,Pro,Electronics,Nova Supply Co.,Online,Makassar,Bank Transfer,2,120.75,0.0,241.5,241.5,184.86,56.64,2025-12,2025-12-01/2025-12-07,0.23453416149068324
ORD-502593,2025-03-08,SKU-1053,Yoga Mat,Pro,Sports,Brightline Wholesale,Marketplace,Jakarta,E-Wallet,1,30.37,0.1,30.37,27.33,19.3,8.03,2025-03,2025-03-03/2025-03-09,0.2938163190633004
ORD-502594,2025-01-29,SKU-1053,Yoga Mat,Pro,Sports,Brightline Wholesale,Online,Jakarta,Card,1,30.37,0.05,30.37,28.85,19.3,9.55,2025-01,2025-01-27/2025-02-02,0.3310225303292894
ORD-502595,2025-07-03,SKU-1035,Monitor Stand,Standard,Office,Brightline Wholesale,Online,Yogyakarta,E-Wallet,2,61.43,0.1,122.86,110.57,67.4,43.17,2025-07,2025-06-30/2025-07-06,0.39043140092249257
ORD-502596,2025-05-20,SKU-1031,Notebook,Standard,Office,Brightline Wholesale,Wholesale,Makassar,E-Wallet,2,36.9,0.0,73.8,73.8,46.12,27.68,2025-05,2025-05-19/2025-05-25,0.3750677506775068
ORD-502597,2025-06-29,SKU-1011,USB-C Hub,Premium,Electronics,Urban Source Ltd.,Online,Semarang,Bank Transfer,1,116.31,0.0,116.31,116.31,63.87,52.44,2025-06,2025-06-23/2025-06-29,0.4508640701573381
ORD-502598,2025-01-27,SKU-1041,Face Cleanser,Standard,Beauty,Brightline Wholesale,Marketplace,Yogyakarta,E-Wallet,2,40.88,0.1,81.76,73.58,52.16,21.42,2025-01,2025-01-27/2025-02-02,0.29111171513998374
ORD-502599,2025-04-18,SKU-1047,Hair Dryer,Standard,Beauty,Nova Supply Co.,Online,Jakarta,Bank Transfer,1,52.4,0.0,52.4,52.4,41.75,10.65,2025-04,2025-04-14/2025-04-20,0.20324427480916032
ORD-502600,2025-05-25,SKU-1035,Monitor Stand,Standard,Office,Brightline Wholesale,Online,Jakarta,E-Wallet,2,61.43,0.1,122.86,110.57,67.4,43.17,2025-05,2025-05-19/2025-05-25,0.39043140092249257
ORD-502601,2025-09-23,SKU-1036,Monitor Stand,Premium,Office,Nova Supply Co.,Retail Store,Semarang,Card,3,158.85,0.15,476.55,405.07,330.81,74.26,2025-09,2025-09-22/2025-09-28,0.183326338657516
ORD-502602,2025-11-30,SKU-1037,Desk Organizer,Standard,Office,Nova Supply Co.,Marketplace,Semarang,E-Wallet,2,24.82,0.0,49.64,49.64,28.16,21.48,2025-11,2025-11-24/2025-11-30,0.43271555197421435
ORD-502603,2025-12-20,SKU-1012,USB-C Hub,Pro,Electronics,Nova Supply Co.,Online,Bandung,E-Wallet,1,66.9,0.15,66.9,56.86,46.06,10.8,2025-12,2025-12-15/2025-12-21,0.18994020400984876
ORD-502604,2025-06-26,SKU-1026,Desk Lamp,Premium,Home & Kitchen,Peak Imports,Online,Yogyakarta,Card,1,42.39,0.15,42.39,36.03,31.28,4.75,2025-06,2025-06-23/2025-06-29,0.131834582292534
ORD-502605,2025-02-06,SKU-1046,Moisturizer,Premium,Beauty,Peak Imports,Online,Medan,Card,1,8.32,0.0,8.32,8.32,4.59,3.73,2025-02,2025-02-03/2025-02-09,0.44831730769230765
ORD-502606,2025-02-11,SKU-1034,Gel Pen Set,Premium,Office,Aster Distribution,Online,Jakarta,E-Wallet,1,211.77,0.15,211.77,180.0,119.78,60.22,2025-02,2025-02-10/2025-02-16,0.33455555555555555
ORD-502607,2025-04-29,SKU-1012,USB-C Hub,Pro,Electronics,Nova Supply Co.,Retail Store,Yogyakarta,Card,1,66.9,0.0,66.9,66.9,46.06,20.84,2025-04,2025-04-28/2025-05-04,0.3115097159940209
ORD-502608,2025-08-23,SKU-1036,Monitor Stand,Premium,Office,Nova Supply Co.,Online,Semarang,Card,2,158.85,0.05,317.7,301.82,220.54,81.28,2025-08,2025-08-18/2025-08-24,0.26929958253263536
ORD-502609,2025-06-07,SKU-1042,Face Cleanser,Premium,Beauty,Peak Imports,Marketplace,Jakarta,Card,2,31.12,0.05,62.24,59.13,50.32,8.81,2025-06,2025-06-02/2025-06-08,0.14899374260104853
ORD-502610,2025-04-12,SKU-1012,USB-C Hub,Pro,Electronics,Nova Supply Co.,Online,Bandung,E-Wallet,1,66.9,0.1,66.9,60.21,46.06,14.15,2025-04,2025-04-07/2025-04-13,0.23501079554891213
ORD-502611,2025-08-08,SKU-1021,Electric Kettle,Pro,Home & Kitchen,Aster Distribution,Marketplace,Bandung,Bank Transfer,1,84.19,0.0,84.19,84.19,57.93,26.26,2025-08,2025-08-04/2025-08-10,0.31191352892267493
ORD-502612,2025-02-18,SKU-1053,Yoga Mat,Pro,Sports,Brightline Wholesale,Online,Yogyakarta,E-Wallet,1,30.37,0.0,30.37,30.37,19.3,11.07,2025-02,2025-02-17/2025-02-23,0.3645044451761607
ORD-502613,2025-04-12,SKU-1048,Hair Dryer,Premium,Beauty,Urban Source Ltd.,Online,Surabaya,E-Wallet,1,35.46,0.0,35.46,35.46,19.77,15.69,2025-04,2025-04-07/2025-04-13,0.44247038917089676
ORD-502614,2025-04-01,SKU-1035,Monitor Stand,Standard,Office,Brightline Wholesale,Marketplace,Makassar,Bank Transfer,2,61.43,0.1,122.86,110.57,67.4,43.17,2025-04,2025-03-31/2025-04-06,0.39043140092249257
ORD-502615,2025-03-23,SKU-1028,Storage Box,Standard,Home & Kitchen,Nova Supply Co.,Retail Store,Jakarta,E-Wallet,2,55.89,0.05,111.78,106.19,66.18,40.01,2025-03,2025-03-17/2025-03-23,0.37677747433844994
ORD-502616,2025-07-27,SKU-1055,Resistance Bands,Premium,Sports,Aster Distribution,Retail Store,Makassar,Cash,1,26.5,0.1,26.5,23.85,21.45,2.4,2025-07,2025-07-21/2025-07-27,0.10062893081761005
ORD-502617,2025-11-05,SKU-1057,Water Bottle,Standard,Sports,Nova Supply Co.,Marketplace,Jakarta,Bank Transfer,2,33.1,0.0,66.2,66.2,36.62,29.58,2025-11,2025-11-03/2025-11-09,0.4468277945619335
ORD-502618,2025-03-07,SKU-1056,Resistance Bands,Pro,Sports,Nova Supply Co.,Online,Surabaya,E-Wallet,1,37.19,0.15,37.19,31.61,21.86,9.75,2025-03,2025-03-03/2025-03-09,0.3084466940841506
ORD-502619,2025-01-23,SKU-1012,USB-C Hub,Pro,Electronics,Nova Supply Co.,Online,Medan,Card,1,66.9,0.1,66.9,60.21,46.06,14.15,2025-01,2025-01-20/2025-01-26,0.23501079554891213
ORD-502620,2025-06-16,SKU-1012,USB-C Hub,Pro,Electronics,Nova Supply Co.,Online,Surabaya,Card,2,66.9,0.05,133.8,127.11,92.12,34.99,2025-06,2025-06-16/2025-06-22,0.2752733852568641
ORD-502621,2025-05-07,SKU-1030,Storage Box,Pro,Home & Kitchen,Urban Source Ltd.,Online,Jakarta,E-Wallet,2,61.88,0.1,123.76,111.38,95.9,15.48,2025-05,2025-05-05/2025-05-11,0.13898365954390376
ORD-502622,2025-01-18,SKU-1010,USB-C Hub,Standard,Electronics,Peak Imports,Marketplace,Surabaya,Cash,1,23.78,0.1,23.78,21.4,18.47,2.93,2025-01,2025-01-13/2025-01-19,0.1369158878504673
ORD-502623,2025-06-25,SKU-1031,Notebook,Standard,Office,Brightline Wholesale,Wholesale,Yogyakarta,E-Wallet,1,36.9,0.0,36.9,36.9,23.06,13.84,2025-06,2025-06-23/2025-06-29,0.3750677506775068
ORD-502624,2025-07-05,SKU-1024,Blender,Pro,Home & Kitchen,Aster Distribution,Marketplace,Semarang,E-Wallet,1,59.17,0.15,59.17,50.29,44.96,5.33,2025-07,2025-06-30/2025-07-06,0.10598528534499901
ORD-502625,2025-09-10,SKU-1009,Power Bank,Pro,Electronics,Nova Supply Co.,Online,Jakarta,Cash,2,120.75,0.0,241.5,241.5,184.86,56.64,2025-09,2025-09-08/2025-09-14,0.23453416149068324
ORD-502626,2025-03-29,SKU-1009,Power Bank,Pro,Electronics,Nova Supply Co.,Online,Medan,Card,1,120.75,0.05,120.75,114.71,92.43,22.28,2025-03,2025-03-24/2025-03-30,0.19422892511550868
ORD-502627,2025-03-21,SKU-1018,Air Fryer,Pro,Home & Kitchen,Peak Imports,Online,Jakarta,Cash,3,12.8,0.0,38.4,38.4,23.04,15.36,2025-03,2025-03-17/2025-03-23,0.4
ORD-502628,2025-05-18,SKU-1057,Water Bottle,Standard,Sports,Nova Supply Co.,Marketplace,Surabaya,E-Wallet,1,33.1,0.0,33.1,33.1,18.31,14.79,2025-05,2025-05-12/2025-05-18,0.4468277945619335
ORD-502629,2025-03-04,SKU-1034,Gel Pen Set,Premium,Office,Aster Distribution,Marketplace,Semarang,E-Wallet,1,211.77,0.1,211.77,190.59,119.78,70.81,2025-03,2025-03-03/2025-03-09,0.37153051051996433
ORD-502630,2025-07-21,SKU-1010,USB-C Hub,Standard,Electronics,Peak Imports,Retail Store,Makassar,Card,1,23.78,0.0,23.78,23.78,18.47,5.31,2025-07,2025-07-21/2025-07-27,0.22329688814129517
ORD-502631,2025-05-14,SKU-1036,Monitor Stand,Premium,Office,Nova Supply Co.,Online,Yogyakarta,E-Wallet,1,158.85,0.15,158.85,135.02,110.27,24.75,2025-05,2025-05-12/2025-05-18,0.183306176862687
ORD-502632,2025-07-14,SKU-1005,Wireless Earbuds,Premium,Electronics,Aster Distribution,Marketplace,Semarang,E-Wallet,1,102.99,0.05,102.99,97.84,60.73,37.11,2025-07,2025-07-14/2025-07-20,0.3792927228127555
ORD-502633,2025-06-22,SKU-1020,Electric Kettle,Premium,Home & Kitchen,Peak Imports,Online,Surabaya,Bank Transfer,2,73.42,0.15,146.84,124.81,114.66,10.15,2025-06,2025-06-16/2025-06-22,0.08132361189007291
ORD-502634,2025-04-04,SKU-1010,USB-C Hub,Standard,Electronics,Peak Imports,Online,Medan,Cash,1,23.78,0.0,23.78,23.78,18.47,5.31,2025-04,2025-03-31/2025-04-06,0.22329688814129517
ORD-502635,2025-05-21,SKU-1042,Face Cleanser,Premium,Beauty,Peak Imports,Retail Store,Jakarta,Bank Transfer,3,31.12,0.05,93.36,88.69,75.48,13.21,2025-05,2025-05-19/2025-05-25,0.14894576615176458
ORD-502636,2025-12-28,SKU-1036,Monitor Stand,Premium,Office,Nova Supply Co.,Marketplace,Yogyakarta,E-Wallet,1,158.85,0.2,158.85,127.08,110.27,16.81,2025-12,2025-12-22/2025-12-28,0.13227887944601824
ORD-502637,2025-05-08,SKU-1009,Power Bank,Pro,Electronics,Nova Supply Co.,Marketplace,Yogyakarta,E-Wallet,1,120.75,0.05,120.75,114.71,92.43,22.28,2025-05,2025-05-05/2025-05-11,0.19422892511550868
ORD-502638,2025-04-12,SKU-1037,Desk Organizer,Standard,Office,Nova Supply Co.,Online,Surabaya,Bank Transfer,1,24.82,0.0,24.82,24.82,14.08,10.74,2025-04,2025-04-07/2025-04-13,0.43271555197421435
ORD-502639,2025-06-03,SKU-1053,Yoga Mat,Pro,Sports,Brightline Wholesale,Online,Bandung,Cash,1,30.37,0.15,30.37,25.81,19.3,6.51,2025-06,2025-06-02/2025-06-08,0.2522278186749322
ORD-502640,2025-06-21,SKU-1022,Blender,Standard,Home & Kitchen,Peak Imports,Marketplace,Bandung,Card,1,94.62,0.1,94.62,85.16,60.77,24.39,2025-06,2025-06-16/2025-06-22,0.2864020666979803
ORD-502641,2025-10-13,SKU-1038,Desk Organizer,Premium,Office,Urban Source Ltd.,Online,Yogyakarta,Bank Transfer,1,47.71,0.1,47.71,42.94,35.03,7.91,2025-10,2025-10-13/2025-10-19,0.1842105263157895
ORD-502642,2025-12-16,SKU-1060,Running Belt,Standard,Sports,Nova Supply Co.,Online,Medan,Bank Transfer,2,84.42,0.1,168.84,151.96,96.3,55.66,2025-12,2025-12-15/2025-12-21,0.36628060015793623
ORD-502643,2025-07-29,SKU-1019,Electric Kettle,Standard,Home & Kitchen,Nova Supply Co.,Online,Jakarta,Bank Transfer,2,88.16,0.1,176.32,158.69,106.04,52.65,2025-07,2025-07-28/2025-08-03,0.33177894007183817
ORD-502644,2025-08-19,SKU-1007,Power Bank,Standard,Electronics,Nova Supply Co.,Retail Store,Bandung,Card,2,127.25,0.0,254.5,254.5,163.68,90.82,2025-08,2025-08-18/2025-08-24,0.35685658153241645
ORD-502645,2025-12-17,SKU-1028,Storage Box,Standard,Home & Kitchen,Nova Supply Co.,Wholesale,Yogyakarta,Card,1,55.89,0.1,55.89,50.3,33.09,17.21,2025-12,2025-12-15/2025-12-21,0.3421471172962227
ORD-502646,2025-10-17,SKU-1053,Yoga Mat,Pro,Sports,Brightline Wholesale,Online,Semarang,E-Wallet,1,30.37,0.15,30.37,25.81,19.3,6.51,2025-10,2025-10-13/2025-10-19,0.2522278186749322
ORD-502647,2025-09-24,SKU-1015,Mechanical Keyboard,Pro,Electronics,Aster Distribution,Marketplace,Makassar,Card,1,110.43,0.1,110.43,99.39,80.89,18.5,2025-09,2025-09-22/2025-09-28,0.18613542609920514
ORD-502648,2025-08-02,SKU-1047,Hair Dryer,Standard,Beauty,Nova Supply Co.,Online,Semarang,Card,3,52.4,0.05,157.2,149.34,125.25,24.09,2025-08,2025-07-28/2025-08-03,0.16130976295701085
ORD-502649,2025-03-26,SKU-1001,Bluetooth Speaker,Standard,Electronics,Nova Supply Co.,Online,Yogyakarta,E-Wallet,2,120.16,0.05,240.32,228.3,167.54,60.76,2025-03,2025-03-24/2025-03-30,0.26614104248795445
ORD-502650,2025-02-05,SKU-1035,Monitor Stand,Standard,Office,Brightline Wholesale,Retail Store,Jakarta,Card,1,61.43,0.0,61.43,61.43,33.7,27.73,2025-02,2025-02-03/2025-02-09,0.45140810678821425
ORD-502651,2025-08-09,SKU-1057,Water Bottle,Standard,Sports,Nova Supply Co.,Online,Makassar,Card,1,33.1,0.0,33.1,33.1,18.31,14.79,2025-08,2025-08-04/2025-08-10,0.4468277945619335
ORD-502652,2025-04-13,SKU-1026,Desk Lamp,Premium,Home & Kitchen,Peak Imports,Retail Store,Bandung,E-Wallet,1,42.39,0.1,42.39,38.15,31.28,6.87,2025-04,2025-04-07/2025-04-13,0.1800786369593709
ORD-502653,2025-05-09,SKU-1014,Mechanical Keyboard,Premium,Electronics,Nova Supply Co.,Marketplace,Yogyakarta,Card,1,106.42,0.0,106.42,106.42,74.24,32.18,2025-05,2025-05-05/2025-05-11,0.3023867694042473
ORD-502654,2025-02-07,SKU-1061,Running Belt,Premium,Sports,Aster Distribution,Online,Bandung,Card,1,76.7,0.2,76.7,61.36,43.71,17.65,2025-02,2025-02-03/2025-02-09,0.28764667535853977
ORD-502655,2025-08-04,SKU-1043,Sunscreen,Standard,Beauty,Brightline Wholesale,Online,Medan,E-Wallet,1,26.13,0.05,26.13,24.82,20.37,4.45,2025-08,2025-08-04/2025-08-10,0.17929089443996776
ORD-502656,2025-04-29,SKU-1043,Sunscreen,Standard,Beauty,Brightline Wholesale,Marketplace,Jakarta,Card,1,26.13,0.15,26.13,22.21,20.37,1.84,2025-04,2025-04-28/2025-05-04,0.08284556506078343
ORD-502657,2025-10-16,SKU-1008,Power Bank,Premium,Electronics,Peak Imports,Retail Store,Jakarta,E-Wallet,1,64.8,0.0,64.8,64.8,35.52,29.28,2025-10,2025-10-13/2025-10-19,0.4518518518518519
ORD-502658,2025-04-11,SKU-1005,Wireless Earbuds,Premium,Electronics,Aster Distribution,Wholesale,Jakarta,E-Wallet,1,102.99,0.0,102.99,102.99,60.73,42.26,2025-04,2025-04-07/2025-04-13,0.4103311001068065
ORD-502659,2025-07-10,SKU-1019,Electric Kettle,Standard,Home & Kitchen,Nova Supply Co.,Online,Medan,Cash,1,88.16,0.0,88.16,88.16,53.02,35.14,2025-07,2025-07-07/2025-07-13,0.3985934664246824
ORD-502660,2025-07-29,SKU-1027,Desk Lamp,Pro,Home & Kitchen,Brightline Wholesale,Retail Store,Yogyakarta,E-Wallet,2,72.16,0.0,144.32,144.32,86.66,57.66,2025-07,2025-07-28/2025-08-03,0.3995288248337029
ORD-502661,2025-02-18,SKU-1018,Air Fryer,Pro,Home & Kitchen,Peak Imports,Online,Surabaya,E-Wallet,1,12.8,0.15,12.8,10.88,7.68,3.2,2025-02,2025-02-17/2025-02-23,0.29411764705882354
ORD-502662,2025-02-23,SKU-1031,Notebook,Standard,Office,Brightline Wholesale,Retail Store,Yogyakarta,Bank Transfer,2,36.9,0.1,73.8,66.42,46.12,20.3,2025-02,2025-02-17/2025-02-23,0.30563083408611863
ORD-502663,2025-05-03,SKU-1034,Gel Pen Set,Premium,Office,Aster Distribution,Wholesale,Semarang,E-Wallet,1,211.77,0.1,211.77,190.59,119.78,70.81,2025-05,2025-04-28/2025-05-04,0.37153051051996433
ORD-502664,2025-10-02,SKU-1041,Face Cleanser,Standard,Beauty,Brightline Wholesale,Online,Bandung,E-Wallet,1,40.88,0.1,40.88,36.79,26.08,10.71,2025-10,2025-09-29/2025-10-05,0.29111171513998374
ORD-502665,2025-01-26,SKU-1021,Electric Kettle,Pro,Home & Kitchen,Aster Distribution,Online,Surabaya,Bank Transfer,1,84.19,0.1,84.19,75.77,57.93,17.84,2025-01,2025-01-20/2025-01-26,0.2354493863006467
ORD-502666,2025-03-28,SKU-1040,Office Chair,Premium,Office,Brightline Wholesale,Marketplace,Yogyakarta,Card,1,159.4,0.0,159.4,159.4,111.42,47.98,2025-03,2025-03-24/2025-03-30,0.30100376411543284
ORD-502667,2025-10-23,SKU-1048,Hair Dryer,Premium,Beauty,Urban Source Ltd.,Marketplace,Yogyakarta,Card,1,35.46,0.0,35.46,35.46,19.77,15.69,2025-10,2025-10-20/2025-10-26,0.44247038917089676
ORD-502668,2025-04-05,SKU-1005,Wireless Earbuds,Premium,Electronics,Aster Distribution,Marketplace,Yogyakarta,E-Wallet,1,102.99,0.2,102.99,82.39,60.73,21.66,2025-04,2025-03-31/2025-04-06,0.26289598252215074
ORD-502669,2025-02-10,SKU-1057,Water Bottle,Standard,Sports,Nova Supply Co.,Marketplace,Semarang,E-Wallet,1,33.1,0.05,33.1,31.44,18.31,13.13,2025-02,2025-02-10/2025-02-16,0.4176208651399491
ORD-502670,2025-02-05,SKU-1061,Running Belt,Premium,Sports,Aster Distribution,Online,Jakarta,Cash,1,76.7,0.0,76.7,76.7,43.71,32.99,2025-02,2025-02-03/2025-02-09,0.4301173402868318
ORD-502671,2025-08-23,SKU-1065,Dumbbell Set,Pro,Sports,Urban Source Ltd.,Wholesale,Yogyakarta,Card,1,18.33,0.15,18.33,15.58,10.76,4.82,2025-08,2025-08-18/2025-08-24,0.3093709884467266
ORD-502672,2025-11-11,SKU-1046,Moisturizer,Premium,Beauty,Peak Imports,Online,Jakarta,Bank Transfer,3,8.32,0.0,24.96,24.96,13.77,11.19,2025-11,2025-11-10/2025-11-16,0.44831730769230765
ORD-502673,2025-08-17,SKU-1005,Wireless Earbuds,Premium,Electronics,Aster Distribution,Online,Surabaya,E-Wallet,2,102.99,0.0,205.98,205.98,121.46,84.52,2025-08,2025-08-11/2025-08-17,0.4103311001068065
ORD-502674,2025-08-01,SKU-1020,Electric Kettle,Premium,Home & Kitchen,Peak Imports,Online,Medan,Card,3,73.42,0.0,220.26,220.26,171.99,48.27,2025-08,2025-07-28/2025-08-03,0.21915009534186872
ORD-502675,2025-07-31,SKU-1061,Running Belt,Premium,Sports,Aster Distribution,Online,Yogyakarta,Cash,2,76.7,0.0,153.4,153.4,87.42,65.98,2025-07,2025-07-28/2025-08-03,0.4301173402868318
ORD-502676,2025-07-29,SKU-1024,Blender,Pro,Home & Kitchen,Aster Distribution,Wholesale,Yogyakarta,Cash,1,59.17,0.1,59.17,53.25,44.96,8.29,2025-07,2025-07-28/2025-08-03,0.15568075117370891
ORD-502677,2025-07-22,SKU-1046,Moisturizer,Premium,Beauty,Peak Imports,Marketplace,Bandung,Card,1,8.32,0.0,8.32,8.32,4.59,3.73,2025-07,2025-07-21/2025-07-27,0.44831730769230765
ORD-502678,2025-07-26,SKU-1019,Electric Kettle,Standard,Home & Kitchen,Nova Supply Co.,Online,Surabaya,E-Wallet,1,88.16,0.0,88.16,88.16,53.02,35.14,2025-07,2025-07-21/2025-07-27,0.3985934664246824
ORD-502679,2025-07-23,SKU-1042,Face Cleanser,Premium,Beauty,Peak Imports,Retail Store,Surabaya,Card,1,31.12,0.05,31.12,29.56,25.16,4.4,2025-07,2025-07-21/2025-07-27,0.14884979702300408
ORD-502680,2025-07-20,SKU-1019,Electric Kettle,Standard,Home & Kitchen,Nova Supply Co.,Retail Store,Bandung,Bank Transfer,1,88.16,0.05,88.16,83.75,53.02,30.73,2025-07,2025-07-14/2025-07-20,0.3669253731343284
ORD-502681,2025-08-17,SKU-1048,Hair Dryer,Premium,Beauty,Urban Source Ltd.,Marketplace,Yogyakarta,Card,1,35.46,0.05,35.46,33.69,19.77,13.92,2025-08,2025-08-11/2025-08-17,0.41317898486197685
ORD-502682,2025-10-07,SKU-1019,Electric Kettle,Standard,Home & Kitchen,Nova Supply Co.,Online,Jakarta,E-Wallet,2,88.16,0.1,176.32,158.69,106.04,52.65,2025-10,2025-10-06/2025-10-12,0.33177894007183817
ORD-502683,2025-08-30,SKU-1039,Office Chair,Standard,Office,Nova Supply Co.,Online,Jakarta,Bank Transfer,1,42.18,0.05,42.18,40.07,24.47,15.6,2025-08,2025-08-25/2025-08-31,0.38931869228849514
ORD-502684,2025-10-12,SKU-1010,USB-C Hub,Standard,Electronics,Peak Imports,Marketplace,Jakarta,E-Wallet,1,23.78,0.15,23.78,20.21,18.47,1.74,2025-10,2025-10-06/2025-10-12,0.08609599208312715
ORD-502685,2025-01-03,SKU-1037,Desk Organizer,Standard,Office,Nova Supply Co.,Marketplace,Jakarta,Cash,3,24.82,0.1,74.46,67.01,42.24,24.77,2025-01,2024-12-30/2025-01-05,0.3696463214445605
ORD-502686,2025-01-18,SKU-1008,Power Bank,Premium,Electronics,Peak Imports,Retail Store,Makassar,Card,1,64.8,0.0,64.8,64.8,35.52,29.28,2025-01,2025-01-13/2025-01-19,0.4518518518518519
ORD-502687,2025-04-18,SKU-1061,Running Belt,Premium,Sports,Aster Distribution,Online,Surabaya,Bank Transfer,1,76.7,0.1,76.7,69.03,43.71,25.32,2025-04,2025-04-14/2025-04-20,0.36679704476314645
ORD-502688,2025-12-05,SKU-1002,Bluetooth Speaker,Premium,Electronics,Nova Supply Co.,Online,Jakarta,E-Wallet,2,110.05,0.0,220.1,220.1,174.68,45.42,2025-12,2025-12-01/2025-12-07,0.20636074511585645
ORD-502689,2025-11-22,SKU-1017,Air Fryer,Premium,Home & Kitchen,Peak Imports,Marketplace,Jakarta,Bank Transfer,2,85.71,0.0,171.42,171.42,133.86,37.56,2025-11,2025-11-17/2025-11-23,0.21911095554777743
ORD-502690,2025-12-14,SKU-1038,Desk Organizer,Premium,Office,Urban Source Ltd.,Retail Store,Yogyakarta,Bank Transfer,1,47.71,0.15,47.71,40.55,35.03,5.52,2025-12,2025-12-08/2025-12-14,0.13612823674475955
ORD-502691,2025-12-15,SKU-1008,Power Bank,Premium,Electronics,Peak Imports,Marketplace,Semarang,E-Wallet,1,64.8,0.0,64.8,64.8,35.52,29.28,2025-12,2025-12-15/2025-12-21,0.4518518518518519
ORD-502692,2025-02-28,SKU-1014,Mechanical Keyboard,Premium,Electronics,Nova Supply Co.,Marketplace,Makassar,E-Wallet,1,106.42,0.15,106.42,90.46,74.24,16.22,2025-02,2025-02-24/2025-03-02,0.17930577050630112
ORD-502693,2025-08-23,SKU-1065,Dumbbell Set,Pro,Sports,Urban Source Ltd.,Marketplace,Medan,Bank Transfer,1,18.33,0.0,18.33,18.33,10.76,7.57,2025-08,2025-08-18/2025-08-24,0.4129841789416258
ORD-502694,2025-04-16,SKU-1011,USB-C Hub,Premium,Electronics,Urban Source Ltd.,Retail Store,Jakarta,Card,1,116.31,0.05,116.31,110.49,63.87,46.62,2025-04,2025-04-14/2025-04-20,0.42193863698072226
ORD-502695,2025-07-06,SKU-1002,Bluetooth Speaker,Premium,Electronics,Nova Supply Co.,Online,Jakarta,Bank Transfer,1,110.05,0.1,110.05,99.04,87.34,11.7,2025-07,2025-06-30/2025-07-06,0.11813408723747978
ORD-502696,2025-06-05,SKU-1008,Power Bank,Premium,Electronics,Peak Imports,Retail Store,Makassar,Card,1,64.8,0.15,64.8,55.08,35.52,19.56,2025-06,2025-06-02/2025-06-08,0.355119825708061
ORD-502697,2025-04-07,SKU-1005,Wireless Earbuds,Premium,Electronics,Aster Distribution,Online,Yogyakarta,Cash,2,102.99,0.05,205.98,195.68,121.46,74.22,2025-04,2025-04-07/2025-04-13,0.3792927228127555
ORD-502698,2025-08-19,SKU-1057,Water Bottle,Standard,Sports,Nova Supply Co.,Marketplace,Jakarta,Card,1,33.1,0.0,33.1,33.1,18.31,14.79,2025-08,2025-08-18/2025-08-24,0.4468277945619335
ORD-502699,2025-02-16,SKU-1014,Mechanical Keyboard,Premium,Electronics,Nova Supply Co.,Marketplace,Yogyakarta,Cash,2,106.42,0.0,212.84,212.84,148.48,64.36,2025-02,2025-02-10/2025-02-16,0.3023867694042473
ORD-502700,2025-08-13,SKU-1059,Water Bottle,Pro,Sports,Brightline Wholesale,Online,Bandung,Bank Transfer,1,21.51,0.0,21.51,21.51,17.37,4.14,2025-08,2025-08-11/2025-08-17,0.1924686192468619
ORD-502701,2025-12-25,SKU-1024,Blender,Pro,Home & Kitchen,Aster Distribution,Retail Store,Surabaya,E-Wallet,3,59.17,0.1,177.51,159.76,134.88,24.88,2025-12,2025-12-22/2025-12-28,0.1557336004006009
ORD-502702,2025-10-10,SKU-1006,Wireless Earbuds,Pro,Electronics,Aster Distribution,Online,Bandung,E-Wallet,2,48.0,0.0,96.0,96.0,63.82,32.18,2025-10,2025-10-06/2025-10-12,0.33520833333333333
ORD-502703,2025-06-18,SKU-1057,Water Bottle,Standard,Sports,Nova Supply Co.,Marketplace,Jakarta,Cash,1,33.1,0.0,33.1,33.1,18.31,14.79,2025-06,2025-06-16/2025-06-22,0.4468277945619335
ORD-502704,2025-11-13,SKU-1026,Desk Lamp,Premium,Home & Kitchen,Peak Imports,Retail Store,Surabaya,E-Wallet,2,42.39,0.0,84.78,84.78,62.56,22.22,2025-11,2025-11-10/2025-11-16,0.2620901155933003
ORD-502705,2025-01-07,SKU-1035,Monitor Stand,Standard,Office,Brightline Wholesale,Marketplace,Jakarta,E-Wallet,1,61.43,0.05,61.43,58.36,33.7,24.66,2025-01,2025-01-06/2025-01-12,0.42254969156956823
ORD-502706,2025-02-13,SKU-1021,Electric Kettle,Pro,Home & Kitchen,Aster Distribution,Retail Store,Semarang,E-Wallet,1,84.19,0.1,84.19,75.77,57.93,17.84,2025-02,2025-02-10/2025-02-16,0.2354493863006467
ORD-502707,2025-06-28,SKU-1009,Power Bank,Pro,Electronics,Nova Supply Co.,Online,Yogyakarta,Card,2,120.75,0.1,241.5,217.35,184.86,32.49,2025-06,2025-06-23/2025-06-29,0.1494824016563147
ORD-502708,2025-10-14,SKU-1019,Electric Kettle,Standard,Home & Kitchen,Nova Supply Co.,Wholesale,Semarang,E-Wallet,1,88.16,0.05,88.16,83.75,53.02,30.73,2025-10,2025-10-13/2025-10-19,0.3669253731343284
ORD-502709,2025-03-16,SKU-1061,Running Belt,Premium,Sports,Aster Distribution,Retail Store,Surabaya,Bank Transfer,1,76.7,0.15,76.7,65.2,43.71,21.49,2025-03,2025-03-10/2025-03-16,0.329601226993865
ORD-502710,2025-04-15,SKU-1056,Resistance Bands,Pro,Sports,Nova Supply Co.,Online,Yogyakarta,E-Wallet,1,37.19,0.05,37.19,35.33,21.86,13.47,2025-04,2025-04-14/2025-04-20,0.38126238324370226
ORD-502711,2025-12-19,SKU-1010,USB-C Hub,Standard,Electronics,Peak Imports,Retail Store,Jakarta,Bank Transfer,1,23.78,0.0,23.78,23.78,18.47,5.31,2025-12,2025-12-15/2025-12-21,0.22329688814129517
ORD-502712,2025-07-23,SKU-1003,Bluetooth Speaker,Pro,Electronics,Brightline Wholesale,Retail Store,Semarang,Card,1,118.47,0.05,118.47,112.55,71.07,41.48,2025-07,2025-07-21/2025-07-27,0.3685473123056419
ORD-502713,2025-07-07,SKU-1028,Storage Box,Standard,Home & Kitchen,Nova Supply Co.,Retail Store,Jakarta,E-Wallet,2,55.89,0.2,111.78,89.42,66.18,23.24,2025-07,2025-07-07/2025-07-13,0.2598971147394319
ORD-502714,2025-07-21,SKU-1019,Electric Kettle,Standard,Home & Kitchen,Nova Supply Co.,Online,Yogyakarta,E-Wallet,1,88.16,0.1,88.16,79.34,53.02,26.32,2025-07,2025-07-21/2025-07-27,0.3317368288379128
ORD-502715,2025-10-30,SKU-1026,Desk Lamp,Premium,Home & Kitchen,Peak Imports,Retail Store,Yogyakarta,E-Wallet,1,42.39,0.1,42.39,38.15,31.28,6.87,2025-10,2025-10-27/2025-11-02,0.1800786369593709
ORD-502716,2025-05-08,SKU-1028,Storage Box,Standard,Home & Kitchen,Nova Supply Co.,Online,Semarang,Cash,1,55.89,0.05,55.89,53.1,33.09,20.01,2025-05,2025-05-05/2025-05-11,0.37683615819209043
ORD-502717,2025-03-20,SKU-1024,Blender,Pro,Home & Kitchen,Aster Distribution,Retail Store,Bandung,E-Wallet,1,59.17,0.0,59.17,59.17,44.96,14.21,2025-03,2025-03-17/2025-03-23,0.24015548419807337
ORD-502718,2025-04-06,SKU-1060,Running Belt,Standard,Sports,Nova Supply Co.,Online,Semarang,Card,1,84.42,0.0,84.42,84.42,48.15,36.27,2025-04,2025-03-31/2025-04-06,0.42963752665245203
ORD-502719,2025-05-18,SKU-1057,Water Bottle,Standard,Sports,Nova Supply Co.,Retail Store,Bandung,Card,1,33.1,0.05,33.1,31.44,18.31,13.13,2025-05,2025-05-12/2025-05-18,0.4176208651399491
ORD-502720,2025-05-29,SKU-1053,Yoga Mat,Pro,Sports,Brightline Wholesale,Retail Store,Medan,Bank Transfer,1,30.37,0.1,30.37,27.33,19.3,8.03,2025-05,2025-05-26/2025-06-01,0.2938163190633004
ORD-502721,2025-11-18,SKU-1003,Bluetooth Speaker,Pro,Electronics,Brightline Wholesale,Retail Store,Semarang,E-Wallet,2,118.47,0.0,236.94,236.94,142.14,94.8,2025-11,2025-11-17/2025-11-23,0.40010129146619394
ORD-502722,2025-08-02,SKU-1057,Water Bottle,Standard,Sports,Nova Supply Co.,Online,Jakarta,Bank Transfer,1,33.1,0.0,33.1,33.1,18.31,14.79,2025-08,2025-07-28/2025-08-03,0.4468277945619335
ORD-502723,2025-11-14,SKU-1009,Power Bank,Pro,Electronics,Nova Supply Co.,Online,Jakarta,Card,3,120.75,0.0,362.25,362.25,277.29,84.96,2025-11,2025-11-10/2025-11-16,0.2345341614906832
ORD-502724,2025-09-02,SKU-1036,Monitor Stand,Premium,Office,Nova Supply Co.,Retail Store,Makassar,Card,1,158.85,0.1,158.85,142.96,110.27,32.69,2025-09,2025-09-01/2025-09-07,0.22866536094012307
ORD-502725,2025-02-19,SKU-1036,Monitor Stand,Premium,Office,Nova Supply Co.,Marketplace,Medan,Bank Transfer,1,158.85,0.05,158.85,150.91,110.27,40.64,2025-02,2025-02-17/2025-02-23,0.26929958253263536
ORD-502726,2025-11-29,SKU-1024,Blender,Pro,Home & Kitchen,Aster Distribution,Wholesale,Jakarta,Cash,1,59.17,0.0,59.17,59.17,44.96,14.21,2025-11,2025-11-24/2025-11-30,0.24015548419807337
ORD-502727,2025-11-09,SKU-1056,Resistance Bands,Pro,Sports,Nova Supply Co.,Online,Yogyakarta,Cash,1,37.19,0.1,37.19,33.47,21.86,11.61,2025-11,2025-11-03/2025-11-09,0.3468778010158351
ORD-502728,2025-11-20,SKU-1029,Storage Box,Premium,Home & Kitchen,Aster Distribution,Online,Yogyakarta,Card,1,14.45,0.05,14.45,13.73,11.48,2.25,2025-11,2025-11-17/2025-11-23,0.1638747268754552
ORD-502729,2025-03-23,SKU-1024,Blender,Pro,Home & Kitchen,Aster Distribution,Online,Yogyakarta,E-Wallet,1,59.17,0.05,59.17,56.21,44.96,11.25,2025-03,2025-03-17/2025-03-23,0.20014232342999466
ORD-502730,2025-06-05,SKU-1014,Mechanical Keyboard,Premium,Electronics,Nova Supply Co.,Marketplace,Yogyakarta,E-Wallet,1,106.42,0.0,106.42,106.42,74.24,32.18,2025-06,2025-06-02/2025-06-08,0.3023867694042473
ORD-502731,2025-11-14,SKU-1024,Blender,Pro,Home & Kitchen,Aster Distribution,Online,Jakarta,Card,1,59.17,0.05,59.17,56.21,44.96,11.25,2025-11,2025-11-10/2025-11-16,0.20014232342999466
ORD-502732,2025-09-09,SKU-1006,Wireless Earbuds,Pro,Electronics,Aster Distribution,Marketplace,Semarang,Cash,1,48.0,0.0,48.0,48.0,31.91,16.09,2025-09,2025-09-08/2025-09-14,0.33520833333333333
ORD-502733,2025-07-07,SKU-1012,USB-C Hub,Pro,Electronics,Nova Supply Co.,Marketplace,Bandung,Bank Transfer,1,66.9,0.0,66.9,66.9,46.06,20.84,2025-07,2025-07-07/2025-07-13,0.3115097159940209
ORD-502734,2025-05-15,SKU-1007,Power Bank,Standard,Electronics,Nova Supply Co.,Retail Store,Semarang,Bank Transfer,1,127.25,0.0,127.25,127.25,81.84,45.41,2025-05,2025-05-12/2025-05-18,0.35685658153241645
ORD-502735,2025-10-27,SKU-1036,Monitor Stand,Premium,Office,Nova Supply Co.,Retail Store,Semarang,Card,1,158.85,0.2,158.85,127.08,110.27,16.81,2025-10,2025-10-27/2025-11-02,0.13227887944601824
ORD-502736,2025-09-12,SKU-1027,Desk Lamp,Pro,Home & Kitchen,Brightline Wholesale,Marketplace,Bandung,Card,1,72.16,0.1,72.16,64.94,43.33,21.61,2025-09,2025-09-08/2025-09-14,0.3327687095780721
ORD-502737,2025-05-27,SKU-1036,Monitor Stand,Premium,Office,Nova Supply Co.,Online,Surabaya,E-Wallet,1,158.85,0.2,158.85,127.08,110.27,16.81,2025-05,2025-05-26/2025-06-01,0.13227887944601824
ORD-502738,2025-12-17,SKU-1009,Power Bank,Pro,Electronics,Nova Supply Co.,Marketplace,Jakarta,E-Wallet,3,120.75,0.0,362.25,362.25,277.29,84.96,2025-12,2025-12-15/2025-12-21,0.2345341614906832
ORD-502739,2025-08-09,SKU-1002,Bluetooth Speaker,Premium,Electronics,Nova Supply Co.,Marketplace,Bandung,Bank Transfer,1,110.05,0.0,110.05,110.05,87.34,22.71,2025-08,2025-08-04/2025-08-10,0.20636074511585645
ORD-502740,2025-04-13,SKU-1018,Air Fryer,Pro,Home & Kitchen,Peak Imports,Retail Store,Jakarta,E-Wallet,3,12.8,0.05,38.4,36.48,23.04,13.44,2025-04,2025-04-07/2025-04-13,0.368421052631579
ORD-502741,2025-07-17,SKU-1001,Bluetooth Speaker,Standard,Electronics,Nova Supply Co.,Marketplace,Surabaya,E-Wallet,2,120.16,0.1,240.32,216.29,167.54,48.75,2025-07,2025-07-14/2025-07-20,0.22539183503629387
ORD-502742,2025-12-17,SKU-1036,Monitor Stand,Premium,Office,Nova Supply Co.,Online,Jakarta,Cash,2,158.85,0.05,317.7,301.82,220.54,81.28,2025-12,2025-12-15/2025-12-21,0.26929958253263536
ORD-502743,2025-12-11,SKU-1057,Water Bottle,Standard,Sports,Nova Supply Co.,Retail Store,Jakarta,Bank Transfer,1,33.1,0.1,33.1,29.79,18.31,11.48,2025-12,2025-12-08/2025-12-14,0.38536421617992617
ORD-502744,2025-03-30,SKU-1026,Desk Lamp,Premium,Home & Kitchen,Peak Imports,Online,Medan,E-Wallet,1,42.39,0.0,42.39,42.39,31.28,11.11,2025-03,2025-03-24/2025-03-30,0.2620901155933003
ORD-502745,2025-10-02,SKU-1047,Hair Dryer,Standard,Beauty,Nova Supply Co.,Retail Store,Surabaya,E-Wallet,1,52.4,0.0,52.4,52.4,41.75,10.65,2025-10,2025-09-29/2025-10-05,0.20324427480916032
ORD-502746,2025-08-17,SKU-1056,Resistance Bands,Pro,Sports,Nova Supply Co.,Marketplace,Semarang,Bank Transfer,1,37.19,0.1,37.19,33.47,21.86,11.61,2025-08,2025-08-11/2025-08-17,0.3468778010158351
ORD-502747,2025-11-28,SKU-1024,Blender,Pro,Home & Kitchen,Aster Distribution,Online,Makassar,Cash,2,59.17,0.0,118.34,118.34,89.92,28.42,2025-11,2025-11-24/2025-11-30,0.24015548419807337
ORD-502748,2025-06-29,SKU-1024,Blender,Pro,Home & Kitchen,Aster Distribution,Retail Store,Jakarta,E-Wallet,1,59.17,0.0,59.17,59.17,44.96,14.21,2025-06,2025-06-23/2025-06-29,0.24015548419807337
ORD-502749,2025-11-27,SKU-1022,Blender,Standard,Home & Kitchen,Peak Imports,Online,Medan,Bank Transfer,2,94.62,0.0,189.24,189.24,121.54,67.7,2025-11,2025-11-24/2025-11-30,0.3577467765800042
ORD-502750,2025-05-31,SKU-1007,Power Bank,Standard,Electronics,Nova Supply Co.,Online,Jakarta,Card,1,127.25,0.0,127.25,127.25,81.84,45.41,2025-05,2025-05-26/2025-06-01,0.35685658153241645
ORD-502751,2025-12-31,SKU-1006,Wireless Earbuds,Pro,Electronics,Aster Distribution,Online,Medan,Bank Transfer,2,48.0,0.15,96.0,81.6,63.82,17.78,2025-12,2025-12-29/2026-01-04,0.21789215686274513
ORD-502752,2025-01-20,SKU-1036,Monitor Stand,Premium,Office,Nova Supply Co.,Online,Yogyakarta,E-Wallet,1,158.85,0.05,158.85,150.91,110.27,40.64,2025-01,2025-01-20/2025-01-26,0.26929958253263536
ORD-502753,2025-03-06,SKU-1061,Running Belt,Premium,Sports,Aster Distribution,Online,Medan,E-Wallet,1,76.7,0.05,76.7,72.86,43.71,29.15,2025-03,2025-03-03/2025-03-09,0.400082349711776
ORD-502754,2025-05-21,SKU-1035,Monitor Stand,Standard,Office,Brightline Wholesale,Wholesale,Jakarta,Card,1,61.43,0.1,61.43,55.29,33.7,21.59,2025-05,2025-05-19/2025-05-25,0.3904865255923313
ORD-502755,2025-06-19,SKU-1031,Notebook,Standard,Office,Brightline Wholesale,Wholesale,Surabaya,Bank Transfer,1,36.9,0.15,36.9,31.36,23.06,8.3,2025-06,2025-06-16/2025-06-22,0.2646683673469388
ORD-502756,2025-10-19,SKU-1011,USB-C Hub,Premium,Electronics,Urban Source Ltd.,Marketplace,Surabaya,E-Wallet,1,116.31,0.1,116.31,104.68,63.87,40.81,2025-10,2025-10-13/2025-10-19,0.3898547955674436
ORD-502757,2025-04-22,SKU-1010,USB-C Hub,Standard,Electronics,Peak Imports,Marketplace,Surabaya,Cash,2,23.78,0.0,47.56,47.56,36.94,10.62,2025-04,2025-04-21/2025-04-27,0.22329688814129517
ORD-502758,2025-09-13,SKU-1063,Dumbbell Set,Standard,Sports,Urban Source Ltd.,Online,Surabaya,Card,1,37.4,0.05,37.4,35.53,29.68,5.85,2025-09,2025-09-08/2025-09-14,0.1646495918941739
ORD-502759,2025-06-16,SKU-1053,Yoga Mat,Pro,Sports,Brightline Wholesale,Online,Yogyakarta,Card,1,30.37,0.1,30.37,27.33,19.3,8.03,2025-06,2025-06-16/2025-06-22,0.2938163190633004
ORD-502760,2025-04-01,SKU-1056,Resistance Bands,Pro,Sports,Nova Supply Co.,Online,Bandung,Bank Transfer,1,37.19,0.05,37.19,35.33,21.86,13.47,2025-04,2025-03-31/2025-04-06,0.38126238324370226
ORD-502761,2025-06-24,SKU-1002,Bluetooth Speaker,Premium,Electronics,Nova Supply Co.,Wholesale,Medan,Card,1,110.05,0.1,110.05,99.04,87.34,11.7,2025-06,2025-06-23/2025-06-29,0.11813408723747978
ORD-502762,2025-11-20,SKU-1016,Air Fryer,Standard,Home & Kitchen,Aster Distribution,Online,Jakarta,E-Wallet,2,98.91,0.0,197.82,197.82,140.76,57.06,2025-11,2025-11-17/2025-11-23,0.28844404003639673
ORD-502763,2025-01-30,SKU-1065,Dumbbell Set,Pro,Sports,Urban Source Ltd.,Online,Jakarta,E-Wallet,1,18.33,0.15,18.33,15.58,10.76,4.82,2025-01,2025-01-27/2025-02-02,0.3093709884467266
ORD-502764,2025-06-20,SKU-1007,Power Bank,Standard,Electronics,Nova Supply Co.,Retail Store,Bandung,Card,1,127.25,0.05,127.25,120.89,81.84,39.05,2025-06,2025-06-16/2025-06-22,0.3230209281164695
ORD-502765,2025-12-08,SKU-1062,Running Belt,Pro,Sports,Nova Supply Co.,Online,Surabaya,Bank Transfer,1,33.01,0.0,33.01,33.01,19.93,13.08,2025-12,2025-12-08/2025-12-14,0.396243562556801
ORD-502766,2025-05-10,SKU-1035,Monitor Stand,Standard,Office,Brightline Wholesale,Marketplace,Jakarta,Bank Transfer,1,61.43,0.0,61.43,61.43,33.7,27.73,2025-05,2025-05-05/2025-05-11,0.45140810678821425
ORD-502767,2025-10-05,SKU-1050,Makeup Brush Set,Premium,Beauty,Peak Imports,Wholesale,Semarang,Card,1,37.2,0.2,37.2,29.76,25.93,3.83,2025-10,2025-09-29/2025-10-05,0.12869623655913978
ORD-502768,2025-02-04,SKU-1021,Electric Kettle,Pro,Home & Kitchen,Aster Distribution,Online,Semarang,Bank Transfer,1,84.19,0.05,84.19,79.98,57.93,22.05,2025-02,2025-02-03/2025-02-09,0.27569392348087024
ORD-502769,2025-12-28,SKU-1001,Bluetooth Speaker,Standard,Electronics,Nova Supply Co.,Marketplace,Surabaya,Card,1,120.16,0.0,120.16,120.16,83.77,36.39,2025-12,2025-12-22/2025-12-28,0.3028462050599201
ORD-502770,2025-11-14,SKU-1014,Mechanical Keyboard,Premium,Electronics,Nova Supply Co.,Wholesale,Surabaya,Card,1,106.42,0.0,106.42,106.42,74.24,32.18,2025-11,2025-11-10/2025-11-16,0.3023867694042473
ORD-502771,2025-07-24,SKU-1059,Water Bottle,Pro,Sports,Brightline Wholesale,Marketplace,Jakarta,Card,2,21.51,0.0,43.02,43.02,34.74,8.28,2025-07,2025-07-21/2025-07-27,0.1924686192468619
ORD-502772,2025-11-22,SKU-1024,Blender,Pro,Home & Kitchen,Aster Distribution,Online,Medan,Card,3,59.17,0.15,177.51,150.88,134.88,16.0,2025-11,2025-11-17/2025-11-23,0.10604453870625663
ORD-502773,2025-08-11,SKU-1031,Notebook,Standard,Office,Brightline Wholesale,Marketplace,Bandung,E-Wallet,1,36.9,0.1,36.9,33.21,23.06,10.15,2025-08,2025-08-11/2025-08-17,0.30563083408611863
ORD-502774,2025-07-31,SKU-1011,USB-C Hub,Premium,Electronics,Urban Source Ltd.,Online,Yogyakarta,Card,1,116.31,0.0,116.31,116.31,63.87,52.44,2025-07,2025-07-28/2025-08-03,0.4508640701573381
ORD-502775,2025-12-26,SKU-1010,USB-C Hub,Standard,Electronics,Peak Imports,Online,Bandung,Cash,2,23.78,0.05,47.56,45.18,36.94,8.24,2025-12,2025-12-22/2025-12-28,0.18238158477202301
ORD-502776,2025-08-21,SKU-1039,Office Chair,Standard,Office,Nova Supply Co.,Online,Jakarta,Cash,2,42.18,0.0,84.36,84.36,48.94,35.42,2025-08,2025-08-18/2025-08-24,0.41986723565670936
ORD-502777,2025-09-01,SKU-1012,USB-C Hub,Pro,Electronics,Nova Supply Co.,Online,Semarang,Card,1,66.9,0.0,66.9,66.9,46.06,20.84,2025-09,2025-09-01/2025-09-07,0.3115097159940209
ORD-502778,2025-02-10,SKU-1065,Dumbbell Set,Pro,Sports,Urban Source Ltd.,Retail Store,Surabaya,E-Wallet,1,18.33,0.0,18.33,18.33,10.76,7.57,2025-02,2025-02-10/2025-02-16,0.4129841789416258
ORD-502779,2025-08-24,SKU-1012,USB-C Hub,Pro,Electronics,Nova Supply Co.,Marketplace,Yogyakarta,E-Wallet,2,66.9,0.0,133.8,133.8,92.12,41.68,2025-08,2025-08-18/2025-08-24,0.3115097159940209
ORD-502780,2025-12-03,SKU-1001,Bluetooth Speaker,Standard,Electronics,Nova Supply Co.,Marketplace,Yogyakarta,Card,2,120.16,0.1,240.32,216.29,167.54,48.75,2025-12,2025-12-01/2025-12-07,0.22539183503629387
ORD-502781,2025-01-26,SKU-1043,Sunscreen,Standard,Beauty,Brightline Wholesale,Wholesale,Bandung,E-Wallet,1,26.13,0.15,26.13,22.21,20.37,1.84,2025-01,2025-01-20/2025-01-26,0.08284556506078343
ORD-502782,2025-01-06,SKU-1009,Power Bank,Pro,Electronics,Nova Supply Co.,Retail Store,Yogyakarta,E-Wallet,1,120.75,0.0,120.75,120.75,92.43,28.32,2025-01,2025-01-06/2025-01-12,0.23453416149068324
ORD-502783,2025-09-01,SKU-1037,Desk Organizer,Standard,Office,Nova Supply Co.,Marketplace,Yogyakarta,E-Wallet,1,24.82,0.0,24.82,24.82,14.08,10.74,2025-09,2025-09-01/2025-09-07,0.43271555197421435
ORD-502784,2025-03-14,SKU-1018,Air Fryer,Pro,Home & Kitchen,Peak Imports,Online,Jakarta,E-Wallet,1,12.8,0.15,12.8,10.88,7.68,3.2,2025-03,2025-03-10/2025-03-16,0.29411764705882354
ORD-502785,2025-09-06,SKU-1061,Running Belt,Premium,Sports,Aster Distribution,Online,Jakarta,E-Wallet,1,76.7,0.2,76.7,61.36,43.71,17.65,2025-09,2025-09-01/2025-09-07,0.28764667535853977
ORD-502786,2025-03-22,SKU-1035,Monitor Stand,Standard,Office,Brightline Wholesale,Marketplace,Jakarta,Bank Transfer,1,61.43,0.0,61.43,61.43,33.7,27.73,2025-03,2025-03-17/2025-03-23,0.45140810678821425
ORD-502787,2025-06-14,SKU-1064,Dumbbell Set,Premium,Sports,Brightline Wholesale,Wholesale,Semarang,Card,1,28.95,0.15,28.95,24.61,16.15,8.46,2025-06,2025-06-09/2025-06-15,0.34376269809020726
ORD-502788,2025-12-31,SKU-1035,Monitor Stand,Standard,Office,Brightline Wholesale,Marketplace,Semarang,Card,4,61.43,0.05,245.72,233.43,134.8,98.63,2025-12,2025-12-29/2026-01-04,0.4225249539476502
ORD-502789,2025-05-03,SKU-1001,Bluetooth Speaker,Standard,Electronics,Nova Supply Co.,Wholesale,Makassar,E-Wallet,1,120.16,0.05,120.16,114.15,83.77,30.38,2025-05,2025-04-28/2025-05-04,0.26614104248795445
ORD-502790,2025-08-28,SKU-1031,Notebook,Standard,Office,Brightline Wholesale,Online,Surabaya,Cash,1,36.9,0.1,36.9,33.21,23.06,10.15,2025-08,2025-08-25/2025-08-31,0.30563083408611863
ORD-502791,2025-06-20,SKU-1057,Water Bottle,Standard,Sports,Nova Supply Co.,Retail Store,Yogyakarta,Card,1,33.1,0.0,33.1,33.1,18.31,14.79,2025-06,2025-06-16/2025-06-22,0.4468277945619335
ORD-502792,2025-11-23,SKU-1010,USB-C Hub,Standard,Electronics,Peak Imports,Retail Store,Yogyakarta,E-Wallet,1,23.78,0.05,23.78,22.59,18.47,4.12,2025-11,2025-11-17/2025-11-23,0.18238158477202301
ORD-502793,2025-07-01,SKU-1053,Yoga Mat,Pro,Sports,Brightline Wholesale,Online,Jakarta,Card,1,30.37,0.0,30.37,30.37,19.3,11.07,2025-07,2025-06-30/2025-07-06,0.3645044451761607
ORD-502794,2025-09-06,SKU-1019,Electric Kettle,Standard,Home & Kitchen,Nova Supply Co.,Marketplace,Yogyakarta,Card,2,88.16,0.0,176.32,176.32,106.04,70.28,2025-09,2025-09-01/2025-09-07,0.3985934664246824
ORD-502795,2025-01-28,SKU-1053,Yoga Mat,Pro,Sports,Brightline Wholesale,Online,Makassar,E-Wallet,4,30.37,0.1,121.48,109.33,77.2,32.13,2025-01,2025-01-27/2025-02-02,0.29388091100338426
ORD-502796,2025-03-13,SKU-1059,Water Bottle,Pro,Sports,Brightline Wholesale,Marketplace,Yogyakarta,Cash,1,21.51,0.0,21.51,21.51,17.37,4.14,2025-03,2025-03-10/2025-03-16,0.1924686192468619
ORD-502797,2025-10-19,SKU-1026,Desk Lamp,Premium,Home & Kitchen,Peak Imports,Online,Surabaya,Bank Transfer,1,42.39,0.0,42.39,42.39,31.28,11.11,2025-10,2025-10-13/2025-10-19,0.2620901155933003
ORD-502798,2025-07-06,SKU-1023,Blender,Premium,Home & Kitchen,Urban Source Ltd.,Marketplace,Surabaya,Cash,1,72.39,0.15,72.39,61.53,53.2,8.33,2025-07,2025-06-30/2025-07-06,0.1353811149032992
ORD-502799,2025-01-09,SKU-1007,Power Bank,Standard,Electronics,Nova Supply Co.,Retail Store,Semarang,E-Wallet,1,127.25,0.0,127.25,127.25,81.84,45.41,2025-01,2025-01-06/2025-01-12,0.35685658153241645
ORD-502800,2025-09-13,SKU-1009,Power Bank,Pro,Electronics,Nova Supply Co.,Marketplace,Yogyakarta,Bank Transfer,2,120.75,0.1,241.5,217.35,184.86,32.49,2025-09,2025-09-08/2025-09-14,0.1494824016563147
ORD-502801,2025-04-19,SKU-1046,Moisturizer,Premium,Beauty,Peak Imports,Marketplace,Semarang,Bank Transfer,2,8.32,0.15,16.64,14.14,9.18,4.96,2025-04,2025-04-14/2025-04-20,0.3507779349363508
ORD-502802,2025-10-13,SKU-1048,Hair Dryer,Premium,Beauty,Urban Source Ltd.,Online,Makassar,Cash,2,35.46,0.05,70.92,67.37,39.54,27.83,2025-10,2025-10-13/2025-10-19,0.413091880659047
ORD-502803,2025-05-04,SKU-1025,Desk Lamp,Standard,Home & Kitchen,Urban Source Ltd.,Retail Store,Yogyakarta,E-Wallet,1,104.17,0.0,104.17,104.17,78.6,25.57,2025-05,2025-04-28/2025-05-04,0.2454641451473553
ORD-502804,2025-03-19,SKU-1017,Air Fryer,Premium,Home & Kitchen,Peak Imports,Marketplace,Medan,Cash,3,85.71,0.0,257.13,257.13,200.79,56.34,2025-03,2025-03-17/2025-03-23,0.2191109555477774
ORD-502805,2025-11-02,SKU-1018,Air Fryer,Pro,Home & Kitchen,Peak Imports,Marketplace,Yogyakarta,E-Wallet,1,12.8,0.0,12.8,12.8,7.68,5.12,2025-11,2025-10-27/2025-11-02,0.39999999999999997
ORD-502806,2025-03-29,SKU-1002,Bluetooth Speaker,Premium,Electronics,Nova Supply Co.,Online,Jakarta,Bank Transfer,1,110.05,0.15,110.05,93.54,87.34,6.2,2025-03,2025-03-24/2025-03-30,0.06628180457558264
ORD-502807,2025-08-26,SKU-1049,Makeup Brush Set,Standard,Beauty,Nova Supply Co.,Marketplace,Yogyakarta,E-Wallet,2,34.46,0.15,68.92,58.58,51.36,7.22,2025-08,2025-08-25/2025-08-31,0.12325025606008877
ORD-502808,2025-11-28,SKU-1026,Desk Lamp,Premium,Home & Kitchen,Peak Imports,Online,Bandung,Card,2,42.39,0.1,84.78,76.3,62.56,13.74,2025-11,2025-11-24/2025-11-30,0.1800786369593709
ORD-502809,2025-04-07,SKU-1057,Water Bottle,Standard,Sports,Nova Supply Co.,Retail Store,Jakarta,E-Wallet,1,33.1,0.2,33.1,26.48,18.31,8.17,2025-04,2025-04-07/2025-04-13,0.3085347432024169
ORD-502810,2025-06-07,SKU-1057,Water Bottle,Standard,Sports,Nova Supply Co.,Retail Store,Jakarta,Card,2,33.1,0.0,66.2,66.2,36.62,29.58,2025-06,2025-06-02/2025-06-08,0.4468277945619335
ORD-502811,2025-02-06,SKU-1008,Power Bank,Premium,Electronics,Peak Imports,Online,Jakarta,Bank Transfer,1,64.8,0.05,64.8,61.56,35.52,26.04,2025-02,2025-02-03/2025-02-09,0.42300194931773877
ORD-502812,2025-01-24,SKU-1012,USB-C Hub,Pro,Electronics,Nova Supply Co.,Marketplace,Jakarta,Card,1,66.9,0.0,66.9,66.9,46.06,20.84,2025-01,2025-01-20/2025-01-26,0.3115097159940209
ORD-502813,2025-02-13,SKU-1029,Storage Box,Premium,Home & Kitchen,Aster Distribution,Retail Store,Semarang,Bank Transfer,1,14.45,0.05,14.45,13.73,11.48,2.25,2025-02,2025-02-10/2025-02-16,0.1638747268754552
ORD-502814,2025-09-04,SKU-1010,USB-C Hub,Standard,Electronics,Peak Imports,Online,Surabaya,E-Wallet,2,23.78,0.0,47.56,47.56,36.94,10.62,2025-09,2025-09-01/2025-09-07,0.22329688814129517
ORD-502815,2025-02-19,SKU-1012,USB-C Hub,Pro,Electronics,Nova Supply Co.,Marketplace,Bandung,E-Wallet,1,66.9,0.15,66.9,56.86,46.06,10.8,2025-02,2025-02-17/2025-02-23,0.18994020400984876
ORD-502816,2025-09-27,SKU-1012,USB-C Hub,Pro,Electronics,Nova Supply Co.,Online,Bandung,Card,1,66.9,0.0,66.9,66.9,46.06,20.84,2025-09,2025-09-22/2025-09-28,0.3115097159940209
ORD-502817,2025-10-19,SKU-1032,Notebook,Premium,Office,Brightline Wholesale,Retail Store,Jakarta,E-Wallet,1,86.3,0.0,86.3,86.3,63.48,22.82,2025-10,2025-10-13/2025-10-19,0.2644264194669757
ORD-502818,2025-10-16,SKU-1029,Storage Box,Premium,Home & Kitchen,Aster Distribution,Online,Surabaya,Card,1,14.45,0.2,14.45,11.56,11.48,0.08,2025-10,2025-10-13/2025-10-19,0.006920415224913495
ORD-502819,2025-06-24,SKU-1021,Electric Kettle,Pro,Home & Kitchen,Aster Distribution,Marketplace,Jakarta,Card,2,84.19,0.1,168.38,151.54,115.86,35.68,2025-06,2025-06-23/2025-06-29,0.2354493863006467
ORD-502820,2025-12-17,SKU-1019,Electric Kettle,Standard,Home & Kitchen,Nova Supply Co.,Marketplace,Jakarta,E-Wallet,1,88.16,0.0,88.16,88.16,53.02,35.14,2025-12,2025-12-15/2025-12-21,0.3985934664246824
ORD-502821,2025-02-22,SKU-1024,Blender,Pro,Home & Kitchen,Aster Distribution,Online,Bandung,Card,2,59.17,0.0,118.34,118.34,89.92,28.42,2025-02,2025-02-17/2025-02-23,0.24015548419807337
ORD-502822,2025-10-12,SKU-1061,Running Belt,Premium,Sports,Aster Distribution,Online,Jakarta,Bank Transfer,1,76.7,0.15,76.7,65.2,43.71,21.49,2025-10,2025-10-06/2025-10-12,0.329601226993865
ORD-502823,2025-06-01,SKU-1036,Monitor Stand,Premium,Office,Nova Supply Co.,Online,Surabaya,Bank Transfer,1,158.85,0.05,158.85,150.91,110.27,40.64,2025-06,2025-05-26/2025-06-01,0.26929958253263536
ORD-502824,2025-01-23,SKU-1035,Monitor Stand,Standard,Office,Brightline Wholesale,Online,Bandung,E-Wallet,1,61.43,0.1,61.43,55.29,33.7,21.59,2025-01,2025-01-20/2025-01-26,0.3904865255923313
ORD-502825,2025-12-20,SKU-1003,Bluetooth Speaker,Pro,Electronics,Brightline Wholesale,Online,Yogyakarta,Card,1,118.47,0.0,118.47,118.47,71.07,47.4,2025-12,2025-12-15/2025-12-21,0.40010129146619394
ORD-502826,2025-08-02,SKU-1005,Wireless Earbuds,Premium,Electronics,Aster Distribution,Online,Jakarta,E-Wallet,1,102.99,0.1,102.99,92.69,60.73,31.96,2025-08,2025-07-28/2025-08-03,0.34480526486136587
ORD-502827,2025-07-14,SKU-1039,Office Chair,Standard,Office,Nova Supply Co.,Retail Store,Yogyakarta,Card,2,42.18,0.0,84.36,84.36,48.94,35.42,2025-07,2025-07-14/2025-07-20,0.41986723565670936
ORD-502828,2025-02-23,SKU-1026,Desk Lamp,Premium,Home & Kitchen,Peak Imports,Online,Surabaya,E-Wallet,1,42.39,0.05,42.39,40.27,31.28,8.99,2025-02,2025-02-17/2025-02-23,0.22324310901415445
ORD-502829,2025-05-08,SKU-1061,Running Belt,Premium,Sports,Aster Distribution,Online,Surabaya,E-Wallet,1,76.7,0.0,76.7,76.7,43.71,32.99,2025-05,2025-05-05/2025-05-11,0.4301173402868318
ORD-502830,2025-08-25,SKU-1009,Power Bank,Pro,Electronics,Nova Supply Co.,Retail Store,Semarang,E-Wallet,1,120.75,0.15,120.75,102.64,92.43,10.21,2025-08,2025-08-25/2025-08-31,0.0994738893219018
ORD-502831,2025-02-17,SKU-1032,Notebook,Premium,Office,Brightline Wholesale,Retail Store,Yogyakarta,E-Wallet,4,86.3,0.0,345.2,345.2,253.92,91.28,2025-02,2025-02-17/2025-02-23,0.2644264194669757
ORD-502832,2025-05-07,SKU-1056,Resistance Bands,Pro,Sports,Nova Supply Co.,Retail Store,Yogyakarta,E-Wallet,1,37.19,0.05,37.19,35.33,21.86,13.47,2025-05,2025-05-05/2025-05-11,0.38126238324370226
ORD-502833,2025-08-20,SKU-1026,Desk Lamp,Premium,Home & Kitchen,Peak Imports,Online,Jakarta,Card,1,42.39,0.1,42.39,38.15,31.28,6.87,2025-08,2025-08-18/2025-08-24,0.1800786369593709
ORD-502834,2025-06-07,SKU-1018,Air Fryer,Pro,Home & Kitchen,Peak Imports,Online,Surabaya,Bank Transfer,1,12.8,0.0,12.8,12.8,7.68,5.12,2025-06,2025-06-02/2025-06-08,0.39999999999999997
ORD-502835,2025-01-10,SKU-1008,Power Bank,Premium,Electronics,Peak Imports,Online,Semarang,E-Wallet,2,64.8,0.0,129.6,129.6,71.04,58.56,2025-01,2025-01-06/2025-01-12,0.4518518518518519
ORD-502836,2025-02-16,SKU-1022,Blender,Standard,Home & Kitchen,Peak Imports,Wholesale,Makassar,E-Wallet,1,94.62,0.1,94.62,85.16,60.77,24.39,2025-02,2025-02-10/2025-02-16,0.2864020666979803
ORD-502837,2025-04-30,SKU-1057,Water Bottle,Standard,Sports,Nova Supply Co.,Online,Surabaya,Bank Transfer,1,33.1,0.0,33.1,33.1,18.31,14.79,2025-04,2025-04-28/2025-05-04,0.4468277945619335
ORD-502838,2025-07-06,SKU-1035,Monitor Stand,Standard,Office,Brightline Wholesale,Online,Jakarta,E-Wallet,1,61.43,0.15,61.43,52.22,33.7,18.52,2025-07,2025-06-30/2025-07-06,0.35465338950593644
ORD-502839,2025-01-09,SKU-1014,Mechanical Keyboard,Premium,Electronics,Nova Supply Co.,Online,Makassar,Bank Transfer,1,106.42,0.1,106.42,95.78,74.24,21.54,2025-01,2025-01-06/2025-01-12,0.22489037377323032
ORD-502840,2025-07-17,SKU-1036,Monitor Stand,Premium,Office,Nova Supply Co.,Wholesale,Jakarta,Bank Transfer,1,158.85,0.1,158.85,142.96,110.27,32.69,2025-07,2025-07-14/2025-07-20,0.22866536094012307
ORD-502841,2025-06-17,SKU-1059,Water Bottle,Pro,Sports,Brightline Wholesale,Online,Semarang,Bank Transfer,1,21.51,0.05,21.51,20.43,17.37,3.06,2025-06,2025-06-16/2025-06-22,0.14977973568281938
ORD-502842,2025-01-28,SKU-1059,Water Bottle,Pro,Sports,Brightline Wholesale,Marketplace,Surabaya,Card,1,21.51,0.15,21.51,18.28,17.37,0.91,2025-01,2025-01-27/2025-02-02,0.049781181619256015
ORD-502843,2025-02-05,SKU-1009,Power Bank,Pro,Electronics,Nova Supply Co.,Wholesale,Medan,E-Wallet,1,120.75,0.0,120.75,120.75,92.43,28.32,2025-02,2025-02-03/2025-02-09,0.23453416149068324
ORD-502844,2025-02-09,SKU-1064,Dumbbell Set,Premium,Sports,Brightline Wholesale,Online,Jakarta,Card,1,28.95,0.0,28.95,28.95,16.15,12.8,2025-02,2025-02-03/2025-02-09,0.4421416234887738
ORD-502845,2025-04-05,SKU-1053,Yoga Mat,Pro,Sports,Brightline Wholesale,Wholesale,Yogyakarta,E-Wallet,1,30.37,0.2,30.37,24.3,19.3,5.0,2025-04,2025-03-31/2025-04-06,0.205761316872428
ORD-502846,2025-04-12,SKU-1007,Power Bank,Standard,Electronics,Nova Supply Co.,Marketplace,Jakarta,Card,1,127.25,0.2,127.25,101.8,81.84,19.96,2025-04,2025-04-07/2025-04-13,0.19607072691552063
ORD-502847,2025-08-09,SKU-1002,Bluetooth Speaker,Premium,Electronics,Nova Supply Co.,Online,Bandung,E-Wallet,1,110.05,0.1,110.05,99.04,87.34,11.7,2025-08,2025-08-04/2025-08-10,0.11813408723747978
ORD-502848,2025-11-08,SKU-1041,Face Cleanser,Standard,Beauty,Brightline Wholesale,Online,Bandung,E-Wallet,2,40.88,0.0,81.76,81.76,52.16,29.6,2025-11,2025-11-03/2025-11-09,0.36203522504892366
ORD-502849,2025-04-08,SKU-1019,Electric Kettle,Standard,Home & Kitchen,Nova Supply Co.,Marketplace,Semarang,Card,1,88.16,0.2,88.16,70.53,53.02,17.51,2025-04,2025-04-07/2025-04-13,0.24826315043244013
ORD-502850,2025-05-22,SKU-1034,Gel Pen Set,Premium,Office,Aster Distribution,Online,Bandung,E-Wallet,2,211.77,0.0,423.54,423.54,239.56,183.98,2025-05,2025-05-19/2025-05-25,0.4343863625631581
ORD-502851,2025-01-18,SKU-1015,Mechanical Keyboard,Pro,Electronics,Aster Distribution,Online,Bandung,Card,1,110.43,0.0,110.43,110.43,80.89,29.54,2025-01,2025-01-13/2025-01-19,0.26749977361224303
ORD-502852,2025-12-26,SKU-1037,Desk Organizer,Standard,Office,Nova Supply Co.,Online,Jakarta,Bank Transfer,1,24.82,0.05,24.82,23.58,14.08,9.5,2025-12,2025-12-22/2025-12-28,0.40288379983036476
ORD-502853,2025-03-21,SKU-1031,Notebook,Standard,Office,Brightline Wholesale,Online,Surabaya,Cash,1,36.9,0.1,36.9,33.21,23.06,10.15,2025-03,2025-03-17/2025-03-23,0.30563083408611863
ORD-502854,2025-10-14,SKU-1007,Power Bank,Standard,Electronics,Nova Supply Co.,Online,Jakarta,Cash,2,127.25,0.05,254.5,241.77,163.68,78.09,2025-10,2025-10-13/2025-10-19,0.3229929271621789
ORD-502855,2025-12-31,SKU-1021,Electric Kettle,Pro,Home & Kitchen,Aster Distribution,Online,Bandung,Card,1,84.19,0.0,84.19,84.19,57.93,26.26,2025-12,2025-12-29/2026-01-04,0.31191352892267493
ORD-502856,2025-04-29,SKU-1011,USB-C Hub,Premium,Electronics,Urban Source Ltd.,Online,Medan,Bank Transfer,1,116.31,0.1,116.31,104.68,63.87,40.81,2025-04,2025-04-28/2025-05-04,0.3898547955674436
ORD-502857,2025-08-07,SKU-1024,Blender,Pro,Home & Kitchen,Aster Distribution,Online,Makassar,E-Wallet,1,59.17,0.15,59.17,50.29,44.96,5.33,2025-08,2025-08-04/2025-08-10,0.10598528534499901
ORD-502858,2025-01-05,SKU-1036,Monitor Stand,Premium,Office,Nova Supply Co.,Retail Store,Surabaya,E-Wallet,2,158.85,0.15,317.7,270.04,220.54,49.5,2025-01,2024-12-30/2025-01-05,0.183306176862687
ORD-502859,2025-03-08,SKU-1065,Dumbbell Set,Pro,Sports,Urban Source Ltd.,Marketplace,Jakarta,E-Wallet,1,18.33,0.1,18.33,16.5,10.76,5.74,2025-03,2025-03-03/2025-03-09,0.3478787878787879
ORD-502860,2025-02-17,SKU-1034,Gel Pen Set,Premium,Office,Aster Distribution,Retail Store,Jakarta,Bank Transfer,2,211.77,0.2,423.54,338.83,239.56,99.27,2025-02,2025-02-17/2025-02-23,0.2929787799191335
ORD-502861,2025-12-18,SKU-1046,Moisturizer,Premium,Beauty,Peak Imports,Online,Medan,Cash,1,8.32,0.05,8.32,7.9,4.59,3.31,2025-12,2025-12-15/2025-12-21,0.4189873417721519
ORD-502862,2025-01-18,SKU-1057,Water Bottle,Standard,Sports,Nova Supply Co.,Marketplace,Jakarta,Bank Transfer,3,33.1,0.0,99.3,99.3,54.93,44.37,2025-01,2025-01-13/2025-01-19,0.4468277945619335
ORD-502863,2025-06-17,SKU-1001,Bluetooth Speaker,Standard,Electronics,Nova Supply Co.,Retail Store,Jakarta,E-Wallet,1,120.16,0.15,120.16,102.14,83.77,18.37,2025-06,2025-06-16/2025-06-22,0.17985118464852165
ORD-502864,2025-10-02,SKU-1007,Power Bank,Standard,Electronics,Nova Supply Co.,Online,Semarang,Cash,2,127.25,0.0,254.5,254.5,163.68,90.82,2025-10,2025-09-29/2025-10-05,0.35685658153241645
ORD-502865,2025-06-13,SKU-1053,Yoga Mat,Pro,Sports,Brightline Wholesale,Online,Semarang,Card,1,30.37,0.1,30.37,27.33,19.3,8.03,2025-06,2025-06-09/2025-06-15,0.2938163190633004
ORD-502866,2025-02-24,SKU-1027,Desk Lamp,Pro,Home & Kitchen,Brightline Wholesale,Online,Medan,Card,2,72.16,0.0,144.32,144.32,86.66,57.66,2025-02,2025-02-24/2025-03-02,0.3995288248337029
ORD-502867,2025-01-07,SKU-1019,Electric Kettle,Standard,Home & Kitchen,Nova Supply Co.,Retail Store,Yogyakarta,Cash,1,88.16,0.2,88.16,70.53,53.02,17.51,2025-01,2025-01-06/2025-01-12,0.24826315043244013
ORD-502868,2025-03-03,SKU-1036,Monitor Stand,Premium,Office,Nova Supply Co.,Wholesale,Yogyakarta,E-Wallet,1,158.85,0.05,158.85,150.91,110.27,40.64,2025-03,2025-03-03/2025-03-09,0.26929958253263536
ORD-502869,2025-01-21,SKU-1025,Desk Lamp,Standard,Home & Kitchen,Urban Source Ltd.,Marketplace,Yogyakarta,Card,2,104.17,0.0,208.34,208.34,157.2,51.14,2025-01,2025-01-20/2025-01-26,0.2454641451473553
ORD-502870,2025-07-22,SKU-1061,Running Belt,Premium,Sports,Aster Distribution,Online,Yogyakarta,E-Wallet,1,76.7,0.1,76.7,69.03,43.71,25.32,2025-07,2025-07-21/2025-07-27,0.36679704476314645
ORD-502871,2025-07-19,SKU-1011,USB-C Hub,Premium,Electronics,Urban Source Ltd.,Online,Medan,Bank Transfer,1,116.31,0.05,116.31,110.49,63.87,46.62,2025-07,2025-07-14/2025-07-20,0.42193863698072226
ORD-502872,2025-11-16,SKU-1029,Storage Box,Premium,Home & Kitchen,Aster Distribution,Online,Jakarta,E-Wallet,1,14.45,0.0,14.45,14.45,11.48,2.97,2025-11,2025-11-10/2025-11-16,0.2055363321799308
ORD-502873,2025-02-10,SKU-1002,Bluetooth Speaker,Premium,Electronics,Nova Supply Co.,Retail Store,Semarang,Bank Transfer,2,110.05,0.0,220.1,220.1,174.68,45.42,2025-02,2025-02-10/2025-02-16,0.20636074511585645
ORD-502874,2025-03-06,SKU-1031,Notebook,Standard,Office,Brightline Wholesale,Online,Semarang,Bank Transfer,1,36.9,0.0,36.9,36.9,23.06,13.84,2025-03,2025-03-03/2025-03-09,0.3750677506775068
ORD-502875,2025-02-16,SKU-1042,Face Cleanser,Premium,Beauty,Peak Imports,Wholesale,Jakarta,Bank Transfer,1,31.12,0.0,31.12,31.12,25.16,5.96,2025-02,2025-02-10/2025-02-16,0.19151670951156813
ORD-502876,2025-04-26,SKU-1019,Electric Kettle,Standard,Home & Kitchen,Nova Supply Co.,Online,Makassar,E-Wallet,1,88.16,0.0,88.16,88.16,53.02,35.14,2025-04,2025-04-21/2025-04-27,0.3985934664246824
ORD-502877,2025-07-12,SKU-1057,Water Bottle,Standard,Sports,Nova Supply Co.,Online,Jakarta,Card,1,33.1,0.0,33.1,33.1,18.31,14.79,2025-07,2025-07-07/2025-07-13,0.4468277945619335
ORD-502878,2025-03-30,SKU-1007,Power Bank,Standard,Electronics,Nova Supply Co.,Online,Semarang,Bank Transfer,2,127.25,0.0,254.5,254.5,163.68,90.82,2025-03,2025-03-24/2025-03-30,0.35685658153241645
ORD-502879,2025-07-23,SKU-1009,Power Bank,Pro,Electronics,Nova Supply Co.,Retail Store,Surabaya,Bank Transfer,1,120.75,0.05,120.75,114.71,92.43,22.28,2025-07,2025-07-21/2025-07-27,0.19422892511550868
ORD-502880,2025-06-19,SKU-1024,Blender,Pro,Home & Kitchen,Aster Distribution,Marketplace,Bandung,Card,1,59.17,0.0,59.17,59.17,44.96,14.21,2025-06,2025-06-16/2025-06-22,0.24015548419807337
ORD-502881,2025-02-13,SKU-1036,Monitor Stand,Premium,Office,Nova Supply Co.,Marketplace,Medan,Card,1,158.85,0.05,158.85,150.91,110.27,40.64,2025-02,2025-02-10/2025-02-16,0.26929958253263536
ORD-502882,2025-08-23,SKU-1042,Face Cleanser,Premium,Beauty,Peak Imports,Online,Jakarta,Card,2,31.12,0.15,62.24,52.9,50.32,2.58,2025-08,2025-08-18/2025-08-24,0.048771266540642726
ORD-502883,2025-03-18,SKU-1041,Face Cleanser,Standard,Beauty,Brightline Wholesale,Online,Yogyakarta,Cash,1,40.88,0.15,40.88,34.75,26.08,8.67,2025-03,2025-03-17/2025-03-23,0.24949640287769784
ORD-502884,2025-12-29,SKU-1025,Desk Lamp,Standard,Home & Kitchen,Urban Source Ltd.,Online,Makassar,E-Wallet,1,104.17,0.15,104.17,88.54,78.6,9.94,2025-12,2025-12-29/2026-01-04,0.112265642647391
ORD-502885,2025-02-03,SKU-1023,Blender,Premium,Home & Kitchen,Urban Source Ltd.,Online,Yogyakarta,E-Wallet,3,72.39,0.05,217.17,206.31,159.6,46.71,2025-02,2025-02-03/2025-02-09,0.22640686345790315
ORD-502886,2025-10-22,SKU-1035,Monitor Stand,Standard,Office,Brightline Wholesale,Online,Bandung,E-Wallet,1,61.43,0.1,61.43,55.29,33.7,21.59,2025-10,2025-10-20/2025-10-26,0.3904865255923313
ORD-502887,2025-11-07,SKU-1057,Water Bottle,Standard,Sports,Nova Supply Co.,Online,Jakarta,Bank Transfer,2,33.1,0.05,66.2,62.89,36.62,26.27,2025-11,2025-11-03/2025-11-09,0.41771346795993003
ORD-502888,2025-07-21,SKU-1032,Notebook,Premium,Office,Brightline Wholesale,Marketplace,Semarang,E-Wallet,2,86.3,0.0,172.6,172.6,126.96,45.64,2025-07,2025-07-21/2025-07-27,0.2644264194669757
ORD-502889,2025-07-14,SKU-1061,Running Belt,Premium,Sports,Aster Distribution,Marketplace,Bandung,Card,1,76.7,0.0,76.7,76.7,43.71,32.99,2025-07,2025-07-14/2025-07-20,0.4301173402868318
ORD-502890,2025-04-15,SKU-1027,Desk Lamp,Pro,Home & Kitchen,Brightline Wholesale,Retail Store,Yogyakarta,Card,1,72.16,0.0,72.16,72.16,43.33,28.83,2025-04,2025-04-14/2025-04-20,0.3995288248337029
ORD-502891,2025-05-27,SKU-1036,Monitor Stand,Premium,Office,Nova Supply Co.,Wholesale,Jakarta,Cash,1,158.85,0.0,158.85,158.85,110.27,48.58,2025-05,2025-05-26/2025-06-01,0.3058231035568146
ORD-502892,2025-04-25,SKU-1021,Electric Kettle,Pro,Home & Kitchen,Aster Distribution,Marketplace,Yogyakarta,Bank Transfer,3,84.19,0.0,252.57,252.57,173.79,78.78,2025-04,2025-04-21/2025-04-27,0.31191352892267493
ORD-502893,2025-04-26,SKU-1057,Water Bottle,Standard,Sports,Nova Supply Co.,Retail Store,Jakarta,Bank Transfer,1,33.1,0.05,33.1,31.44,18.31,13.13,2025-04,2025-04-21/2025-04-27,0.4176208651399491
ORD-502894,2025-08-10,SKU-1009,Power Bank,Pro,Electronics,Nova Supply Co.,Online,Semarang,Bank Transfer,1,120.75,0.0,120.75,120.75,92.43,28.32,2025-08,2025-08-04/2025-08-10,0.23453416149068324
ORD-502895,2025-04-04,SKU-1001,Bluetooth Speaker,Standard,Electronics,Nova Supply Co.,Marketplace,Medan,Bank Transfer,2,120.16,0.1,240.32,216.29,167.54,48.75,2025-04,2025-03-31/2025-04-06,0.22539183503629387
ORD-502896,2025-12-26,SKU-1012,USB-C Hub,Pro,Electronics,Nova Supply Co.,Online,Jakarta,E-Wallet,1,66.9,0.05,66.9,63.56,46.06,17.5,2025-12,2025-12-22/2025-12-28,0.2753303964757709
ORD-502897,2025-08-08,SKU-1037,Desk Organizer,Standard,Office,Nova Supply Co.,Retail Store,Makassar,Card,1,24.82,0.05,24.82,23.58,14.08,9.5,2025-08,2025-08-04/2025-08-10,0.40288379983036476
ORD-502898,2025-11-11,SKU-1024,Blender,Pro,Home & Kitchen,Aster Distribution,Online,Semarang,E-Wallet,1,59.17,0.0,59.17,59.17,44.96,14.21,2025-11,2025-11-10/2025-11-16,0.24015548419807337
ORD-502899,2025-09-20,SKU-1035,Monitor Stand,Standard,Office,Brightline Wholesale,Retail Store,Jakarta,Card,1,61.43,0.0,61.43,61.43,33.7,27.73,2025-09,2025-09-15/2025-09-21,0.45140810678821425
ORD-502900,2025-10-09,SKU-1018,Air Fryer,Pro,Home & Kitchen,Peak Imports,Online,Yogyakarta,Card,1,12.8,0.2,12.8,10.24,7.68,2.56,2025-10,2025-10-06/2025-10-12,0.25
ORD-502901,2025-06-02,SKU-1042,Face Cleanser,Premium,Beauty,Peak Imports,Marketplace,Semarang,E-Wallet,1,31.12,0.05,31.12,29.56,25.16,4.4,2025-06,2025-06-02/2025-06-08,0.14884979702300408
ORD-502902,2025-02-03,SKU-1030,Storage Box,Pro,Home & Kitchen,Urban Source Ltd.,Online,Jakarta,Card,2,61.88,0.0,123.76,123.76,95.9,27.86,2025-02,2025-02-03/2025-02-09,0.22511312217194568
ORD-502903,2025-01-04,SKU-1059,Water Bottle,Pro,Sports,Brightline Wholesale,Online,Medan,Card,1,21.51,0.15,21.51,18.28,17.37,0.91,2025-01,2024-12-30/2025-01-05,0.049781181619256015
ORD-502904,2025-10-22,SKU-1042,Face Cleanser,Premium,Beauty,Peak Imports,Online,Jakarta,Cash,1,31.12,0.1,31.12,28.01,25.16,2.85,2025-10,2025-10-20/2025-10-26,0.1017493752231346
ORD-502905,2025-05-13,SKU-1012,USB-C Hub,Pro,Electronics,Nova Supply Co.,Wholesale,Jakarta,E-Wallet,1,66.9,0.0,66.9,66.9,46.06,20.84,2025-05,2025-05-12/2025-05-18,0.3115097159940209
ORD-502906,2025-05-31,SKU-1049,Makeup Brush Set,Standard,Beauty,Nova Supply Co.,Marketplace,Makassar,E-Wallet,2,34.46,0.1,68.92,62.03,51.36,10.67,2025-05,2025-05-26/2025-06-01,0.17201354183459616
ORD-502907,2025-09-23,SKU-1031,Notebook,Standard,Office,Brightline Wholesale,Online,Jakarta,Bank Transfer,1,36.9,0.05,36.9,35.06,23.06,12.0,2025-09,2025-09-22/2025-09-28,0.34227039361095263
ORD-502908,2025-05-16,SKU-1036,Monitor Stand,Premium,Office,Nova Supply Co.,Retail Store,Semarang,Card,2,158.85,0.0,317.7,317.7,220.54,97.16,2025-05,2025-05-12/2025-05-18,0.3058231035568146
ORD-502909,2025-05-22,SKU-1057,Water Bottle,Standard,Sports,Nova Supply Co.,Online,Jakarta,Card,1,33.1,0.05,33.1,31.44,18.31,13.13,2025-05,2025-05-19/2025-05-25,0.4176208651399491
ORD-502910,2025-10-05,SKU-1014,Mechanical Keyboard,Premium,Electronics,Nova Supply Co.,Marketplace,Jakarta,Cash,1,106.42,0.0,106.42,106.42,74.24,32.18,2025-10,2025-09-29/2025-10-05,0.3023867694042473
ORD-502911,2025-01-05,SKU-1019,Electric Kettle,Standard,Home & Kitchen,Nova Supply Co.,Wholesale,Jakarta,Bank Transfer,1,88.16,0.15,88.16,74.94,53.02,21.92,2025-01,2024-12-30/2025-01-05,0.29250066720042706
ORD-502912,2025-07-28,SKU-1056,Resistance Bands,Pro,Sports,Nova Supply Co.,Online,Semarang,Card,1,37.19,0.05,37.19,35.33,21.86,13.47,2025-07,2025-07-28/2025-08-03,0.38126238324370226
ORD-502913,2025-03-09,SKU-1036,Monitor Stand,Premium,Office,Nova Supply Co.,Marketplace,Medan,E-Wallet,2,158.85,0.0,317.7,317.7,220.54,97.16,2025-03,2025-03-03/2025-03-09,0.3058231035568146
ORD-502914,2025-02-27,SKU-1022,Blender,Standard,Home & Kitchen,Peak Imports,Online,Bandung,Card,1,94.62,0.15,94.62,80.43,60.77,19.66,2025-02,2025-02-24/2025-03-02,0.2444361556633097
ORD-502915,2025-08-26,SKU-1015,Mechanical Keyboard,Pro,Electronics,Aster Distribution,Online,Semarang,E-Wallet,1,110.43,0.0,110.43,110.43,80.89,29.54,2025-08,2025-08-25/2025-08-31,0.26749977361224303
ORD-502916,2025-11-24,SKU-1019,Electric Kettle,Standard,Home & Kitchen,Nova Supply Co.,Online,Yogyakarta,Card,3,88.16,0.05,264.48,251.26,159.06,92.2,2025-11,2025-11-24/2025-11-30,0.36695056913157686
ORD-502917,2025-09-10,SKU-1035,Monitor Stand,Standard,Office,Brightline Wholesale,Online,Surabaya,Bank Transfer,4,61.43,0.15,245.72,208.86,134.8,74.06,2025-09,2025-09-08/2025-09-14,0.3545915924542756
ORD-502918,2025-05-09,SKU-1009,Power Bank,Pro,Electronics,Nova Supply Co.,Online,Yogyakarta,Card,3,120.75,0.15,362.25,307.91,277.29,30.62,2025-05,2025-05-05/2025-05-11,0.09944464291513753
ORD-502919,2025-06-03,SKU-1010,USB-C Hub,Standard,Electronics,Peak Imports,Online,Jakarta,E-Wallet,2,23.78,0.0,47.56,47.56,36.94,10.62,2025-06,2025-06-02/2025-06-08,0.22329688814129517
ORD-502920,2025-11-20,SKU-1024,Blender,Pro,Home & Kitchen,Aster Distribution,Online,Yogyakarta,E-Wallet,1,59.17,0.1,59.17,53.25,44.96,8.29,2025-11,2025-11-17/2025-11-23,0.15568075117370891
ORD-502921,2025-07-24,SKU-1003,Bluetooth Speaker,Pro,Electronics,Brightline Wholesale,Retail Store,Yogyakarta,Card,3,118.47,0.0,355.41,355.41,213.21,142.2,2025-07,2025-07-21/2025-07-27,0.4001012914661939
ORD-502922,2025-08-25,SKU-1027,Desk Lamp,Pro,Home & Kitchen,Brightline Wholesale,Online,Jakarta,Card,1,72.16,0.1,72.16,64.94,43.33,21.61,2025-08,2025-08-25/2025-08-31,0.3327687095780721
ORD-502923,2025-05-26,SKU-1006,Wireless Earbuds,Pro,Electronics,Aster Distribution,Wholesale,Bandung,E-Wallet,4,48.0,0.05,192.0,182.4,127.64,54.76,2025-05,2025-05-26/2025-06-01,0.300219298245614
ORD-502924,2025-01-06,SKU-1035,Monitor Stand,Standard,Office,Brightline Wholesale,Online,Yogyakarta,Cash,1,61.43,0.2,61.43,49.14,33.7,15.44,2025-01,2025-01-06/2025-01-12,0.3142043142043142
ORD-502925,2025-08-13,SKU-1026,Desk Lamp,Premium,Home & Kitchen,Peak Imports,Retail Store,Medan,Card,4,42.39,0.1,169.56,152.6,125.12,27.48,2025-08,2025-08-11/2025-08-17,0.1800786369593709
ORD-502926,2025-10-03,SKU-1024,Blender,Pro,Home & Kitchen,Aster Distribution,Marketplace,Medan,Bank Transfer,1,59.17,0.1,59.17,53.25,44.96,8.29,2025-10,2025-09-29/2025-10-05,0.15568075117370891
ORD-502927,2025-04-25,SKU-1035,Monitor Stand,Standard,Office,Brightline Wholesale,Online,Semarang,Card,1,61.43,0.05,61.43,58.36,33.7,24.66,2025-04,2025-04-21/2025-04-27,0.42254969156956823
ORD-502928,2025-08-03,SKU-1025,Desk Lamp,Standard,Home & Kitchen,Urban Source Ltd.,Retail Store,Bandung,Card,2,104.17,0.0,208.34,208.34,157.2,51.14,2025-08,2025-07-28/2025-08-03,0.2454641451473553
ORD-502929,2025-08-06,SKU-1053,Yoga Mat,Pro,Sports,Brightline Wholesale,Retail Store,Semarang,Cash,1,30.37,0.1,30.37,27.33,19.3,8.03,2025-08,2025-08-04/2025-08-10,0.2938163190633004
ORD-502930,2025-09-10,SKU-1003,Bluetooth Speaker,Pro,Electronics,Brightline Wholesale,Retail Store,Semarang,Card,2,118.47,0.1,236.94,213.25,142.14,71.11,2025-09,2025-09-08/2025-09-14,0.33345838218053925
ORD-502931,2025-09-16,SKU-1026,Desk Lamp,Premium,Home & Kitchen,Peak Imports,Online,Yogyakarta,Card,3,42.39,0.1,127.17,114.45,93.84,20.61,2025-09,2025-09-15/2025-09-21,0.1800786369593709
ORD-502932,2025-01-09,SKU-1056,Resistance Bands,Pro,Sports,Nova Supply Co.,Marketplace,Bandung,E-Wallet,4,37.19,0.05,148.76,141.32,87.44,53.88,2025-01,2025-01-06/2025-01-12,0.38126238324370226
ORD-502933,2025-10-26,SKU-1050,Makeup Brush Set,Premium,Beauty,Peak Imports,Marketplace,Makassar,E-Wallet,1,37.2,0.15,37.2,31.62,25.93,5.69,2025-10,2025-10-20/2025-10-26,0.17994939911448452
ORD-502934,2025-03-24,SKU-1057,Water Bottle,Standard,Sports,Nova Supply Co.,Online,Medan,Cash,1,33.1,0.15,33.1,28.14,18.31,9.83,2025-03,2025-03-24/2025-03-30,0.34932480454868514
ORD-502935,2025-07-26,SKU-1043,Sunscreen,Standard,Beauty,Brightline Wholesale,Online,Jakarta,Cash,1,26.13,0.1,26.13,23.52,20.37,3.15,2025-07,2025-07-21/2025-07-27,0.13392857142857142
ORD-502936,2025-12-16,SKU-1017,Air Fryer,Premium,Home & Kitchen,Peak Imports,Online,Bandung,Card,1,85.71,0.0,85.71,85.71,66.93,18.78,2025-12,2025-12-15/2025-12-21,0.21911095554777743
ORD-502937,2025-11-11,SKU-1061,Running Belt,Premium,Sports,Aster Distribution,Online,Semarang,E-Wallet,4,76.7,0.05,306.8,291.46,174.84,116.62,2025-11,2025-11-10/2025-11-16,0.40012351609140195
ORD-502938,2025-10-26,SKU-1055,Resistance Bands,Premium,Sports,Aster Distribution,Retail Store,Bandung,Bank Transfer,2,26.5,0.2,53.0,42.4,42.9,-0.5,2025-10,2025-10-20/2025-10-26,-0.01179245283018868
ORD-502939,2025-10-10,SKU-1065,Dumbbell Set,Pro,Sports,Urban Source Ltd.,Marketplace,Jakarta,E-Wallet,2,18.33,0.0,36.66,36.66,21.52,15.14,2025-10,2025-10-06/2025-10-12,0.4129841789416258
ORD-502940,2025-05-18,SKU-1001,Bluetooth Speaker,Standard,Electronics,Nova Supply Co.,Marketplace,Surabaya,E-Wallet,1,120.16,0.0,120.16,120.16,83.77,36.39,2025-05,2025-05-12/2025-05-18,0.3028462050599201
ORD-502941,2025-12-31,SKU-1015,Mechanical Keyboard,Pro,Electronics,Aster Distribution,Retail Store,Bandung,E-Wallet,2,110.43,0.05,220.86,209.82,161.78,48.04,2025-12,2025-12-29/2026-01-04,0.22895815460871224
ORD-502942,2025-05-20,SKU-1045,Moisturizer,Standard,Beauty,Urban Source Ltd.,Online,Medan,Bank Transfer,1,40.7,0.0,40.7,40.7,29.42,11.28,2025-05,2025-05-19/2025-05-25,0.2771498771498771
ORD-502943,2025-03-26,SKU-1057,Water Bottle,Standard,Sports,Nova Supply Co.,Retail Store,Semarang,Card,4,33.1,0.2,132.4,105.92,73.24,32.68,2025-03,2025-03-24/2025-03-30,0.3085347432024169
ORD-502944,2025-01-15,SKU-1057,Water Bottle,Standard,Sports,Nova Supply Co.,Online,Yogyakarta,Card,1,33.1,0.1,33.1,29.79,18.31,11.48,2025-01,2025-01-13/2025-01-19,0.38536421617992617
ORD-502945,2025-09-25,SKU-1025,Desk Lamp,Standard,Home & Kitchen,Urban Source Ltd.,Marketplace,Yogyakarta,Cash,1,104.17,0.0,104.17,104.17,78.6,25.57,2025-09,2025-09-22/2025-09-28,0.2454641451473553
ORD-502946,2025-12-15,SKU-1056,Resistance Bands,Pro,Sports,Nova Supply Co.,Online,Bandung,Bank Transfer,3,37.19,0.1,111.57,100.41,65.58,34.83,2025-12,2025-12-15/2025-12-21,0.3468778010158351
ORD-502947,2025-11-22,SKU-1023,Blender,Premium,Home & Kitchen,Urban Source Ltd.,Retail Store,Yogyakarta,Card,1,72.39,0.1,72.39,65.15,53.2,11.95,2025-11,2025-11-17/2025-11-23,0.18342287029930926
ORD-502948,2025-05-19,SKU-1024,Blender,Pro,Home & Kitchen,Aster Distribution,Online,Yogyakarta,Cash,2,59.17,0.0,118.34,118.34,89.92,28.42,2025-05,2025-05-19/2025-05-25,0.24015548419807337
ORD-502949,2025-11-19,SKU-1042,Face Cleanser,Premium,Beauty,Peak Imports,Retail Store,Jakarta,Bank Transfer,3,31.12,0.15,93.36,79.36,75.48,3.88,2025-11,2025-11-17/2025-11-23,0.04889112903225806
ORD-502950,2025-06-24,SKU-1034,Gel Pen Set,Premium,Office,Aster Distribution,Online,Jakarta,Cash,2,211.77,0.1,423.54,381.19,239.56,141.63,2025-06,2025-06-23/2025-06-29,0.37154699756027176
ORD-502951,2025-07-16,SKU-1015,Mechanical Keyboard,Pro,Electronics,Aster Distribution,Marketplace,Bandung,Card,4,110.43,0.15,441.72,375.46,323.56,51.9,2025-07,2025-07-14/2025-07-20,0.1382304373302083
ORD-502952,2025-11-11,SKU-1002,Bluetooth Speaker,Premium,Electronics,Nova Supply Co.,Wholesale,Bandung,Bank Transfer,1,110.05,0.2,110.05,88.04,87.34,0.7,2025-11,2025-11-10/2025-11-16,0.007950931394820535
ORD-502953,2025-07-19,SKU-1003,Bluetooth Speaker,Pro,Electronics,Brightline Wholesale,Marketplace,Jakarta,Bank Transfer,1,118.47,0.0,118.47,118.47,71.07,47.4,2025-07,2025-07-14/2025-07-20,0.40010129146619394
ORD-502954,2025-10-31,SKU-1006,Wireless Earbuds,Pro,Electronics,Aster Distribution,Retail Store,Jakarta,E-Wallet,1,48.0,0.0,48.0,48.0,31.91,16.09,2025-10,2025-10-27/2025-11-02,0.33520833333333333
ORD-502955,2025-05-24,SKU-1026,Desk Lamp,Premium,Home & Kitchen,Peak Imports,Online,Jakarta,E-Wallet,1,42.39,0.2,42.39,33.91,31.28,2.63,2025-05,2025-05-19/2025-05-25,0.07755824240636981
ORD-502956,2025-10-03,SKU-1038,Desk Organizer,Premium,Office,Urban Source Ltd.,Retail Store,Jakarta,Card,2,47.71,0.1,95.42,85.88,70.06,15.82,2025-10,2025-09-29/2025-10-05,0.1842105263157895
ORD-502957,2025-01-22,SKU-1035,Monitor Stand,Standard,Office,Brightline Wholesale,Retail Store,Makassar,Bank Transfer,1,61.43,0.0,61.43,61.43,33.7,27.73,2025-01,2025-01-20/2025-01-26,0.45140810678821425
ORD-502958,2025-09-09,SKU-1021,Electric Kettle,Pro,Home & Kitchen,Aster Distribution,Online,Surabaya,E-Wallet,1,84.19,0.05,84.19,79.98,57.93,22.05,2025-09,2025-09-08/2025-09-14,0.27569392348087024
ORD-502959,2025-07-28,SKU-1020,Electric Kettle,Premium,Home & Kitchen,Peak Imports,Retail Store,Semarang,Card,1,73.42,0.1,73.42,66.08,57.33,8.75,2025-07,2025-07-28/2025-08-03,0.13241525423728814
ORD-502960,2025-07-02,SKU-1001,Bluetooth Speaker,Standard,Electronics,Nova Supply Co.,Online,Yogyakarta,Card,1,120.16,0.05,120.16,114.15,83.77,30.38,2025-07,2025-06-30/2025-07-06,0.26614104248795445
ORD-502961,2025-04-17,SKU-1035,Monitor Stand,Standard,Office,Brightline Wholesale,Retail Store,Surabaya,Card,3,61.43,0.1,184.29,165.86,101.1,64.76,2025-04,2025-04-14/2025-04-20,0.3904497769202942
ORD-502962,2025-03-10,SKU-1023,Blender,Premium,Home & Kitchen,Urban Source Ltd.,Retail Store,Semarang,Bank Transfer,2,72.39,0.0,144.78,144.78,106.4,38.38,2025-03,2025-03-10/2025-03-16,0.2650918635170604
ORD-502963,2025-10-10,SKU-1005,Wireless Earbuds,Premium,Electronics,Aster Distribution,Marketplace,Yogyakarta,Cash,1,102.99,0.15,102.99,87.54,60.73,26.81,2025-10,2025-10-06/2025-10-12,0.30625999543066024
ORD-502964,2025-12-04,SKU-1057,Water Bottle,Standard,Sports,Nova Supply Co.,Marketplace,Semarang,E-Wallet,1,33.1,0.0,33.1,33.1,18.31,14.79,2025-12,2025-12-01/2025-12-07,0.4468277945619335
ORD-502965,2025-03-05,SKU-1064,Dumbbell Set,Premium,Sports,Brightline Wholesale,Online,Yogyakarta,E-Wallet,1,28.95,0.05,28.95,27.5,16.15,11.35,2025-03,2025-03-03/2025-03-09,0.4127272727272727
ORD-502966,2025-05-21,SKU-1024,Blender,Pro,Home & Kitchen,Aster Distribution,Wholesale,Jakarta,Card,1,59.17,0.15,59.17,50.29,44.96,5.33,2025-05,2025-05-19/2025-05-25,0.10598528534499901
ORD-502967,2025-07-17,SKU-1014,Mechanical Keyboard,Premium,Electronics,Nova Supply Co.,Marketplace,Jakarta,Card,1,106.42,0.0,106.42,106.42,74.24,32.18,2025-07,2025-07-14/2025-07-20,0.3023867694042473
ORD-502968,2025-01-09,SKU-1034,Gel Pen Set,Premium,Office,Aster Distribution,Retail Store,Medan,Bank Transfer,1,211.77,0.15,211.77,180.0,119.78,60.22,2025-01,2025-01-06/2025-01-12,0.33455555555555555
ORD-502969,2025-10-30,SKU-1059,Water Bottle,Pro,Sports,Brightline Wholesale,Retail Store,Surabaya,Card,1,21.51,0.15,21.51,18.28,17.37,0.91,2025-10,2025-10-27/2025-11-02,0.049781181619256015
ORD-502970,2025-05-02,SKU-1057,Water Bottle,Standard,Sports,Nova Supply Co.,Marketplace,Yogyakarta,Card,1,33.1,0.1,33.1,29.79,18.31,11.48,2025-05,2025-04-28/2025-05-04,0.38536421617992617
ORD-502971,2025-08-25,SKU-1064,Dumbbell Set,Premium,Sports,Brightline Wholesale,Retail Store,Semarang,Card,1,28.95,0.1,28.95,26.06,16.15,9.91,2025-08,2025-08-25/2025-08-31,0.3802762854950115
ORD-502972,2025-06-25,SKU-1010,USB-C Hub,Standard,Electronics,Peak Imports,Online,Jakarta,E-Wallet,1,23.78,0.1,23.78,21.4,18.47,2.93,2025-06,2025-06-23/2025-06-29,0.1369158878504673
ORD-502973,2025-05-28,SKU-1022,Blender,Standard,Home & Kitchen,Peak Imports,Retail Store,Jakarta,Card,3,94.62,0.05,283.86,269.67,182.31,87.36,2025-05,2025-05-26/2025-06-01,0.3239514962732228
ORD-502974,2025-07-27,SKU-1014,Mechanical Keyboard,Premium,Electronics,Nova Supply Co.,Marketplace,Jakarta,E-Wallet,1,106.42,0.15,106.42,90.46,74.24,16.22,2025-07,2025-07-21/2025-07-27,0.17930577050630112
ORD-502975,2025-12-01,SKU-1053,Yoga Mat,Pro,Sports,Brightline Wholesale,Retail Store,Bandung,E-Wallet,2,30.37,0.1,60.74,54.67,38.6,16.07,2025-12,2025-12-01/2025-12-07,0.2939454911285897
ORD-502976,2025-01-19,SKU-1030,Storage Box,Pro,Home & Kitchen,Urban Source Ltd.,Marketplace,Jakarta,Card,1,61.88,0.15,61.88,52.6,47.95,4.65,2025-01,2025-01-13/2025-01-19,0.08840304182509506
ORD-502977,2025-07-14,SKU-1022,Blender,Standard,Home & Kitchen,Peak Imports,Wholesale,Medan,E-Wallet,1,94.62,0.1,94.62,85.16,60.77,24.39,2025-07,2025-07-14/2025-07-20,0.2864020666979803
ORD-502978,2025-09-14,SKU-1053,Yoga Mat,Pro,Sports,Brightline Wholesale,Retail Store,Jakarta,Card,2,30.37,0.0,60.74,60.74,38.6,22.14,2025-09,2025-09-08/2025-09-14,0.3645044451761607
ORD-502979,2025-11-09,SKU-1012,USB-C Hub,Pro,Electronics,Nova Supply Co.,Wholesale,Jakarta,E-Wallet,1,66.9,0.1,66.9,60.21,46.06,14.15,2025-11,2025-11-03/2025-11-09,0.23501079554891213
ORD-502980,2025-08-13,SKU-1005,Wireless Earbuds,Premium,Electronics,Aster Distribution,Online,Bandung,Card,1,102.99,0.15,102.99,87.54,60.73,26.81,2025-08,2025-08-11/2025-08-17,0.30625999543066024
ORD-502981,2025-05-30,SKU-1060,Running Belt,Standard,Sports,Nova Supply Co.,Retail Store,Semarang,Cash,1,84.42,0.0,84.42,84.42,48.15,36.27,2025-05,2025-05-26/2025-06-01,0.42963752665245203
ORD-502982,2025-07-28,SKU-1049,Makeup Brush Set,Standard,Beauty,Nova Supply Co.,Marketplace,Jakarta,E-Wallet,2,34.46,0.0,68.92,68.92,51.36,17.56,2025-07,2025-07-28/2025-08-03,0.25478816018572253
ORD-502983,2025-02-25,SKU-1057,Water Bottle,Standard,Sports,Nova Supply Co.,Retail Store,Jakarta,Bank Transfer,3,33.1,0.1,99.3,89.37,54.93,34.44,2025-02,2025-02-24/2025-03-02,0.3853642161799261
ORD-502984,2025-10-17,SKU-1019,Electric Kettle,Standard,Home & Kitchen,Nova Supply Co.,Online,Medan,E-Wallet,3,88.16,0.05,264.48,251.26,159.06,92.2,2025-10,2025-10-13/2025-10-19,0.36695056913157686
ORD-502985,2025-07-28,SKU-1057,Water Bottle,Standard,Sports,Nova Supply Co.,Marketplace,Yogyakarta,Card,2,33.1,0.15,66.2,56.27,36.62,19.65,2025-07,2025-07-28/2025-08-03,0.34920917007286295
ORD-502986,2025-07-16,SKU-1051,Yoga Mat,Standard,Sports,Brightline Wholesale,Online,Surabaya,Bank Transfer,3,71.8,0.0,215.4,215.4,122.58,92.82,2025-07,2025-07-14/2025-07-20,0.43091922005571026
ORD-502987,2025-12-15,SKU-1031,Notebook,Standard,Office,Brightline Wholesale,Online,Semarang,Bank Transfer,2,36.9,0.0,73.8,73.8,46.12,27.68,2025-12,2025-12-15/2025-12-21,0.3750677506775068
ORD-502988,2025-03-23,SKU-1057,Water Bottle,Standard,Sports,Nova Supply Co.,Retail Store,Semarang,Bank Transfer,1,33.1,0.1,33.1,29.79,18.31,11.48,2025-03,2025-03-17/2025-03-23,0.38536421617992617
ORD-502989,2025-12-24,SKU-1019,Electric Kettle,Standard,Home & Kitchen,Nova Supply Co.,Online,Yogyakarta,E-Wallet,2,88.16,0.0,176.32,176.32,106.04,70.28,2025-12,2025-12-22/2025-12-28,0.3985934664246824
ORD-502990,2025-01-05,SKU-1002,Bluetooth Speaker,Premium,Electronics,Nova Supply Co.,Marketplace,Semarang,Cash,1,110.05,0.1,110.05,99.04,87.34,11.7,2025-01,2024-12-30/2025-01-05,0.11813408723747978
ORD-502991,2025-03-12,SKU-1011,USB-C Hub,Premium,Electronics,Urban Source Ltd.,Online,Makassar,E-Wallet,2,116.31,0.0,232.62,232.62,127.74,104.88,2025-03,2025-03-10/2025-03-16,0.4508640701573381
ORD-502992,2025-05-12,SKU-1026,Desk Lamp,Premium,Home & Kitchen,Peak Imports,Online,Yogyakarta,E-Wallet,3,42.39,0.05,127.17,120.81,93.84,26.97,2025-05,2025-05-12/2025-05-18,0.22324310901415445
ORD-502993,2025-05-14,SKU-1003,Bluetooth Speaker,Pro,Electronics,Brightline Wholesale,Retail Store,Makassar,E-Wallet,1,118.47,0.1,118.47,106.62,71.07,35.55,2025-05,2025-05-12/2025-05-18,0.33342712436691047
ORD-502994,2025-08-20,SKU-1019,Electric Kettle,Standard,Home & Kitchen,Nova Supply Co.,Online,Medan,Card,1,88.16,0.05,88.16,83.75,53.02,30.73,2025-08,2025-08-18/2025-08-24,0.3669253731343284
ORD-502995,2025-02-06,SKU-1026,Desk Lamp,Premium,Home & Kitchen,Peak Imports,Online,Medan,E-Wallet,2,42.39,0.0,84.78,84.78,62.56,22.22,2025-02,2025-02-03/2025-02-09,0.2620901155933003
ORD-502996,2025-05-30,SKU-1002,Bluetooth Speaker,Premium,Electronics,Nova Supply Co.,Retail Store,Jakarta,Bank Transfer,3,110.05,0.2,330.15,264.12,262.02,2.1,2025-05,2025-05-26/2025-06-01,0.007950931394820537
ORD-502997,2025-10-22,SKU-1025,Desk Lamp,Standard,Home & Kitchen,Urban Source Ltd.,Marketplace,Yogyakarta,Bank Transfer,2,104.17,0.05,208.34,197.92,157.2,40.72,2025-10,2025-10-20/2025-10-26,0.20573969280517382
ORD-502998,2025-01-01,SKU-1010,USB-C Hub,Standard,Electronics,Peak Imports,Online,Jakarta,Card,1,23.78,0.1,23.78,21.4,18.47,2.93,2025-01,2024-12-30/2025-01-05,0.1369158878504673
ORD-502999,2025-12-03,SKU-1057,Water Bottle,Standard,Sports,Nova Supply Co.,Retail Store,Jakarta,Card,1,33.1,0.15,33.1,28.14,18.31,9.83,2025-12,2025-12-01/2025-12-07,0.34932480454868514
ORD-503000,2025-08-15,SKU-1057,Water Bottle,Standard,Sports,Nova Supply Co.,Online,Jakarta,Card,4,33.1,0.0,132.4,132.4,73.24,59.16,2025-08,2025-08-11/2025-08-17,0.4468277945619335
ORD-503001,2025-11-28,SKU-1010,USB-C Hub,Standard,Electronics,Peak Imports,Retail Store,Jakarta,E-Wallet,1,23.78,0.05,23.78,22.59,18.47,4.12,2025-11,2025-11-24/2025-11-30,0.18238158477202301
ORD-503002,2025-09-19,SKU-1050,Makeup Brush Set,Premium,Beauty,Peak Imports,Online,Yogyakarta,E-Wallet,2,37.2,0.05,74.4,70.68,51.86,18.82,2025-09,2025-09-15/2025-09-21,0.2662705149971703
ORD-503003,2025-12-21,SKU-1006,Wireless Earbuds,Pro,Electronics,Aster Distribution,Online,Jakarta,E-Wallet,1,48.0,0.15,48.0,40.8,31.91,8.89,2025-12,2025-12-15/2025-12-21,0.21789215686274513
ORD-503004,2025-02-27,SKU-1035,Monitor Stand,Standard,Office,Brightline Wholesale,Online,Yogyakarta,E-Wallet,2,61.43,0.0,122.86,122.86,67.4,55.46,2025-02,2025-02-24/2025-03-02,0.45140810678821425
ORD-503005,2025-01-24,SKU-1022,Blender,Standard,Home & Kitchen,Peak Imports,Retail Store,Yogyakarta,Card,1,94.62,0.05,94.62,89.89,60.77,29.12,2025-01,2025-01-20/2025-01-26,0.32395149627322284
ORD-503006,2025-11-19,SKU-1040,Office Chair,Premium,Office,Brightline Wholesale,Online,Yogyakarta,Cash,2,159.4,0.15,318.8,270.98,222.84,48.14,2025-11,2025-11-17/2025-11-23,0.1776514871946269
ORD-503007,2025-07-16,SKU-1065,Dumbbell Set,Pro,Sports,Urban Source Ltd.,Online,Semarang,E-Wallet,1,18.33,0.0,18.33,18.33,10.76,7.57,2025-07,2025-07-14/2025-07-20,0.4129841789416258
ORD-503008,2025-06-22,SKU-1010,USB-C Hub,Standard,Electronics,Peak Imports,Online,Yogyakarta,Bank Transfer,2,23.78,0.05,47.56,45.18,36.94,8.24,2025-06,2025-06-16/2025-06-22,0.18238158477202301
ORD-503009,2025-12-03,SKU-1036,Monitor Stand,Premium,Office,Nova Supply Co.,Marketplace,Semarang,Bank Transfer,2,158.85,0.05,317.7,301.82,220.54,81.28,2025-12,2025-12-01/2025-12-07,0.26929958253263536
ORD-503010,2025-12-15,SKU-1042,Face Cleanser,Premium,Beauty,Peak Imports,Online,Yogyakarta,Card,2,31.12,0.05,62.24,59.13,50.32,8.81,2025-12,2025-12-15/2025-12-21,0.14899374260104853
ORD-503011,2025-09-25,SKU-1010,USB-C Hub,Standard,Electronics,Peak Imports,Retail Store,Bandung,Card,3,23.78,0.0,71.34,71.34,55.41,15.93,2025-09,2025-09-22/2025-09-28,0.2232968881412952
ORD-503012,2025-08-21,SKU-1036,Monitor Stand,Premium,Office,Nova Supply Co.,Online,Jakarta,E-Wallet,1,158.85,0.0,158.85,158.85,110.27,48.58,2025-08,2025-08-18/2025-08-24,0.3058231035568146
ORD-503013,2025-11-04,SKU-1026,Desk Lamp,Premium,Home & Kitchen,Peak Imports,Marketplace,Jakarta,E-Wallet,2,42.39,0.0,84.78,84.78,62.56,22.22,2025-11,2025-11-03/2025-11-09,0.2620901155933003
ORD-503014,2025-01-24,SKU-1018,Air Fryer,Pro,Home & Kitchen,Peak Imports,Marketplace,Yogyakarta,E-Wallet,1,12.8,0.0,12.8,12.8,7.68,5.12,2025-01,2025-01-20/2025-01-26,0.39999999999999997
ORD-503015,2025-06-06,SKU-1001,Bluetooth Speaker,Standard,Electronics,Nova Supply Co.,Online,Makassar,Cash,2,120.16,0.2,240.32,192.26,167.54,24.72,2025-06,2025-06-02/2025-06-08,0.12857588681993135
ORD-503016,2025-05-05,SKU-1001,Bluetooth Speaker,Standard,Electronics,Nova Supply Co.,Retail Store,Makassar,Card,2,120.16,0.05,240.32,228.3,167.54,60.76,2025-05,2025-05-05/2025-05-11,0.26614104248795445
ORD-503017,2025-11-18,SKU-1053,Yoga Mat,Pro,Sports,Brightline Wholesale,Online,Bandung,Cash,1,30.37,0.0,30.37,30.37,19.3,11.07,2025-11,2025-11-17/2025-11-23,0.3645044451761607
ORD-503018,2025-02-04,SKU-1009,Power Bank,Pro,Electronics,Nova Supply Co.,Marketplace,Semarang,E-Wallet,1,120.75,0.2,120.75,96.6,92.43,4.17,2025-02,2025-02-03/2025-02-09,0.04316770186335404
ORD-503019,2025-05-18,SKU-1053,Yoga Mat,Pro,Sports,Brightline Wholesale,Online,Jakarta,Card,2,30.37,0.15,60.74,51.63,38.6,13.03,2025-05,2025-05-12/2025-05-18,0.252372651559171
ORD-503020,2025-07-28,SKU-1059,Water Bottle,Pro,Sports,Brightline Wholesale,Marketplace,Semarang,E-Wallet,1,21.51,0.0,21.51,21.51,17.37,4.14,2025-07,2025-07-28/2025-08-03,0.1924686192468619
ORD-503021,2025-11-01,SKU-1010,USB-C Hub,Standard,Electronics,Peak Imports,Online,Medan,E-Wallet,2,23.78,0.05,47.56,45.18,36.94,8.24,2025-11,2025-10-27/2025-11-02,0.18238158477202301
ORD-503022,2025-12-04,SKU-1030,Storage Box,Pro,Home & Kitchen,Urban Source Ltd.,Retail Store,Bandung,E-Wallet,1,61.88,0.1,61.88,55.69,47.95,7.74,2025-12,2025-12-01/2025-12-07,0.13898365954390376
ORD-503023,2025-07-07,SKU-1038,Desk Organizer,Premium,Office,Urban Source Ltd.,Marketplace,Jakarta,Bank Transfer,1,47.71,0.0,47.71,47.71,35.03,12.68,2025-07,2025-07-07/2025-07-13,0.26577237476420035
ORD-503024,2025-02-06,SKU-1002,Bluetooth Speaker,Premium,Electronics,Nova Supply Co.,Wholesale,Semarang,Card,2,110.05,0.0,220.1,220.1,174.68,45.42,2025-02,2025-02-03/2025-02-09,0.20636074511585645
ORD-503025,2025-09-10,SKU-1049,Makeup Brush Set,Standard,Beauty,Nova Supply Co.,Marketplace,Jakarta,Card,1,34.46,0.1,34.46,31.01,25.68,5.33,2025-09,2025-09-08/2025-09-14,0.17188003869719445
ORD-503026,2025-06-12,SKU-1010,USB-C Hub,Standard,Electronics,Peak Imports,Online,Bandung,Bank Transfer,2,23.78,0.0,47.56,47.56,36.94,10.62,2025-06,2025-06-09/2025-06-15,0.22329688814129517
ORD-503027,2025-09-04,SKU-1049,Makeup Brush Set,Standard,Beauty,Nova Supply Co.,Retail Store,Surabaya,E-Wallet,3,34.46,0.15,103.38,87.87,77.04,10.83,2025-09,2025-09-01/2025-09-07,0.12325025606008876
ORD-503028,2025-04-13,SKU-1036,Monitor Stand,Premium,Office,Nova Supply Co.,Online,Yogyakarta,Card,1,158.85,0.1,158.85,142.96,110.27,32.69,2025-04,2025-04-07/2025-04-13,0.22866536094012307
ORD-503029,2025-01-20,SKU-1005,Wireless Earbuds,Premium,Electronics,Aster Distribution,Retail Store,Bandung,Bank Transfer,2,102.99,0.0,205.98,205.98,121.46,84.52,2025-01,2025-01-20/2025-01-26,0.4103311001068065
ORD-503030,2025-05-08,SKU-1057,Water Bottle,Standard,Sports,Nova Supply Co.,Online,Bandung,E-Wallet,2,33.1,0.0,66.2,66.2,36.62,29.58,2025-05,2025-05-05/2025-05-11,0.4468277945619335
ORD-503031,2025-06-29,SKU-1035,Monitor Stand,Standard,Office,Brightline Wholesale,Marketplace,Semarang,Card,1,61.43,0.15,61.43,52.22,33.7,18.52,2025-06,2025-06-23/2025-06-29,0.35465338950593644
ORD-503032,2025-03-18,SKU-1026,Desk Lamp,Premium,Home & Kitchen,Peak Imports,Marketplace,Bandung,Bank Transfer,1,42.39,0.0,42.39,42.39,31.28,11.11,2025-03,2025-03-17/2025-03-23,0.2620901155933003
ORD-503033,2025-10-25,SKU-1020,Electric Kettle,Premium,Home & Kitchen,Peak Imports,Online,Jakarta,Bank Transfer,2,73.42,0.1,146.84,132.16,114.66,17.5,2025-10,2025-10-20/2025-10-26,0.13241525423728814
ORD-503034,2025-05-26,SKU-1002,Bluetooth Speaker,Premium,Electronics,Nova Supply Co.,Marketplace,Jakarta,E-Wallet,2,110.05,0.0,220.1,220.1,174.68,45.42,2025-05,2025-05-26/2025-06-01,0.20636074511585645
ORD-503035,2025-10-01,SKU-1044,Sunscreen,Premium,Beauty,Nova Supply Co.,Marketplace,Bandung,Cash,1,41.08,0.05,41.08,39.03,31.72,7.31,2025-10,2025-09-29/2025-10-05,0.1872918267998975
ORD-503036,2025-09-12,SKU-1010,USB-C Hub,Standard,Electronics,Peak Imports,Retail Store,Makassar,Bank Transfer,1,23.78,0.0,23.78,23.78,18.47,5.31,2025-09,2025-09-08/2025-09-14,0.22329688814129517
ORD-503037,2025-08-31,SKU-1036,Monitor Stand,Premium,Office,Nova Supply Co.,Online,Jakarta,E-Wallet,2,158.85,0.1,317.7,285.93,220.54,65.39,2025-08,2025-08-25/2025-08-31,0.22869233728534955
ORD-503038,2025-09-14,SKU-1005,Wireless Earbuds,Premium,Electronics,Aster Distribution,Online,Yogyakarta,Card,1,102.99,0.1,102.99,92.69,60.73,31.96,2025-09,2025-09-08/2025-09-14,0.34480526486136587
ORD-503039,2025-07-18,SKU-1014,Mechanical Keyboard,Premium,Electronics,Nova Supply Co.,Wholesale,Bandung,E-Wallet,1,106.42,0.0,106.42,106.42,74.24,32.18,2025-07,2025-07-14/2025-07-20,0.3023867694042473
ORD-503040,2025-03-21,SKU-1036,Monitor Stand,Premium,Office,Nova Supply Co.,Online,Surabaya,Bank Transfer,1,158.85,0.0,158.85,158.85,110.27,48.58,2025-03,2025-03-17/2025-03-23,0.3058231035568146
ORD-503041,2025-01-17,SKU-1007,Power Bank,Standard,Electronics,Nova Supply Co.,Online,Surabaya,Cash,1,127.25,0.0,127.25,127.25,81.84,45.41,2025-01,2025-01-13/2025-01-19,0.35685658153241645
ORD-503042,2025-10-08,SKU-1019,Electric Kettle,Standard,Home & Kitchen,Nova Supply Co.,Online,Jakarta,Cash,1,88.16,0.0,88.16,88.16,53.02,35.14,2025-10,2025-10-06/2025-10-12,0.3985934664246824
ORD-503043,2025-06-08,SKU-1053,Yoga Mat,Pro,Sports,Brightline Wholesale,Online,Medan,Card,1,30.37,0.15,30.37,25.81,19.3,6.51,2025-06,2025-06-02/2025-06-08,0.2522278186749322
ORD-503044,2025-01-12,SKU-1028,Storage Box,Standard,Home & Kitchen,Nova Supply Co.,Online,Bandung,Cash,2,55.89,0.1,111.78,100.6,66.18,34.42,2025-01,2025-01-06/2025-01-12,0.3421471172962227
ORD-503045,2025-03-19,SKU-1030,Storage Box,Pro,Home & Kitchen,Urban Source Ltd.,Wholesale,Medan,Card,1,61.88,0.0,61.88,61.88,47.95,13.93,2025-03,2025-03-17/2025-03-23,0.22511312217194568
ORD-503046,2025-11-08,SKU-1018,Air Fryer,Pro,Home & Kitchen,Peak Imports,Retail Store,Jakarta,Bank Transfer,1,12.8,0.1,12.8,11.52,7.68,3.84,2025-11,2025-11-03/2025-11-09,0.3333333333333333
ORD-503047,2025-06-30,SKU-1015,Mechanical Keyboard,Pro,Electronics,Aster Distribution,Marketplace,Yogyakarta,Bank Transfer,1,110.43,0.2,110.43,88.34,80.89,7.45,2025-06,2025-06-30/2025-07-06,0.08433325786733077
ORD-503048,2025-11-19,SKU-1028,Storage Box,Standard,Home & Kitchen,Nova Supply Co.,Marketplace,Surabaya,E-Wallet,4,55.89,0.15,223.56,190.03,132.36,57.67,2025-11,2025-11-17/2025-11-23,0.3034783981476609
ORD-503049,2025-01-01,SKU-1036,Monitor Stand,Premium,Office,Nova Supply Co.,Online,Medan,E-Wallet,1,158.85,0.1,158.85,142.96,110.27,32.69,2025-01,2024-12-30/2025-01-05,0.22866536094012307
ORD-503050,2025-06-28,SKU-1036,Monitor Stand,Premium,Office,Nova Supply Co.,Retail Store,Jakarta,Card,3,158.85,0.2,476.55,381.24,330.81,50.43,2025-06,2025-06-23/2025-06-29,0.13227887944601827
ORD-503051,2025-01-04,SKU-1037,Desk Organizer,Standard,Office,Nova Supply Co.,Online,Jakarta,E-Wallet,1,24.82,0.05,24.82,23.58,14.08,9.5,2025-01,2024-12-30/2025-01-05,0.40288379983036476
ORD-503052,2025-12-20,SKU-1002,Bluetooth Speaker,Premium,Electronics,Nova Supply Co.,Marketplace,Bandung,Bank Transfer,1,110.05,0.0,110.05,110.05,87.34,22.71,2025-12,2025-12-15/2025-12-21,0.20636074511585645
ORD-503053,2025-04-19,SKU-1054,Resistance Bands,Standard,Sports,Peak Imports,Marketplace,Surabaya,Card,3,67.42,0.05,202.26,192.15,159.75,32.4,2025-04,2025-04-14/2025-04-20,0.1686182669789227
ORD-503054,2025-04-21,SKU-1057,Water Bottle,Standard,Sports,Nova Supply Co.,Marketplace,Yogyakarta,Bank Transfer,1,33.1,0.0,33.1,33.1,18.31,14.79,2025-04,2025-04-21/2025-04-27,0.4468277945619335
ORD-503055,2025-02-10,SKU-1035,Monitor Stand,Standard,Office,Brightline Wholesale,Wholesale,Makassar,Card,1,61.43,0.15,61.43,52.22,33.7,18.52,2025-02,2025-02-10/2025-02-16,0.35465338950593644
ORD-503056,2025-03-19,SKU-1022,Blender,Standard,Home & Kitchen,Peak Imports,Marketplace,Medan,E-Wallet,4,94.62,0.2,378.48,302.78,243.08,59.7,2025-03,2025-03-17/2025-03-23,0.19717286478631352
ORD-503057,2025-10-27,SKU-1064,Dumbbell Set,Premium,Sports,Brightline Wholesale,Marketplace,Makassar,Cash,1,28.95,0.15,28.95,24.61,16.15,8.46,2025-10,2025-10-27/2025-11-02,0.34376269809020726
ORD-503058,2025-10-12,SKU-1035,Monitor Stand,Standard,Office,Brightline Wholesale,Online,Surabaya,E-Wallet,1,61.43,0.0,61.43,61.43,33.7,27.73,2025-10,2025-10-06/2025-10-12,0.45140810678821425
ORD-503059,2025-04-16,SKU-1017,Air Fryer,Premium,Home & Kitchen,Peak Imports,Online,Bandung,E-Wallet,1,85.71,0.0,85.71,85.71,66.93,18.78,2025-04,2025-04-14/2025-04-20,0.21911095554777743
ORD-503060,2025-02-01,SKU-1036,Monitor Stand,Premium,Office,Nova Supply Co.,Online,Surabaya,E-Wallet,1,158.85,0.0,158.85,158.85,110.27,48.58,2025-02,2025-01-27/2025-02-02,0.3058231035568146
ORD-503061,2025-06-06,SKU-1018,Air Fryer,Pro,Home & Kitchen,Peak Imports,Online,Surabaya,Card,1,12.8,0.15,12.8,10.88,7.68,3.2,2025-06,2025-06-02/2025-06-08,0.29411764705882354
ORD-503062,2025-11-03,SKU-1053,Yoga Mat,Pro,Sports,Brightline Wholesale,Wholesale,Yogyakarta,E-Wallet,2,30.37,0.1,60.74,54.67,38.6,16.07,2025-11,2025-11-03/2025-11-09,0.2939454911285897
ORD-503063,2025-03-21,SKU-1064,Dumbbell Set,Premium,Sports,Brightline Wholesale,Retail Store,Semarang,Bank Transfer,4,28.95,0.0,115.8,115.8,64.6,51.2,2025-03,2025-03-17/2025-03-23,0.4421416234887738
ORD-503064,2025-02-22,SKU-1012,USB-C Hub,Pro,Electronics,Nova Supply Co.,Online,Bandung,Card,1,66.9,0.0,66.9,66.9,46.06,20.84,2025-02,2025-02-17/2025-02-23,0.3115097159940209
ORD-503065,2025-05-16,SKU-1006,Wireless Earbuds,Pro,Electronics,Aster Distribution,Online,Yogyakarta,Card,1,48.0,0.1,48.0,43.2,31.91,11.29,2025-05,2025-05-12/2025-05-18,0.26134259259259257
ORD-503066,2025-08-25,SKU-1028,Storage Box,Standard,Home & Kitchen,Nova Supply Co.,Retail Store,Makassar,E-Wallet,1,55.89,0.1,55.89,50.3,33.09,17.21,2025-08,2025-08-25/2025-08-31,0.3421471172962227
ORD-503067,2025-06-20,SKU-1016,Air Fryer,Standard,Home & Kitchen,Aster Distribution,Online,Yogyakarta,E-Wallet,1,98.91,0.05,98.91,93.96,70.38,23.58,2025-06,2025-06-16/2025-06-22,0.2509578544061303
ORD-503068,2025-04-23,SKU-1064,Dumbbell Set,Premium,Sports,Brightline Wholesale,Online,Jakarta,E-Wallet,2,28.95,0.15,57.9,49.22,32.3,16.92,2025-04,2025-04-21/2025-04-27,0.34376269809020726
ORD-503069,2025-04-05,SKU-1010,USB-C Hub,Standard,Electronics,Peak Imports,Retail Store,Yogyakarta,E-Wallet,1,23.78,0.05,23.78,22.59,18.47,4.12,2025-04,2025-03-31/2025-04-06,0.18238158477202301
ORD-503070,2025-02-19,SKU-1046,Moisturizer,Premium,Beauty,Peak Imports,Online,Yogyakarta,Cash,2,8.32,0.05,16.64,15.81,9.18,6.63,2025-02,2025-02-17/2025-02-23,0.4193548387096774
ORD-503071,2025-03-14,SKU-1057,Water Bottle,Standard,Sports,Nova Supply Co.,Online,Yogyakarta,Card,1,33.1,0.05,33.1,31.44,18.31,13.13,2025-03,2025-03-10/2025-03-16,0.4176208651399491
ORD-503072,2025-12-05,SKU-1064,Dumbbell Set,Premium,Sports,Brightline Wholesale,Marketplace,Yogyakarta,Bank Transfer,1,28.95,0.0,28.95,28.95,16.15,12.8,2025-12,2025-12-01/2025-12-07,0.4421416234887738
ORD-503073,2025-12-24,SKU-1002,Bluetooth Speaker,Premium,Electronics,Nova Supply Co.,Marketplace,Jakarta,E-Wallet,1,110.05,0.0,110.05,110.05,87.34,22.71,2025-12,2025-12-22/2025-12-28,0.20636074511585645
ORD-503074,2025-04-16,SKU-1036,Monitor Stand,Premium,Office,Nova Supply Co.,Wholesale,Jakarta,Cash,1,158.85,0.2,158.85,127.08,110.27,16.81,2025-04,2025-04-14/2025-04-20,0.13227887944601824
ORD-503075,2025-04-29,SKU-1010,USB-C Hub,Standard,Electronics,Peak Imports,Marketplace,Surabaya,Card,2,23.78,0.05,47.56,45.18,36.94,8.24,2025-04,2025-04-28/2025-05-04,0.18238158477202301
ORD-503076,2025-10-01,SKU-1027,Desk Lamp,Pro,Home & Kitchen,Brightline Wholesale,Retail Store,Surabaya,E-Wallet,1,72.16,0.0,72.16,72.16,43.33,28.83,2025-10,2025-09-29/2025-10-05,0.3995288248337029
ORD-503077,2025-11-03,SKU-1009,Power Bank,Pro,Electronics,Nova Supply Co.,Retail Store,Yogyakarta,E-Wallet,1,120.75,0.05,120.75,114.71,92.43,22.28,2025-11,2025-11-03/2025-11-09,0.19422892511550868
ORD-503078,2025-11-02,SKU-1057,Water Bottle,Standard,Sports,Nova Supply Co.,Online,Medan,Cash,1,33.1,0.1,33.1,29.79,18.31,11.48,2025-11,2025-10-27/2025-11-02,0.38536421617992617
ORD-503079,2025-06-08,SKU-1060,Running Belt,Standard,Sports,Nova Supply Co.,Online,Jakarta,E-Wallet,1,84.42,0.15,84.42,71.76,48.15,23.61,2025-06,2025-06-02/2025-06-08,0.3290133779264214
ORD-503080,2025-09-21,SKU-1039,Office Chair,Standard,Office,Nova Supply Co.,Marketplace,Medan,Card,1,42.18,0.0,42.18,42.18,24.47,17.71,2025-09,2025-09-15/2025-09-21,0.41986723565670936
ORD-503081,2025-11-01,SKU-1005,Wireless Earbuds,Premium,Electronics,Aster Distribution,Marketplace,Yogyakarta,Card,1,102.99,0.0,102.99,102.99,60.73,42.26,2025-11,2025-10-27/2025-11-02,0.4103311001068065
ORD-503082,2025-06-09,SKU-1013,Mechanical Keyboard,Standard,Electronics,Nova Supply Co.,Online,Makassar,Card,1,35.15,0.05,35.15,33.39,24.14,9.25,2025-06,2025-06-09/2025-06-15,0.2770290506139563
ORD-503083,2025-08-31,SKU-1002,Bluetooth Speaker,Premium,Electronics,Nova Supply Co.,Online,Medan,E-Wallet,1,110.05,0.0,110.05,110.05,87.34,22.71,2025-08,2025-08-25/2025-08-31,0.20636074511585645
ORD-503084,2025-10-16,SKU-1007,Power Bank,Standard,Electronics,Nova Supply Co.,Online,Yogyakarta,Card,1,127.25,0.05,127.25,120.89,81.84,39.05,2025-10,2025-10-13/2025-10-19,0.3230209281164695
ORD-503085,2025-08-24,SKU-1027,Desk Lamp,Pro,Home & Kitchen,Brightline Wholesale,Marketplace,Jakarta,Bank Transfer,3,72.16,0.0,216.48,216.48,129.99,86.49,2025-08,2025-08-18/2025-08-24,0.3995288248337029
ORD-503086,2025-03-13,SKU-1046,Moisturizer,Premium,Beauty,Peak Imports,Retail Store,Makassar,E-Wallet,1,8.32,0.05,8.32,7.9,4.59,3.31,2025-03,2025-03-10/2025-03-16,0.4189873417721519
ORD-503087,2025-08-02,SKU-1061,Running Belt,Premium,Sports,Aster Distribution,Online,Yogyakarta,E-Wallet,2,76.7,0.0,153.4,153.4,87.42,65.98,2025-08,2025-07-28/2025-08-03,0.4301173402868318
ORD-503088,2025-11-12,SKU-1012,USB-C Hub,Pro,Electronics,Nova Supply Co.,Marketplace,Medan,Card,1,66.9,0.15,66.9,56.86,46.06,10.8,2025-11,2025-11-10/2025-11-16,0.18994020400984876
ORD-503089,2025-06-15,SKU-1047,Hair Dryer,Standard,Beauty,Nova Supply Co.,Online,Medan,Card,1,52.4,0.1,52.4,47.16,41.75,5.41,2025-06,2025-06-09/2025-06-15,0.11471586089906702
ORD-503090,2025-12-01,SKU-1010,USB-C Hub,Standard,Electronics,Peak Imports,Online,Yogyakarta,Card,2,23.78,0.05,47.56,45.18,36.94,8.24,2025-12,2025-12-01/2025-12-07,0.18238158477202301
ORD-503091,2025-09-06,SKU-1035,Monitor Stand,Standard,Office,Brightline Wholesale,Marketplace,Bandung,Bank Transfer,1,61.43,0.0,61.43,61.43,33.7,27.73,2025-09,2025-09-01/2025-09-07,0.45140810678821425
ORD-503092,2025-12-21,SKU-1019,Electric Kettle,Standard,Home & Kitchen,Nova Supply Co.,Online,Surabaya,Card,1,88.16,0.1,88.16,79.34,53.02,26.32,2025-12,2025-12-15/2025-12-21,0.3317368288379128
ORD-503093,2025-12-28,SKU-1060,Running Belt,Standard,Sports,Nova Supply Co.,Online,Yogyakarta,Card,1,84.42,0.0,84.42,84.42,48.15,36.27,2025-12,2025-12-22/2025-12-28,0.42963752665245203
ORD-503094,2025-03-07,SKU-1049,Makeup Brush Set,Standard,Beauty,Nova Supply Co.,Marketplace,Bandung,Card,1,34.46,0.0,34.46,34.46,25.68,8.78,2025-03,2025-03-03/2025-03-09,0.25478816018572253
ORD-503095,2025-07-21,SKU-1046,Moisturizer,Premium,Beauty,Peak Imports,Retail Store,Makassar,Card,1,8.32,0.0,8.32,8.32,4.59,3.73,2025-07,2025-07-21/2025-07-27,0.44831730769230765
ORD-503096,2025-11-17,SKU-1033,Gel Pen Set,Standard,Office,Aster Distribution,Online,Jakarta,E-Wallet,1,82.15,0.05,82.15,78.04,65.35,12.69,2025-11,2025-11-17/2025-11-23,0.16260891850333162
ORD-503097,2025-05-10,SKU-1008,Power Bank,Premium,Electronics,Peak Imports,Marketplace,Jakarta,Cash,2,64.8,0.1,129.6,116.64,71.04,45.6,2025-05,2025-05-05/2025-05-11,0.39094650205761317
ORD-503098,2025-09-29,SKU-1050,Makeup Brush Set,Premium,Beauty,Peak Imports,Wholesale,Surabaya,E-Wallet,1,37.2,0.0,37.2,37.2,25.93,11.27,2025-09,2025-09-29/2025-10-05,0.3029569892473118
ORD-503099,2025-07-26,SKU-1030,Storage Box,Pro,Home & Kitchen,Urban Source Ltd.,Marketplace,Jakarta,Bank Transfer,2,61.88,0.05,123.76,117.57,95.9,21.67,2025-07,2025-07-21/2025-07-27,0.1843157268010547
ORD-503100,2025-10-15,SKU-1056,Resistance Bands,Pro,Sports,Nova Supply Co.,Retail Store,Jakarta,Card,1,37.19,0.05,37.19,35.33,21.86,13.47,2025-10,2025-10-13/2025-10-19,0.38126238324370226
ORD-503101,2025-06-05,SKU-1010,USB-C Hub,Standard,Electronics,Peak Imports,Online,Surabaya,Card,1,23.78,0.0,23.78,23.78,18.47,5.31,2025-06,2025-06-02/2025-06-08,0.22329688814129517
ORD-503102,2025-12-16,SKU-1061,Running Belt,Premium,Sports,Aster Distribution,Retail Store,Jakarta,Card,3,76.7,0.15,230.1,195.58,131.13,64.45,2025-12,2025-12-15/2025-12-21,0.3295326720523571
ORD-503103,2025-07-28,SKU-1023,Blender,Premium,Home & Kitchen,Urban Source Ltd.,Online,Jakarta,Bank Transfer,1,72.39,0.05,72.39,68.77,53.2,15.57,2025-07,2025-07-28/2025-08-03,0.22640686345790317
ORD-503104,2025-01-13,SKU-1010,USB-C Hub,Standard,Electronics,Peak Imports,Retail Store,Jakarta,E-Wallet,2,23.78,0.0,47.56,47.56,36.94,10.62,2025-01,2025-01-13/2025-01-19,0.22329688814129517
ORD-503105,2025-12-17,SKU-1019,Electric Kettle,Standard,Home & Kitchen,Nova Supply Co.,Wholesale,Bandung,E-Wallet,1,88.16,0.05,88.16,83.75,53.02,30.73,2025-12,2025-12-15/2025-12-21,0.3669253731343284
ORD-503106,2025-06-30,SKU-1056,Resistance Bands,Pro,Sports,Nova Supply Co.,Online,Makassar,E-Wallet,1,37.19,0.1,37.19,33.47,21.86,11.61,2025-06,2025-06-30/2025-07-06,0.3468778010158351
ORD-503107,2025-05-12,SKU-1001,Bluetooth Speaker,Standard,Electronics,Nova Supply Co.,Marketplace,Bandung,Card,1,120.16,0.05,120.16,114.15,83.77,30.38,2025-05,2025-05-12/2025-05-18,0.26614104248795445
ORD-503108,2025-04-01,SKU-1056,Resistance Bands,Pro,Sports,Nova Supply Co.,Online,Semarang,Bank Transfer,1,37.19,0.0,37.19,37.19,21.86,15.33,2025-04,2025-03-31/2025-04-06,0.4122075826835171
ORD-503109,2025-06-22,SKU-1030,Storage Box,Pro,Home & Kitchen,Urban Source Ltd.,Online,Bandung,E-Wallet,1,61.88,0.1,61.88,55.69,47.95,7.74,2025-06,2025-06-16/2025-06-22,0.13898365954390376
ORD-503110,2025-11-12,SKU-1057,Water Bottle,Standard,Sports,Nova Supply Co.,Retail Store,Bandung,Bank Transfer,2,33.1,0.05,66.2,62.89,36.62,26.27,2025-11,2025-11-10/2025-11-16,0.41771346795993003
ORD-503111,2025-10-16,SKU-1056,Resistance Bands,Pro,Sports,Nova Supply Co.,Wholesale,Surabaya,Bank Transfer,1,37.19,0.0,37.19,37.19,21.86,15.33,2025-10,2025-10-13/2025-10-19,0.4122075826835171
ORD-503112,2025-06-26,SKU-1015,Mechanical Keyboard,Pro,Electronics,Aster Distribution,Online,Makassar,Bank Transfer,1,110.43,0.05,110.43,104.91,80.89,24.02,2025-06,2025-06-23/2025-06-29,0.22895815460871224
ORD-503113,2025-05-02,SKU-1001,Bluetooth Speaker,Standard,Electronics,Nova Supply Co.,Marketplace,Medan,E-Wallet,1,120.16,0.0,120.16,120.16,83.77,36.39,2025-05,2025-04-28/2025-05-04,0.3028462050599201
ORD-503114,2025-09-25,SKU-1014,Mechanical Keyboard,Premium,Electronics,Nova Supply Co.,Marketplace,Bandung,E-Wallet,2,106.42,0.0,212.84,212.84,148.48,64.36,2025-09,2025-09-22/2025-09-28,0.3023867694042473
ORD-503115,2025-03-13,SKU-1052,Yoga Mat,Premium,Sports,Peak Imports,Online,Jakarta,Card,3,51.11,0.05,153.33,145.66,121.08,24.58,2025-03,2025-03-10/2025-03-16,0.168749141837155
ORD-503116,2025-02-05,SKU-1002,Bluetooth Speaker,Premium,Electronics,Nova Supply Co.,Marketplace,Medan,Card,1,110.05,0.0,110.05,110.05,87.34,22.71,2025-02,2025-02-03/2025-02-09,0.20636074511585645
ORD-503117,2025-05-18,SKU-1053,Yoga Mat,Pro,Sports,Brightline Wholesale,Retail Store,Semarang,Cash,2,30.37,0.0,60.74,60.74,38.6,22.14,2025-05,2025-05-12/2025-05-18,0.3645044451761607
ORD-503118,2025-11-28,SKU-1057,Water Bottle,Standard,Sports,Nova Supply Co.,Online,Jakarta,Card,1,33.1,0.15,33.1,28.14,18.31,9.83,2025-11,2025-11-24/2025-11-30,0.34932480454868514
ORD-503119,2025-02-03,SKU-1024,Blender,Pro,Home & Kitchen,Aster Distribution,Online,Makassar,E-Wallet,1,59.17,0.0,59.17,59.17,44.96,14.21,2025-02,2025-02-03/2025-02-09,0.24015548419807337
ORD-503120,2025-03-26,SKU-1002,Bluetooth Speaker,Premium,Electronics,Nova Supply Co.,Online,Semarang,E-Wallet,1,110.05,0.0,110.05,110.05,87.34,22.71,2025-03,2025-03-24/2025-03-30,0.20636074511585645
ORD-503121,2025-11-18,SKU-1002,Bluetooth Speaker,Premium,Electronics,Nova Supply Co.,Retail Store,Jakarta,Card,2,110.05,0.05,220.1,209.1,174.68,34.42,2025-11,2025-11-17/2025-11-23,0.1646102343376375
ORD-503122,2025-05-03,SKU-1008,Power Bank,Premium,Electronics,Peak Imports,Online,Bandung,E-Wallet,1,64.8,0.1,64.8,58.32,35.52,22.8,2025-05,2025-04-28/2025-05-04,0.39094650205761317
ORD-503123,2025-11-20,SKU-1057,Water Bottle,Standard,Sports,Nova Supply Co.,Retail Store,Yogyakarta,E-Wallet,1,33.1,0.0,33.1,33.1,18.31,14.79,2025-11,2025-11-17/2025-11-23,0.4468277945619335
ORD-503124,2025-09-08,SKU-1028,Storage Box,Standard,Home & Kitchen,Nova Supply Co.,Online,Medan,E-Wallet,1,55.89,0.1,55.89,50.3,33.09,17.21,2025-09,2025-09-08/2025-09-14,0.3421471172962227
ORD-503125,2025-03-04,SKU-1009,Power Bank,Pro,Electronics,Nova Supply Co.,Online,Bandung,E-Wallet,1,120.75,0.05,120.75,114.71,92.43,22.28,2025-03,2025-03-03/2025-03-09,0.19422892511550868
ORD-503126,2025-04-23,SKU-1034,Gel Pen Set,Premium,Office,Aster Distribution,Retail Store,Yogyakarta,Card,1,211.77,0.05,211.77,201.18,119.78,81.4,2025-04,2025-04-21/2025-04-27,0.40461278457103095
ORD-503127,2025-07-31,SKU-1035,Monitor Stand,Standard,Office,Brightline Wholesale,Retail Store,Surabaya,Bank Transfer,1,61.43,0.1,61.43,55.29,33.7,21.59,2025-07,2025-07-28/2025-08-03,0.3904865255923313
ORD-503128,2025-12-08,SKU-1029,Storage Box,Premium,Home & Kitchen,Aster Distribution,Online,Bandung,Card,1,14.45,0.0,14.45,14.45,11.48,2.97,2025-12,2025-12-08/2025-12-14,0.2055363321799308
ORD-503129,2025-04-27,SKU-1006,Wireless Earbuds,Pro,Electronics,Aster Distribution,Retail Store,Surabaya,Cash,2,48.0,0.1,96.0,86.4,63.82,22.58,2025-04,2025-04-21/2025-04-27,0.26134259259259257
ORD-503130,2025-10-07,SKU-1056,Resistance Bands,Pro,Sports,Nova Supply Co.,Online,Jakarta,Card,2,37.19,0.05,74.38,70.66,43.72,26.94,2025-10,2025-10-06/2025-10-12,0.38126238324370226
ORD-503131,2025-12-12,SKU-1010,USB-C Hub,Standard,Electronics,Peak Imports,Online,Bandung,E-Wallet,2,23.78,0.15,47.56,40.43,36.94,3.49,2025-12,2025-12-08/2025-12-14,0.08632203809052684
ORD-503132,2025-12-30,SKU-1006,Wireless Earbuds,Pro,Electronics,Aster Distribution,Online,Semarang,Bank Transfer,1,48.0,0.15,48.0,40.8,31.91,8.89,2025-12,2025-12-29/2026-01-04,0.21789215686274513
ORD-503133,2025-12-25,SKU-1023,Blender,Premium,Home & Kitchen,Urban Source Ltd.,Wholesale,Yogyakarta,Card,1,72.39,0.1,72.39,65.15,53.2,11.95,2025-12,2025-12-22/2025-12-28,0.18342287029930926
ORD-503134,2025-05-27,SKU-1025,Desk Lamp,Standard,Home & Kitchen,Urban Source Ltd.,Retail Store,Bandung,Bank Transfer,1,104.17,0.0,104.17,104.17,78.6,25.57,2025-05,2025-05-26/2025-06-01,0.2454641451473553
ORD-503135,2025-06-27,SKU-1024,Blender,Pro,Home & Kitchen,Aster Distribution,Retail Store,Jakarta,E-Wallet,1,59.17,0.0,59.17,59.17,44.96,14.21,2025-06,2025-06-23/2025-06-29,0.24015548419807337
ORD-503136,2025-05-29,SKU-1012,USB-C Hub,Pro,Electronics,Nova Supply Co.,Online,Jakarta,Bank Transfer,2,66.9,0.05,133.8,127.11,92.12,34.99,2025-05,2025-05-26/2025-06-01,0.2752733852568641
ORD-503137,2025-11-07,SKU-1024,Blender,Pro,Home & Kitchen,Aster Distribution,Marketplace,Bandung,Bank Transfer,2,59.17,0.1,118.34,106.51,89.92,16.59,2025-11,2025-11-03/2025-11-09,0.15576002253309548
ORD-503138,2025-06-22,SKU-1055,Resistance Bands,Premium,Sports,Aster Distribution,Online,Medan,Card,1,26.5,0.0,26.5,26.5,21.45,5.05,2025-06,2025-06-16/2025-06-22,0.19056603773584904
ORD-503139,2025-06-11,SKU-1056,Resistance Bands,Pro,Sports,Nova Supply Co.,Marketplace,Bandung,Bank Transfer,1,37.19,0.15,37.19,31.61,21.86,9.75,2025-06,2025-06-09/2025-06-15,0.3084466940841506
ORD-503140,2025-04-20,SKU-1032,Notebook,Premium,Office,Brightline Wholesale,Online,Yogyakarta,Cash,1,86.3,0.1,86.3,77.67,63.48,14.19,2025-04,2025-04-14/2025-04-20,0.18269602162997295
ORD-503141,2025-01-19,SKU-1060,Running Belt,Standard,Sports,Nova Supply Co.,Online,Bandung,E-Wallet,1,84.42,0.0,84.42,84.42,48.15,36.27,2025-01,2025-01-13/2025-01-19,0.42963752665245203
ORD-503142,2025-03-19,SKU-1026,Desk Lamp,Premium,Home & Kitchen,Peak Imports,Online,Jakarta,Card,1,42.39,0.05,42.39,40.27,31.28,8.99,2025-03,2025-03-17/2025-03-23,0.22324310901415445
ORD-503143,2025-05-07,SKU-1052,Yoga Mat,Premium,Sports,Peak Imports,Online,Bandung,Bank Transfer,2,51.11,0.05,102.22,97.11,80.72,16.39,2025-05,2025-05-05/2025-05-11,0.1687776748017712
ORD-503144,2025-10-24,SKU-1047,Hair Dryer,Standard,Beauty,Nova Supply Co.,Online,Jakarta,Card,1,52.4,0.0,52.4,52.4,41.75,10.65,2025-10,2025-10-20/2025-10-26,0.20324427480916032
ORD-503145,2025-10-04,SKU-1015,Mechanical Keyboard,Pro,Electronics,Aster Distribution,Retail Store,Bandung,Cash,1,110.43,0.0,110.43,110.43,80.89,29.54,2025-10,2025-09-29/2025-10-05,0.26749977361224303
ORD-503146,2025-04-28,SKU-1064,Dumbbell Set,Premium,Sports,Brightline Wholesale,Wholesale,Yogyakarta,Bank Transfer,1,28.95,0.1,28.95,26.06,16.15,9.91,2025-04,2025-04-28/2025-05-04,0.3802762854950115
ORD-503147,2025-12-23,SKU-1054,Resistance Bands,Standard,Sports,Peak Imports,Online,Makassar,Card,3,67.42,0.1,202.26,182.03,159.75,22.28,2025-12,2025-12-22/2025-12-28,0.12239740702082075
ORD-503148,2025-10-10,SKU-1057,Water Bottle,Standard,Sports,Nova Supply Co.,Wholesale,Jakarta,E-Wallet,1,33.1,0.1,33.1,29.79,18.31,11.48,2025-10,2025-10-06/2025-10-12,0.38536421617992617
ORD-503149,2025-11-13,SKU-1057,Water Bottle,Standard,Sports,Nova Supply Co.,Marketplace,Yogyakarta,Card,2,33.1,0.1,66.2,59.58,36.62,22.96,2025-11,2025-11-10/2025-11-16,0.38536421617992617
ORD-503150,2025-05-13,SKU-1038,Desk Organizer,Premium,Office,Urban Source Ltd.,Online,Jakarta,E-Wallet,2,47.71,0.1,95.42,85.88,70.06,15.82,2025-05,2025-05-12/2025-05-18,0.1842105263157895
ORD-503151,2025-09-18,SKU-1028,Storage Box,Standard,Home & Kitchen,Nova Supply Co.,Online,Yogyakarta,Bank Transfer,2,55.89,0.15,111.78,95.01,66.18,28.83,2025-09,2025-09-15/2025-09-21,0.3034417429744237
ORD-503152,2025-11-11,SKU-1010,USB-C Hub,Standard,Electronics,Peak Imports,Retail Store,Yogyakarta,E-Wallet,1,23.78,0.15,23.78,20.21,18.47,1.74,2025-11,2025-11-10/2025-11-16,0.08609599208312715
ORD-503153,2025-02-26,SKU-1018,Air Fryer,Pro,Home & Kitchen,Peak Imports,Online,Jakarta,E-Wallet,2,12.8,0.0,25.6,25.6,15.36,10.24,2025-02,2025-02-24/2025-03-02,0.39999999999999997
ORD-503154,2025-07-31,SKU-1018,Air Fryer,Pro,Home & Kitchen,Peak Imports,Marketplace,Semarang,Cash,2,12.8,0.05,25.6,24.32,15.36,8.96,2025-07,2025-07-28/2025-08-03,0.368421052631579
ORD-503155,2025-11-14,SKU-1062,Running Belt,Pro,Sports,Nova Supply Co.,Online,Makassar,Card,1,33.01,0.0,33.01,33.01,19.93,13.08,2025-11,2025-11-10/2025-11-16,0.396243562556801
ORD-503156,2025-03-04,SKU-1056,Resistance Bands,Pro,Sports,Nova Supply Co.,Online,Bandung,Card,2,37.19,0.05,74.38,70.66,43.72,26.94,2025-03,2025-03-03/2025-03-09,0.38126238324370226
ORD-503157,2025-12-17,SKU-1057,Water Bottle,Standard,Sports,Nova Supply Co.,Marketplace,Yogyakarta,E-Wallet,1,33.1,0.15,33.1,28.14,18.31,9.83,2025-12,2025-12-15/2025-12-21,0.34932480454868514
ORD-503158,2025-11-23,SKU-1051,Yoga Mat,Standard,Sports,Brightline Wholesale,Marketplace,Jakarta,Card,1,71.8,0.1,71.8,64.62,40.86,23.76,2025-11,2025-11-17/2025-11-23,0.36768802228412256
ORD-503159,2025-05-21,SKU-1040,Office Chair,Premium,Office,Brightline Wholesale,Wholesale,Jakarta,Card,1,159.4,0.15,159.4,135.49,111.42,24.07,2025-05,2025-05-19/2025-05-25,0.1776514871946269
ORD-503160,2025-04-03,SKU-1010,USB-C Hub,Standard,Electronics,Peak Imports,Online,Yogyakarta,Card,1,23.78,0.15,23.78,20.21,18.47,1.74,2025-04,2025-03-31/2025-04-06,0.08609599208312715
ORD-503161,2025-03-07,SKU-1003,Bluetooth Speaker,Pro,Electronics,Brightline Wholesale,Online,Jakarta,E-Wallet,1,118.47,0.1,118.47,106.62,71.07,35.55,2025-03,2025-03-03/2025-03-09,0.33342712436691047
ORD-503162,2025-01-04,SKU-1056,Resistance Bands,Pro,Sports,Nova Supply Co.,Marketplace,Yogyakarta,Bank Transfer,1,37.19,0.05,37.19,35.33,21.86,13.47,2025-01,2024-12-30/2025-01-05,0.38126238324370226
ORD-503163,2025-01-28,SKU-1005,Wireless Earbuds,Premium,Electronics,Aster Distribution,Online,Surabaya,Card,1,102.99,0.1,102.99,92.69,60.73,31.96,2025-01,2025-01-27/2025-02-02,0.34480526486136587
ORD-503164,2025-08-01,SKU-1057,Water Bottle,Standard,Sports,Nova Supply Co.,Marketplace,Yogyakarta,Card,2,33.1,0.05,66.2,62.89,36.62,26.27,2025-08,2025-07-28/2025-08-03,0.41771346795993003
ORD-503165,2025-07-10,SKU-1057,Water Bottle,Standard,Sports,Nova Supply Co.,Online,Yogyakarta,Bank Transfer,2,33.1,0.1,66.2,59.58,36.62,22.96,2025-07,2025-07-07/2025-07-13,0.38536421617992617
ORD-503166,2025-07-25,SKU-1007,Power Bank,Standard,Electronics,Nova Supply Co.,Marketplace,Makassar,Card,1,127.25,0.2,127.25,101.8,81.84,19.96,2025-07,2025-07-21/2025-07-27,0.19607072691552063
ORD-503167,2025-09-08,SKU-1030,Storage Box,Pro,Home & Kitchen,Urban Source Ltd.,Online,Jakarta,Card,1,61.88,0.1,61.88,55.69,47.95,7.74,2025-09,2025-09-08/2025-09-14,0.13898365954390376
ORD-503168,2025-07-18,SKU-1002,Bluetooth Speaker,Premium,Electronics,Nova Supply Co.,Retail Store,Semarang,Card,1,110.05,0.0,110.05,110.05,87.34,22.71,2025-07,2025-07-14/2025-07-20,0.20636074511585645
ORD-503169,2025-11-21,SKU-1036,Monitor Stand,Premium,Office,Nova Supply Co.,Retail Store,Makassar,Card,1,158.85,0.05,158.85,150.91,110.27,40.64,2025-11,2025-11-17/2025-11-23,0.26929958253263536
ORD-503170,2025-11-21,SKU-1036,Monitor Stand,Premium,Office,Nova Supply Co.,Retail Store,Jakarta,Card,1,158.85,0.05,158.85,150.91,110.27,40.64,2025-11,2025-11-17/2025-11-23,0.26929958253263536
ORD-503171,2025-12-23,SKU-1019,Electric Kettle,Standard,Home & Kitchen,Nova Supply Co.,Marketplace,Surabaya,Card,3,88.16,0.1,264.48,238.03,159.06,78.97,2025-12,2025-12-22/2025-12-28,0.3317649035835819
ORD-503172,2025-04-29,SKU-1033,Gel Pen Set,Standard,Office,Aster Distribution,Retail Store,Jakarta,E-Wallet,1,82.15,0.05,82.15,78.04,65.35,12.69,2025-04,2025-04-28/2025-05-04,0.16260891850333162
ORD-503173,2025-10-22,SKU-1035,Monitor Stand,Standard,Office,Brightline Wholesale,Online,Surabaya,E-Wallet,3,61.43,0.1,184.29,165.86,101.1,64.76,2025-10,2025-10-20/2025-10-26,0.3904497769202942
ORD-503174,2025-03-19,SKU-1056,Resistance Bands,Pro,Sports,Nova Supply Co.,Online,Bandung,Card,1,37.19,0.05,37.19,35.33,21.86,13.47,2025-03,2025-03-17/2025-03-23,0.38126238324370226
ORD-503175,2025-03-30,SKU-1002,Bluetooth Speaker,Premium,Electronics,Nova Supply Co.,Marketplace,Makassar,E-Wallet,1,110.05,0.1,110.05,99.04,87.34,11.7,2025-03,2025-03-24/2025-03-30,0.11813408723747978
ORD-503176,2025-05-23,SKU-1012,USB-C Hub,Pro,Electronics,Nova Supply Co.,Online,Bandung,E-Wallet,1,66.9,0.15,66.9,56.86,46.06,10.8,2025-05,2025-05-19/2025-05-25,0.18994020400984876
ORD-503177,2025-10-31,SKU-1065,Dumbbell Set,Pro,Sports,Urban Source Ltd.,Marketplace,Surabaya,E-Wallet,3,18.33,0.0,54.99,54.99,32.28,22.71,2025-10,2025-10-27/2025-11-02,0.41298417894162576
ORD-503178,2025-03-17,SKU-1004,Wireless Earbuds,Standard,Electronics,Aster Distribution,Marketplace,Semarang,Cash,3,77.45,0.05,232.35,220.73,166.41,54.32,2025-03,2025-03-17/2025-03-23,0.24609251121279394
ORD-503179,2025-04-23,SKU-1035,Monitor Stand,Standard,Office,Brightline Wholesale,Online,Jakarta,Card,1,61.43,0.1,61.43,55.29,33.7,21.59,2025-04,2025-04-21/2025-04-27,0.3904865255923313
ORD-503180,2025-06-02,SKU-1035,Monitor Stand,Standard,Office,Brightline Wholesale,Online,Jakarta,Card,2,61.43,0.0,122.86,122.86,67.4,55.46,2025-06,2025-06-02/2025-06-08,0.45140810678821425
ORD-503181,2025-10-26,SKU-1053,Yoga Mat,Pro,Sports,Brightline Wholesale,Online,Medan,Bank Transfer,1,30.37,0.1,30.37,27.33,19.3,8.03,2025-10,2025-10-20/2025-10-26,0.2938163190633004
ORD-503182,2025-03-05,SKU-1035,Monitor Stand,Standard,Office,Brightline Wholesale,Online,Jakarta,Bank Transfer,1,61.43,0.0,61.43,61.43,33.7,27.73,2025-03,2025-03-03/2025-03-09,0.45140810678821425
ORD-503183,2025-09-11,SKU-1025,Desk Lamp,Standard,Home & Kitchen,Urban Source Ltd.,Retail Store,Jakarta,Card,1,104.17,0.15,104.17,88.54,78.6,9.94,2025-09,2025-09-08/2025-09-14,0.112265642647391
ORD-503184,2025-04-02,SKU-1026,Desk Lamp,Premium,Home & Kitchen,Peak Imports,Retail Store,Bandung,Card,1,42.39,0.0,42.39,42.39,31.28,11.11,2025-04,2025-03-31/2025-04-06,0.2620901155933003
ORD-503185,2025-02-22,SKU-1018,Air Fryer,Pro,Home & Kitchen,Peak Imports,Marketplace,Makassar,Card,3,12.8,0.0,38.4,38.4,23.04,15.36,2025-02,2025-02-17/2025-02-23,0.4
ORD-503186,2025-12-14,SKU-1056,Resistance Bands,Pro,Sports,Nova Supply Co.,Marketplace,Semarang,E-Wallet,1,37.19,0.1,37.19,33.47,21.86,11.61,2025-12,2025-12-08/2025-12-14,0.3468778010158351
ORD-503187,2025-01-22,SKU-1036,Monitor Stand,Premium,Office,Nova Supply Co.,Online,Yogyakarta,Card,1,158.85,0.0,158.85,158.85,110.27,48.58,2025-01,2025-01-20/2025-01-26,0.3058231035568146
ORD-503188,2025-04-27,SKU-1049,Makeup Brush Set,Standard,Beauty,Nova Supply Co.,Online,Jakarta,Card,1,34.46,0.05,34.46,32.74,25.68,7.06,2025-04,2025-04-21/2025-04-27,0.21563836285888818
ORD-503189,2025-06-22,SKU-1039,Office Chair,Standard,Office,Nova Supply Co.,Retail Store,Jakarta,Card,1,42.18,0.1,42.18,37.96,24.47,13.49,2025-06,2025-06-16/2025-06-22,0.3553740779768177
ORD-503190,2025-03-13,SKU-1041,Face Cleanser,Standard,Beauty,Brightline Wholesale,Marketplace,Bandung,Card,1,40.88,0.15,40.88,34.75,26.08,8.67,2025-03,2025-03-10/2025-03-16,0.24949640287769784
ORD-503191,2025-11-15,SKU-1014,Mechanical Keyboard,Premium,Electronics,Nova Supply Co.,Online,Jakarta,Bank Transfer,1,106.42,0.0,106.42,106.42,74.24,32.18,2025-11,2025-11-10/2025-11-16,0.3023867694042473
ORD-503192,2025-01-21,SKU-1054,Resistance Bands,Standard,Sports,Peak Imports,Retail Store,Medan,Cash,2,67.42,0.05,134.84,128.1,106.5,21.6,2025-01,2025-01-20/2025-01-26,0.16861826697892274
ORD-503193,2025-05-13,SKU-1002,Bluetooth Speaker,Premium,Electronics,Nova Supply Co.,Marketplace,Surabaya,Card,2,110.05,0.0,220.1,220.1,174.68,45.42,2025-05,2025-05-12/2025-05-18,0.20636074511585645
ORD-503194,2025-12-23,SKU-1004,Wireless Earbuds,Standard,Electronics,Aster Distribution,Online,Yogyakarta,E-Wallet,1,77.45,0.0,77.45,77.45,55.47,21.98,2025-12,2025-12-22/2025-12-28,0.28379599741768885
ORD-503195,2025-07-11,SKU-1061,Running Belt,Premium,Sports,Aster Distribution,Wholesale,Yogyakarta,E-Wallet,1,76.7,0.0,76.7,76.7,43.71,32.99,2025-07,2025-07-07/2025-07-13,0.4301173402868318
ORD-503196,2025-08-05,SKU-1005,Wireless Earbuds,Premium,Electronics,Aster Distribution,Online,Jakarta,Card,1,102.99,0.05,102.99,97.84,60.73,37.11,2025-08,2025-08-04/2025-08-10,0.3792927228127555
ORD-503197,2025-08-30,SKU-1041,Face Cleanser,Standard,Beauty,Brightline Wholesale,Online,Makassar,E-Wallet,1,40.88,0.15,40.88,34.75,26.08,8.67,2025-08,2025-08-25/2025-08-31,0.24949640287769784
ORD-503198,2025-10-12,SKU-1050,Makeup Brush Set,Premium,Beauty,Peak Imports,Marketplace,Yogyakarta,Card,2,37.2,0.0,74.4,74.4,51.86,22.54,2025-10,2025-10-06/2025-10-12,0.3029569892473118
ORD-503199,2025-10-29,SKU-1015,Mechanical Keyboard,Pro,Electronics,Aster Distribution,Marketplace,Bandung,Card,1,110.43,0.05,110.43,104.91,80.89,24.02,2025-10,2025-10-27/2025-11-02,0.22895815460871224
ORD-503200,2025-08-15,SKU-1001,Bluetooth Speaker,Standard,Electronics,Nova Supply Co.,Online,Semarang,Bank Transfer,1,120.16,0.0,120.16,120.16,83.77,36.39,2025-08,2025-08-11/2025-08-17,0.3028462050599201
